eps_nom,phi_deg,eps_theta_inner,eps_theta_outer
0.0091,0.5357,0.007436,0.008558
0.0091,1.6071,0.007802,0.008542
0.0091,2.6786,0.008010,0.008511
0.0091,3.7500,0.008165,0.008463
0.0091,4.8214,0.008378,0.008401
0.0091,5.8929,0.008632,0.008230
0.0091,6.9643,0.008899,0.007921
0.0091,8.0357,0.009235,0.007486
0.0091,9.1071,0.009484,0.007076
0.0091,10.1786,0.009949,0.006758
0.0091,11.2500,0.009929,0.006576
0.0091,12.3214,0.010875,0.006473
0.0091,13.3929,0.011212,0.006430
0.0091,14.4643,0.010312,0.006409
0.0091,15.5357,0.010296,0.006402
0.0091,16.6071,0.011163,0.006412
0.0091,17.6786,0.010794,0.006442
0.0091,18.7500,0.009833,0.006536
0.0091,19.8214,0.009841,0.006711
0.0091,20.8929,0.009364,0.007025
0.0091,21.9643,0.009107,0.007436
0.0091,23.0357,0.008765,0.007875
0.0091,24.1071,0.008499,0.008186
0.0091,25.1786,0.008243,0.008361
0.0091,26.2500,0.008052,0.008427
0.0091,27.3214,0.007829,0.008482
0.0091,28.3929,0.007440,0.008519
0.0091,29.4643,0.007721,0.008543
0.0091,30.5357,0.007881,0.008550
0.0091,31.6071,0.007972,0.008542
0.0091,32.6786,0.008126,0.008517
0.0091,33.7500,0.008301,0.008475
0.0091,34.8214,0.008512,0.008414
0.0091,35.8929,0.008765,0.008244
0.0091,36.9643,0.009024,0.007935
0.0091,38.0357,0.009348,0.007497
0.0091,39.1071,0.009576,0.007081
0.0091,40.1786,0.010026,0.006754
0.0091,41.2500,0.010000,0.006559
0.0091,42.3214,0.010848,0.006443
0.0091,43.3929,0.011170,0.006383
0.0091,44.4643,0.010238,0.006345
0.0091,45.5357,0.010174,0.006321
0.0091,46.6071,0.010997,0.006315
0.0091,47.6786,0.010595,0.006333
0.0091,48.7500,0.009629,0.006414
0.0091,49.8214,0.009621,0.006582
0.0091,50.8929,0.009136,0.006891
0.0091,51.9643,0.008873,0.007302
0.0091,53.0357,0.008533,0.007741
0.0091,54.1071,0.008264,0.008056
0.0091,55.1786,0.008031,0.008235
0.0091,56.2500,0.007770,0.008310
0.0091,57.3214,0.007361,0.008372
0.0091,58.3929,0.007606,0.008419
0.0091,59.4643,0.007796,0.008451
0.0091,60.5357,0.007865,0.008467
0.0091,61.6071,0.007980,0.008466
0.0091,62.6786,0.008133,0.008451
0.0091,63.7500,0.008316,0.008413
0.0091,64.8214,0.008529,0.008359
0.0091,65.8929,0.008781,0.008187
0.0091,66.9643,0.009033,0.007874
0.0091,68.0357,0.009348,0.007433
0.0091,69.1071,0.009561,0.007015
0.0091,70.1786,0.009994,0.006686
0.0091,71.2500,0.009955,0.006486
0.0091,72.3214,0.010774,0.006360
0.0091,73.3929,0.011075,0.006290
0.0091,74.4643,0.010123,0.006242
0.0091,75.5357,0.010036,0.006209
0.0091,76.6071,0.010831,0.006194
0.0091,77.6786,0.010414,0.006204
0.0091,78.7500,0.009451,0.006280
0.0091,79.8214,0.009435,0.006444
0.0091,80.8929,0.008949,0.006749
0.0091,81.9643,0.008684,0.007154
0.0091,83.0357,0.008344,0.007592
0.0091,84.1071,0.008077,0.007911
0.0091,85.1786,0.007847,0.008095
0.0091,86.2500,0.007572,0.008176
0.0091,87.3214,0.007216,0.008245
0.0091,88.3929,0.007528,0.008295
0.0091,89.4643,0.007701,0.008324
0.0091,90.5357,0.007772,0.008364
0.0091,91.6071,0.007890,0.008359
0.0091,92.6786,0.008049,0.008345
0.0091,93.7500,0.008235,0.008311
0.0091,94.8214,0.008452,0.008255
0.0091,95.8929,0.008706,0.008081
0.0091,96.9643,0.008957,0.007765
0.0091,98.0357,0.009270,0.007324
0.0091,99.1071,0.009479,0.006911
0.0091,100.1786,0.009906,0.006586
0.0091,101.2500,0.009864,0.006388
0.0091,102.3214,0.010672,0.006260
0.0091,103.3929,0.010968,0.006191
0.0091,104.4643,0.010016,0.006139
0.0091,105.5357,0.009925,0.006103
0.0091,106.6071,0.010709,0.006085
0.0091,107.6786,0.010294,0.006093
0.0091,108.7500,0.009337,0.006163
0.0091,109.8214,0.009316,0.006322
0.0091,110.8929,0.008832,0.006619
0.0091,111.9643,0.008565,0.007015
0.0091,113.0357,0.008224,0.007449
0.0091,114.1071,0.007956,0.007770
0.0091,115.1786,0.007723,0.007958
0.0091,116.2500,0.007452,0.008042
0.0091,117.3214,0.007072,0.008112
0.0091,118.3929,0.007350,0.008164
0.0091,119.4643,0.007530,0.008202
0.0091,120.5357,0.007602,0.008223
0.0091,121.6071,0.007721,0.008226
0.0091,122.6786,0.007884,0.008213
0.0091,123.7500,0.008074,0.008178
0.0091,124.8214,0.008296,0.008120
0.0091,125.8929,0.008557,0.007946
0.0091,126.9643,0.008817,0.007633
0.0091,128.0357,0.009138,0.007199
0.0091,129.1071,0.009359,0.006798
0.0091,130.1786,0.009793,0.006486
0.0091,131.2500,0.009765,0.006298
0.0091,132.3214,0.010581,0.006180
0.0091,133.3929,0.010887,0.006117
0.0091,134.4643,0.009958,0.006073
0.0091,135.5357,0.009885,0.006044
0.0091,136.6071,0.010680,0.006030
0.0091,137.6786,0.010281,0.006040
0.0091,138.7500,0.009332,0.006109
0.0091,139.8214,0.009313,0.006261
0.0091,140.8929,0.008831,0.006546
0.0091,141.9643,0.008562,0.006928
0.0091,143.0357,0.008216,0.007354
0.0091,144.1071,0.007946,0.007672
0.0091,145.1786,0.007687,0.007859
0.0091,146.2500,0.007495,0.007938
0.0091,147.3214,0.007258,0.008005
0.0091,148.3929,0.006913,0.008048
0.0091,149.4643,0.007238,0.008080
0.0091,150.5357,0.007388,0.008095
0.0091,151.6071,0.007487,0.008092
0.0091,152.6786,0.007651,0.008072
0.0091,153.7500,0.007840,0.008031
0.0091,154.8214,0.008067,0.007970
0.0091,155.8929,0.008334,0.007794
0.0091,156.9643,0.008606,0.007486
0.0091,158.0357,0.008944,0.007065
0.0091,159.1071,0.009188,0.006679
0.0091,160.1786,0.009641,0.006383
0.0091,161.2500,0.009638,0.006212
0.0091,162.3214,0.010482,0.006112
0.0091,163.3929,0.010815,0.006066
0.0091,164.4643,0.009932,0.006039
0.0091,165.5357,0.009899,0.006026
0.0091,166.6071,0.010731,0.006027
0.0091,167.6786,0.010366,0.006049
0.0091,168.7500,0.009430,0.006126
0.0091,169.8214,0.009423,0.006280
0.0091,170.8929,0.008953,0.006562
0.0091,171.9643,0.008687,0.006937
0.0091,173.0357,0.008341,0.007355
0.0091,174.1071,0.008062,0.007667
0.0091,175.1786,0.007799,0.007849
0.0091,176.2500,0.007576,0.007921
0.0091,177.3214,0.007411,0.007975
0.0091,178.3929,0.007216,0.008009
0.0091,179.4643,0.006867,0.008027
0.0091,180.5357,0.007122,0.008030
0.0091,181.6071,0.007293,0.008014
0.0091,182.6786,0.007436,0.007983
0.0091,183.7500,0.007619,0.007932
0.0091,184.8214,0.007841,0.007863
0.0091,185.8929,0.008107,0.007683
0.0091,186.9643,0.008385,0.007373
0.0091,188.0357,0.008731,0.006956
0.0091,189.1071,0.008995,0.006581
0.0091,190.1786,0.009462,0.006298
0.0091,191.2500,0.009466,0.006142
0.0091,192.3214,0.010398,0.006061
0.0091,193.3929,0.010753,0.006036
0.0091,194.4643,0.009912,0.006031
0.0091,195.5357,0.009932,0.006040
0.0091,196.6071,0.010817,0.006062
0.0091,197.6786,0.010495,0.006104
0.0091,198.7500,0.009585,0.006200
0.0091,199.8214,0.009599,0.006367
0.0091,200.8929,0.009153,0.006660
0.0091,201.9643,0.008901,0.007042
0.0091,203.0357,0.008563,0.007462
0.0091,204.1071,0.008288,0.007769
0.0091,205.1786,0.008020,0.007943
0.0091,206.2500,0.007792,0.008007
0.0091,207.3214,0.007605,0.008048
0.0091,208.3929,0.007441,0.008070
0.0091,209.4643,0.007343,0.008075
0.0091,210.5357,0.007187,0.008062
0.0091,211.6071,0.006900,0.008033
0.0091,212.6786,0.007273,0.007990
0.0091,213.7500,0.007501,0.007927
0.0091,214.8214,0.007697,0.007847
0.0091,215.8929,0.007957,0.007661
0.0091,216.9643,0.008230,0.007345
0.0091,218.0357,0.008576,0.006921
0.0091,219.1071,0.008845,0.006542
0.0091,220.1786,0.009325,0.006257
0.0091,221.2500,0.009344,0.006108
0.0091,222.3214,0.010291,0.006037
0.0091,223.3929,0.010684,0.006026
0.0091,224.4643,0.009884,0.006038
0.0091,225.5357,0.009953,0.006065
0.0091,226.6071,0.010874,0.006106
0.0091,227.6786,0.010564,0.006167
0.0091,228.7500,0.009744,0.006281
0.0091,229.8214,0.009768,0.006467
0.0091,230.8929,0.009331,0.006776
0.0091,231.9643,0.009106,0.007174
0.0091,233.0357,0.008782,0.007605
0.0091,234.1071,0.008520,0.007918
0.0091,235.1786,0.008257,0.008092
0.0091,236.2500,0.008034,0.008150
0.0091,237.3214,0.007844,0.008185
0.0091,238.3929,0.007680,0.008199
0.0091,239.4643,0.007562,0.008198
0.0091,240.5357,0.007490,0.008177
0.0091,241.6071,0.007308,0.008139
0.0091,242.6786,0.007048,0.008088
0.0091,243.7500,0.007444,0.008018
0.0091,244.8214,0.007709,0.007936
0.0091,245.8929,0.007943,0.007746
0.0091,246.9643,0.008213,0.007425
0.0091,248.0357,0.008555,0.006993
0.0091,249.1071,0.008822,0.006598
0.0091,250.1786,0.009306,0.006303
0.0091,251.2500,0.009326,0.006146
0.0091,252.3214,0.010281,0.006076
0.0091,253.3929,0.010695,0.006070
0.0091,254.4643,0.009910,0.006087
0.0091,255.5357,0.009999,0.006122
0.0091,256.6071,0.010949,0.006172
0.0091,257.6786,0.010652,0.006243
0.0091,258.7500,0.009845,0.006369
0.0091,259.8214,0.009885,0.006565
0.0091,260.8929,0.009458,0.006888
0.0091,261.9643,0.009247,0.007300
0.0091,263.0357,0.008934,0.007740
0.0091,264.1071,0.008681,0.008056
0.0091,265.1786,0.008427,0.008230
0.0091,266.2500,0.008209,0.008286
0.0091,267.3214,0.008022,0.008320
0.0091,268.3929,0.007862,0.008334
0.0091,269.4643,0.007743,0.008338
0.0091,270.5357,0.007672,0.008298
0.0091,271.6071,0.007500,0.008268
0.0091,272.6786,0.007186,0.008218
0.0091,273.7500,0.007541,0.008148
0.0091,274.8214,0.007816,0.008067
0.0091,275.8929,0.008046,0.007881
0.0091,276.9643,0.008313,0.007562
0.0091,278.0357,0.008653,0.007124
0.0091,279.1071,0.008918,0.006720
0.0091,280.1786,0.009404,0.006416
0.0091,281.2500,0.009421,0.006253
0.0091,282.3214,0.010383,0.006179
0.0091,283.3929,0.010801,0.006170
0.0091,284.4643,0.010009,0.006186
0.0091,285.5357,0.010099,0.006219
0.0091,286.6071,0.011053,0.006270
0.0091,287.6786,0.010755,0.006340
0.0091,288.7500,0.009939,0.006466
0.0091,289.8214,0.009979,0.006668
0.0091,290.8929,0.009549,0.006996
0.0091,291.9643,0.009337,0.007413
0.0091,293.0357,0.009024,0.007857
0.0091,294.1071,0.008773,0.008169
0.0091,295.1786,0.008521,0.008342
0.0091,296.2500,0.008306,0.008397
0.0091,297.3214,0.008125,0.008432
0.0091,298.3929,0.007968,0.008447
0.0091,299.4643,0.007854,0.008448
0.0091,300.5357,0.007787,0.008429
0.0091,301.6071,0.007601,0.008396
0.0091,302.6786,0.007329,0.008349
0.0091,303.7500,0.007722,0.008285
0.0091,304.8214,0.007991,0.008208
0.0091,305.8929,0.008224,0.008029
0.0091,306.9643,0.008492,0.007712
0.0091,308.0357,0.008833,0.007274
0.0091,309.1071,0.009095,0.006864
0.0091,310.1786,0.009582,0.006555
0.0091,311.2500,0.009592,0.006388
0.0091,312.3214,0.010557,0.006307
0.0091,313.3929,0.010963,0.006291
0.0091,314.4643,0.010147,0.006301
0.0091,315.5357,0.010216,0.006326
0.0091,316.6071,0.011155,0.006367
0.0091,317.6786,0.010836,0.006428
0.0091,318.7500,0.009997,0.006549
0.0091,319.8214,0.010025,0.006744
0.0091,320.8929,0.009578,0.007072
0.0091,321.9643,0.009354,0.007487
0.0091,323.0357,0.009032,0.007927
0.0091,324.1071,0.008775,0.008237
0.0091,325.1786,0.008523,0.008407
0.0091,326.2500,0.008310,0.008466
0.0091,327.3214,0.008134,0.008508
0.0091,328.3929,0.007979,0.008530
0.0091,329.4643,0.007890,0.008538
0.0091,330.5357,0.007735,0.008528
0.0091,331.6071,0.007413,0.008503
0.0091,332.6786,0.007774,0.008464
0.0091,333.7500,0.008011,0.008407
0.0091,334.8214,0.008199,0.008340
0.0091,335.8929,0.008455,0.008164
0.0091,336.9643,0.008720,0.007853
0.0091,338.0357,0.009063,0.007413
0.0091,339.1071,0.009320,0.007003
0.0091,340.1786,0.009800,0.006690
0.0091,341.2500,0.009798,0.006517
0.0091,342.3214,0.010762,0.006428
0.0091,343.3929,0.011136,0.006399
0.0091,344.4643,0.010277,0.006394
0.0091,345.5357,0.010308,0.006404
0.0091,346.6071,0.011220,0.006430
0.0091,347.6786,0.010886,0.006476
0.0091,348.7500,0.009950,0.006583
0.0091,349.8214,0.009975,0.006767
0.0091,350.8929,0.009519,0.007087
0.0091,351.9643,0.009271,0.007497
0.0091,353.0357,0.008938,0.007933
0.0091,354.1071,0.008672,0.008240
0.0091,355.1786,0.008417,0.008410
0.0091,356.2500,0.008208,0.008470
0.0091,357.3214,0.008029,0.008517
0.0091,358.3929,0.007909,0.008545
0.0091,359.4643,0.007748,0.008561
0.0182,0.5357,0.015423,0.017267
0.0182,1.6071,0.016001,0.017234
0.0182,2.6786,0.016410,0.017164
0.0182,3.7500,0.016708,0.017035
0.0182,4.8214,0.017098,0.016856
0.0182,5.8929,0.017564,0.016447
0.0182,6.9643,0.018037,0.015795
0.0182,8.0357,0.018650,0.014919
0.0182,9.1071,0.019076,0.014143
0.0182,10.1786,0.020035,0.013527
0.0182,11.2500,0.019827,0.013176
0.0182,12.3214,0.021576,0.012962
0.0182,13.3929,0.021745,0.012873
0.0182,14.4643,0.020028,0.012824
0.0182,15.5357,0.020000,0.012811
0.0182,16.6071,0.021661,0.012838
0.0182,17.6786,0.021440,0.012905
0.0182,18.7500,0.019666,0.013105
0.0182,19.8214,0.019826,0.013445
0.0182,20.8929,0.018847,0.014058
0.0182,21.9643,0.018420,0.014836
0.0182,23.0357,0.017789,0.015716
0.0182,24.1071,0.017319,0.016369
0.0182,25.1786,0.016843,0.016782
0.0182,26.2500,0.016491,0.016959
0.0182,27.3214,0.016030,0.017096
0.0182,28.3929,0.015368,0.017174
0.0182,29.4643,0.015828,0.017221
0.0182,30.5357,0.016148,0.017231
0.0182,31.6071,0.016305,0.017207
0.0182,32.6786,0.016582,0.017142
0.0182,33.7500,0.016905,0.017013
0.0182,34.8214,0.017286,0.016830
0.0182,35.8929,0.017747,0.016416
0.0182,36.9643,0.018203,0.015761
0.0182,38.0357,0.018796,0.014882
0.0182,39.1071,0.019219,0.014098
0.0182,40.1786,0.020074,0.013470
0.0182,41.2500,0.019826,0.013100
0.0182,42.3214,0.021510,0.012859
0.0182,43.3929,0.021619,0.012743
0.0182,44.4643,0.019844,0.012661
0.0182,45.5357,0.019741,0.012618
0.0182,46.6071,0.021323,0.012615
0.0182,47.6786,0.021052,0.012660
0.0182,48.7500,0.019272,0.012841
0.0182,49.8214,0.019374,0.013172
0.0182,50.8929,0.018390,0.013781
0.0182,51.9643,0.017959,0.014559
0.0182,53.0357,0.017324,0.015434
0.0182,54.1071,0.016849,0.016091
0.0182,55.1786,0.016405,0.016507
0.0182,56.2500,0.015897,0.016695
0.0182,57.3214,0.015159,0.016839
0.0182,58.3929,0.015559,0.016931
0.0182,59.4643,0.015936,0.016992
0.0182,60.5357,0.016041,0.017016
0.0182,61.6071,0.016245,0.017001
0.0182,62.6786,0.016517,0.016946
0.0182,63.7500,0.016852,0.016820
0.0182,64.8214,0.017232,0.016639
0.0182,65.8929,0.017691,0.016217
0.0182,66.9643,0.018132,0.015557
0.0182,68.0357,0.018712,0.014678
0.0182,69.1071,0.019116,0.013895
0.0182,70.1786,0.019931,0.013262
0.0182,71.2500,0.019660,0.012884
0.0182,72.3214,0.021286,0.012629
0.0182,73.3929,0.021355,0.012495
0.0182,74.4643,0.019552,0.012395
0.0182,75.5357,0.019405,0.012333
0.0182,76.6071,0.020934,0.012314
0.0182,77.6786,0.020641,0.012346
0.0182,78.7500,0.018857,0.012518
0.0182,79.8214,0.018932,0.012840
0.0182,80.8929,0.017953,0.013438
0.0182,81.9643,0.017518,0.014205
0.0182,83.0357,0.016880,0.015068
0.0182,84.1071,0.016405,0.015725
0.0182,85.1786,0.015968,0.016149
0.0182,86.2500,0.015422,0.016344
0.0182,87.3214,0.014793,0.016499
0.0182,88.3929,0.015289,0.016589
0.0182,89.4643,0.015641,0.016628
0.0182,90.5357,0.015749,0.016733
0.0182,91.6071,0.015962,0.016695
0.0182,92.6786,0.016237,0.016631
0.0182,93.7500,0.016577,0.016510
0.0182,94.8214,0.016962,0.016323
0.0182,95.8929,0.017425,0.015895
0.0182,96.9643,0.017864,0.015230
0.0182,98.0357,0.018444,0.014364
0.0182,99.1071,0.018849,0.013592
0.0182,100.1786,0.019637,0.012971
0.0182,101.2500,0.019373,0.012597
0.0182,102.3214,0.020972,0.012344
0.0182,103.3929,0.021029,0.012207
0.0182,104.4643,0.019243,0.012104
0.0182,105.5357,0.019092,0.012039
0.0182,106.6071,0.020596,0.012018
0.0182,107.6786,0.020308,0.012048
0.0182,108.7500,0.018550,0.012211
0.0182,109.8214,0.018614,0.012525
0.0182,110.8929,0.017644,0.013105
0.0182,111.9643,0.017205,0.013857
0.0182,113.0357,0.016568,0.014708
0.0182,114.1071,0.016089,0.015362
0.0182,115.1786,0.015647,0.015795
0.0182,116.2500,0.015118,0.016001
0.0182,117.3214,0.014448,0.016156
0.0182,118.3929,0.014878,0.016259
0.0182,119.4643,0.015237,0.016327
0.0182,120.5357,0.015345,0.016358
0.0182,121.6071,0.015556,0.016346
0.0182,122.6786,0.015836,0.016292
0.0182,123.7500,0.016180,0.016165
0.0182,124.8214,0.016572,0.015976
0.0182,125.8929,0.017042,0.015544
0.0182,126.9643,0.017499,0.014887
0.0182,128.0357,0.018083,0.014040
0.0182,129.1071,0.018503,0.013290
0.0182,130.1786,0.019317,0.012692
0.0182,131.2500,0.019082,0.012333
0.0182,132.3214,0.020678,0.012097
0.0182,133.3929,0.020758,0.011973
0.0182,134.4643,0.019019,0.011884
0.0182,135.5357,0.018902,0.011833
0.0182,136.6071,0.020417,0.011821
0.0182,137.6786,0.020155,0.011856
0.0182,138.7500,0.018441,0.012020
0.0182,139.8214,0.018513,0.012320
0.0182,140.8929,0.017548,0.012880
0.0182,141.9643,0.017106,0.013606
0.0182,143.0357,0.016466,0.014444
0.0182,144.1071,0.015990,0.015092
0.0182,145.1786,0.015512,0.015528
0.0182,146.2500,0.015157,0.015732
0.0182,147.3214,0.014675,0.015885
0.0182,148.3929,0.014109,0.015977
0.0182,149.4643,0.014610,0.016037
0.0182,150.5357,0.014902,0.016055
0.0182,151.6071,0.015070,0.016037
0.0182,152.6786,0.015358,0.015974
0.0182,153.7500,0.015695,0.015845
0.0182,154.8214,0.016096,0.015648
0.0182,155.8929,0.016572,0.015216
0.0182,156.9643,0.017053,0.014572
0.0182,158.0357,0.017652,0.013745
0.0182,159.1071,0.018079,0.013019
0.0182,160.1786,0.018994,0.012448
0.0182,161.2500,0.018798,0.012117
0.0182,162.3214,0.020424,0.011907
0.0182,163.3929,0.020552,0.011814
0.0182,164.4643,0.018895,0.011757
0.0182,165.5357,0.018847,0.011736
0.0182,166.6071,0.020420,0.011752
0.0182,167.6786,0.020215,0.011810
0.0182,168.7500,0.018536,0.011989
0.0182,169.8214,0.018657,0.012296
0.0182,170.8929,0.017711,0.012849
0.0182,171.9643,0.017268,0.013566
0.0182,173.0357,0.016642,0.014391
0.0182,174.1071,0.016155,0.015040
0.0182,175.1786,0.015681,0.015475
0.0182,176.2500,0.015283,0.015681
0.0182,177.3214,0.014975,0.015824
0.0182,178.3929,0.014586,0.015903
0.0182,179.4643,0.014033,0.015942
0.0182,180.5357,0.014424,0.015948
0.0182,181.6071,0.014762,0.015909
0.0182,182.6786,0.015011,0.015833
0.0182,183.7500,0.015345,0.015691
0.0182,184.8214,0.015737,0.015488
0.0182,185.8929,0.016214,0.015052
0.0182,186.9643,0.016698,0.014407
0.0182,188.0357,0.017322,0.013581
0.0182,189.1071,0.017761,0.012866
0.0182,190.1786,0.018702,0.012309
0.0182,191.2500,0.018571,0.011999
0.0182,192.3214,0.020242,0.011815
0.0182,193.3929,0.020432,0.011751
0.0182,194.4643,0.018845,0.011728
0.0182,195.5357,0.018876,0.011743
0.0182,196.6071,0.020523,0.011792
0.0182,197.6786,0.020383,0.011880
0.0182,198.7500,0.018741,0.012084
0.0182,199.8214,0.018926,0.012410
0.0182,200.8929,0.018008,0.012978
0.0182,201.9643,0.017577,0.013700
0.0182,203.0357,0.016973,0.014526
0.0182,204.1071,0.016490,0.015169
0.0182,205.1786,0.016014,0.015600
0.0182,206.2500,0.015614,0.015799
0.0182,207.3214,0.015278,0.015930
0.0182,208.3929,0.014991,0.015995
0.0182,209.4643,0.014828,0.016016
0.0182,210.5357,0.014527,0.016001
0.0182,211.6071,0.014079,0.015944
0.0182,212.6786,0.014699,0.015855
0.0182,213.7500,0.015160,0.015702
0.0182,214.8214,0.015520,0.015497
0.0182,215.8929,0.015999,0.015061
0.0182,216.9643,0.016476,0.014414
0.0182,218.0357,0.017116,0.013579
0.0182,219.1071,0.017560,0.012856
0.0182,220.1786,0.018524,0.012298
0.0182,221.2500,0.018437,0.011999
0.0182,222.3214,0.020145,0.011833
0.0182,223.3929,0.020402,0.011797
0.0182,224.4643,0.018879,0.011804
0.0182,225.5357,0.018985,0.011851
0.0182,226.6071,0.020710,0.011935
0.0182,227.6786,0.020624,0.012054
0.0182,228.7500,0.019022,0.012287
0.0182,229.8214,0.019250,0.012640
0.0182,230.8929,0.018430,0.013233
0.0182,231.9643,0.018006,0.013979
0.0182,233.0357,0.017419,0.014823
0.0182,234.1071,0.016958,0.015477
0.0182,235.1786,0.016486,0.015909
0.0182,236.2500,0.016092,0.016099
0.0182,237.3214,0.015749,0.016227
0.0182,238.3929,0.015468,0.016283
0.0182,239.4643,0.015258,0.016295
0.0182,240.5357,0.015151,0.016265
0.0182,241.6071,0.014791,0.016199
0.0182,242.6786,0.014391,0.016096
0.0182,243.7500,0.015090,0.015942
0.0182,244.8214,0.015606,0.015734
0.0182,245.8929,0.016051,0.015301
0.0182,246.9643,0.016532,0.014646
0.0182,248.0357,0.017166,0.013798
0.0182,249.1071,0.017608,0.013050
0.0182,250.1786,0.018576,0.012473
0.0182,251.2500,0.018512,0.012162
0.0182,252.3214,0.020262,0.011999
0.0182,253.3929,0.020547,0.011969
0.0182,254.4643,0.019043,0.011989
0.0182,255.5357,0.019190,0.012052
0.0182,256.6071,0.020968,0.012153
0.0182,257.6786,0.020907,0.012288
0.0182,258.7500,0.019316,0.012539
0.0182,259.8214,0.019576,0.012910
0.0182,260.8929,0.018776,0.013528
0.0182,261.9643,0.018370,0.014295
0.0182,263.0357,0.017794,0.015157
0.0182,264.1071,0.017350,0.015820
0.0182,265.1786,0.016887,0.016249
0.0182,266.2500,0.016500,0.016437
0.0182,267.3214,0.016159,0.016558
0.0182,268.3929,0.015882,0.016621
0.0182,269.4643,0.015669,0.016658
0.0182,270.5357,0.015559,0.016553
0.0182,271.6071,0.015210,0.016513
0.0182,272.6786,0.014713,0.016422
0.0182,273.7500,0.015337,0.016266
0.0182,274.8214,0.015883,0.016070
0.0182,275.8929,0.016321,0.015644
0.0182,276.9643,0.016796,0.014988
0.0182,278.0357,0.017435,0.014128
0.0182,279.1071,0.017871,0.013363
0.0182,280.1786,0.018849,0.012769
0.0182,281.2500,0.018779,0.012449
0.0182,282.3214,0.020559,0.012280
0.0182,283.3929,0.020854,0.012248
0.0182,284.4643,0.019336,0.012269
0.0182,285.5357,0.019488,0.012333
0.0182,286.6071,0.021291,0.012436
0.0182,287.6786,0.021229,0.012573
0.0182,288.7500,0.019611,0.012829
0.0182,289.8214,0.019885,0.013209
0.0182,290.8929,0.019076,0.013840
0.0182,291.9643,0.018674,0.014623
0.0182,293.0357,0.018096,0.015500
0.0182,294.1071,0.017656,0.016163
0.0182,295.1786,0.017198,0.016585
0.0182,296.2500,0.016816,0.016768
0.0182,297.3214,0.016480,0.016894
0.0182,298.3929,0.016208,0.016948
0.0182,299.4643,0.016000,0.016960
0.0182,300.5357,0.015897,0.016934
0.0182,301.6071,0.015522,0.016871
0.0182,302.6786,0.015088,0.016776
0.0182,303.7500,0.015789,0.016631
0.0182,304.8214,0.016312,0.016440
0.0182,305.8929,0.016755,0.016023
0.0182,306.9643,0.017230,0.015364
0.0182,308.0357,0.017865,0.014492
0.0182,309.1071,0.018297,0.013715
0.0182,310.1786,0.019280,0.013108
0.0182,311.2500,0.019185,0.012778
0.0182,312.3214,0.020966,0.012600
0.0182,313.3929,0.021243,0.012558
0.0182,314.4643,0.019675,0.012564
0.0182,315.5357,0.019791,0.012614
0.0182,316.6071,0.021572,0.012700
0.0182,317.6786,0.021474,0.012820
0.0182,318.7500,0.019803,0.013064
0.0182,319.8214,0.020059,0.013438
0.0182,320.8929,0.019213,0.014068
0.0182,321.9643,0.018794,0.014851
0.0182,323.0357,0.018206,0.015731
0.0182,324.1071,0.017753,0.016386
0.0182,325.1786,0.017294,0.016803
0.0182,326.2500,0.016911,0.016985
0.0182,327.3214,0.016588,0.017115
0.0182,328.3929,0.016310,0.017178
0.0182,329.4643,0.016152,0.017200
0.0182,330.5357,0.015840,0.017189
0.0182,331.6071,0.015325,0.017138
0.0182,332.6786,0.015927,0.017058
0.0182,333.7500,0.016413,0.016920
0.0182,334.8214,0.016762,0.016741
0.0182,335.8929,0.017239,0.016327
0.0182,336.9643,0.017705,0.015674
0.0182,338.0357,0.018340,0.014794
0.0182,339.1071,0.018768,0.014016
0.0182,340.1786,0.019749,0.013402
0.0182,341.2500,0.019601,0.013065
0.0182,342.3214,0.021379,0.012869
0.0182,343.3929,0.021608,0.012805
0.0182,344.4643,0.019962,0.012786
0.0182,345.5357,0.020011,0.012805
0.0182,346.6071,0.021740,0.012860
0.0182,347.6786,0.021581,0.012954
0.0182,348.7500,0.019843,0.013175
0.0182,349.8214,0.020065,0.013530
0.0182,350.8929,0.019112,0.014149
0.0182,351.9643,0.018693,0.014927
0.0182,353.0357,0.018083,0.015802
0.0182,354.1071,0.017615,0.016452
0.0182,355.1786,0.017148,0.016864
0.0182,356.2500,0.016767,0.017041
0.0182,357.3214,0.016440,0.017170
0.0182,358.3929,0.016209,0.017238
0.0182,359.4643,0.015855,0.017274
0.0273,0.5357,0.023431,0.025866
0.0273,1.6071,0.024211,0.025815
0.0273,2.6786,0.024804,0.025701
0.0273,3.7500,0.025240,0.025484
0.0273,4.8214,0.025789,0.025192
0.0273,5.8929,0.026463,0.024570
0.0273,6.9643,0.027114,0.023632
0.0273,8.0357,0.028059,0.022364
0.0273,9.1071,0.028635,0.021236
0.0273,10.1786,0.029880,0.020314
0.0273,11.2500,0.029555,0.019780
0.0273,12.3214,0.032126,0.019432
0.0273,13.3929,0.032031,0.019281
0.0273,14.4643,0.029499,0.019193
0.0273,15.5357,0.029456,0.019172
0.0273,16.6071,0.031900,0.019224
0.0273,17.6786,0.031938,0.019346
0.0273,18.7500,0.029315,0.019672
0.0273,19.8214,0.029600,0.020184
0.0273,20.8929,0.028309,0.021099
0.0273,21.9643,0.027648,0.022228
0.0273,23.0357,0.026725,0.023496
0.0273,24.1071,0.026073,0.024433
0.0273,25.1786,0.025375,0.025055
0.0273,26.2500,0.024876,0.025335
0.0273,27.3214,0.024191,0.025557
0.0273,28.3929,0.023287,0.025669
0.0273,29.4643,0.023888,0.025743
0.0273,30.5357,0.024354,0.025751
0.0273,31.6071,0.024581,0.025706
0.0273,32.6786,0.024963,0.025591
0.0273,33.7500,0.025429,0.025373
0.0273,34.8214,0.025967,0.025076
0.0273,35.8929,0.026620,0.024454
0.0273,36.9643,0.027274,0.023509
0.0273,38.0357,0.028200,0.022246
0.0273,39.1071,0.028698,0.021115
0.0273,40.1786,0.029890,0.020179
0.0273,41.2500,0.029502,0.019622
0.0273,42.3214,0.031979,0.019242
0.0273,43.3929,0.031815,0.019056
0.0273,44.4643,0.029215,0.018931
0.0273,45.5357,0.029085,0.018876
0.0273,46.6071,0.031426,0.018896
0.0273,47.6786,0.031403,0.018995
0.0273,48.7500,0.028765,0.019295
0.0273,49.8214,0.029003,0.019799
0.0273,50.8929,0.027669,0.020708
0.0273,51.9643,0.027001,0.021842
0.0273,53.0357,0.026098,0.023110
0.0273,54.1071,0.025422,0.024048
0.0273,55.1786,0.024774,0.024672
0.0273,56.2500,0.024042,0.024964
0.0273,57.3214,0.023023,0.025187
0.0273,58.3929,0.023482,0.025315
0.0273,59.4643,0.024044,0.025395
0.0273,60.5357,0.024186,0.025421
0.0273,61.6071,0.024470,0.025383
0.0273,62.6786,0.024832,0.025276
0.0273,63.7500,0.025299,0.025051
0.0273,64.8214,0.025835,0.024755
0.0273,65.8929,0.026473,0.024114
0.0273,66.9643,0.027107,0.023163
0.0273,68.0357,0.028003,0.021896
0.0273,69.1071,0.028462,0.020757
0.0273,70.1786,0.029600,0.019820
0.0273,71.2500,0.029180,0.019250
0.0273,72.3214,0.031569,0.018849
0.0273,73.3929,0.031350,0.018640
0.0273,74.4643,0.028738,0.018494
0.0273,75.5357,0.028554,0.018416
0.0273,76.6071,0.030813,0.018423
0.0273,77.6786,0.030761,0.018499
0.0273,78.7500,0.028138,0.018793
0.0273,79.8214,0.028353,0.019291
0.0273,80.8929,0.027014,0.020187
0.0273,81.9643,0.026348,0.021306
0.0273,83.0357,0.025455,0.022566
0.0273,84.1071,0.024781,0.023514
0.0273,85.1786,0.024153,0.024148
0.0273,86.2500,0.023368,0.024451
0.0273,87.3214,0.022476,0.024687
0.0273,88.3929,0.023119,0.024802
0.0273,89.4643,0.023632,0.024837
0.0273,90.5357,0.023762,0.025016
0.0273,91.6071,0.024052,0.024926
0.0273,92.6786,0.024411,0.024791
0.0273,93.7500,0.024874,0.024571
0.0273,94.8214,0.025404,0.024258
0.0273,95.8929,0.026035,0.023604
0.0273,96.9643,0.026667,0.022645
0.0273,98.0357,0.027553,0.021383
0.0273,99.1071,0.027986,0.020259
0.0273,100.1786,0.029090,0.019334
0.0273,101.2500,0.028681,0.018766
0.0273,102.3214,0.031009,0.018367
0.0273,103.3929,0.030782,0.018157
0.0273,104.4643,0.028210,0.018004
0.0273,105.5357,0.028026,0.017927
0.0273,106.6071,0.030240,0.017930
0.0273,107.6786,0.030192,0.018008
0.0273,108.7500,0.027625,0.018294
0.0273,109.8214,0.027830,0.018777
0.0273,110.8929,0.026517,0.019657
0.0273,111.9643,0.025852,0.020755
0.0273,113.0357,0.024973,0.022007
0.0273,114.1071,0.024301,0.022964
0.0273,115.1786,0.023686,0.023615
0.0273,116.2500,0.022932,0.023937
0.0273,117.3214,0.021975,0.024176
0.0273,118.3929,0.022539,0.024319
0.0273,119.4643,0.023060,0.024412
0.0273,120.5357,0.023195,0.024446
0.0273,121.6071,0.023476,0.024400
0.0273,122.6786,0.023838,0.024289
0.0273,123.7500,0.024297,0.024053
0.0273,124.8214,0.024823,0.023731
0.0273,125.8929,0.025458,0.023073
0.0273,126.9643,0.026089,0.022109
0.0273,128.0357,0.026979,0.020871
0.0273,129.1071,0.027435,0.019771
0.0273,130.1786,0.028556,0.018868
0.0273,131.2500,0.028177,0.018324
0.0273,132.3214,0.030489,0.017945
0.0273,133.3929,0.030295,0.017750
0.0273,134.4643,0.027796,0.017616
0.0273,135.5357,0.027655,0.017554
0.0273,136.6071,0.029871,0.017569
0.0273,137.6786,0.029866,0.017663
0.0273,138.7500,0.027367,0.017946
0.0273,139.8214,0.027581,0.018419
0.0273,140.8929,0.026311,0.019272
0.0273,141.9643,0.025657,0.020346
0.0273,143.0357,0.024769,0.021581
0.0273,144.1071,0.024129,0.022544
0.0273,145.1786,0.023478,0.023216
0.0273,146.2500,0.022988,0.023544
0.0273,147.3214,0.022296,0.023798
0.0273,148.3929,0.021518,0.023939
0.0273,149.4643,0.022189,0.024023
0.0273,150.5357,0.022622,0.024040
0.0273,151.6071,0.022856,0.023998
0.0273,152.6786,0.023230,0.023870
0.0273,153.7500,0.023687,0.023632
0.0273,154.8214,0.024211,0.023294
0.0273,155.8929,0.024859,0.022625
0.0273,156.9643,0.025493,0.021674
0.0273,158.0357,0.026398,0.020448
0.0273,159.1071,0.026916,0.019381
0.0273,160.1786,0.028065,0.018514
0.0273,161.2500,0.027756,0.017997
0.0273,162.3214,0.030094,0.017651
0.0273,163.3929,0.029950,0.017488
0.0273,164.4643,0.027553,0.017386
0.0273,165.5357,0.027490,0.017358
0.0273,166.6071,0.029764,0.017402
0.0273,167.6786,0.029812,0.017518
0.0273,168.7500,0.027384,0.017817
0.0273,169.8214,0.027624,0.018295
0.0273,170.8929,0.026425,0.019134
0.0273,171.9643,0.025778,0.020184
0.0273,173.0357,0.024884,0.021402
0.0273,174.1071,0.024244,0.022359
0.0273,175.1786,0.023595,0.023030
0.0273,176.2500,0.023063,0.023371
0.0273,177.3214,0.022639,0.023614
0.0273,178.3929,0.022077,0.023747
0.0273,179.4643,0.021328,0.023807
0.0273,180.5357,0.021841,0.023818
0.0273,181.6071,0.022345,0.023753
0.0273,182.6786,0.022684,0.023622
0.0273,183.7500,0.023139,0.023378
0.0273,184.8214,0.023659,0.023038
0.0273,185.8929,0.024314,0.022366
0.0273,186.9643,0.024946,0.021410
0.0273,188.0357,0.025840,0.020194
0.0273,189.1071,0.026480,0.019141
0.0273,190.1786,0.027665,0.018302
0.0273,191.2500,0.027418,0.017818
0.0273,192.3214,0.029831,0.017509
0.0273,193.3929,0.029764,0.017389
0.0273,194.4643,0.027474,0.017338
0.0273,195.5357,0.027518,0.017355
0.0273,196.6071,0.029898,0.017449
0.0273,197.6786,0.030027,0.017604
0.0273,198.7500,0.027669,0.017944
0.0273,199.8214,0.027970,0.018455
0.0273,200.8929,0.026819,0.019315
0.0273,201.9643,0.026278,0.020383
0.0273,203.0357,0.025373,0.021600
0.0273,204.1071,0.024741,0.022556
0.0273,205.1786,0.024094,0.023226
0.0273,206.2500,0.023565,0.023562
0.0273,207.3214,0.023119,0.023802
0.0273,208.3929,0.022733,0.023931
0.0273,209.4643,0.022511,0.023979
0.0273,210.5357,0.022067,0.023961
0.0273,211.6071,0.021466,0.023877
0.0273,212.6786,0.022318,0.023744
0.0273,213.7500,0.022981,0.023489
0.0273,214.8214,0.023470,0.023155
0.0273,215.8929,0.024126,0.022483
0.0273,216.9643,0.024762,0.021524
0.0273,218.0357,0.025657,0.020283
0.0273,219.1071,0.026306,0.019224
0.0273,220.1786,0.027567,0.018367
0.0273,221.2500,0.027337,0.017904
0.0273,222.3214,0.029824,0.017611
0.0273,223.3929,0.029830,0.017517
0.0273,224.4643,0.027594,0.017493
0.0273,225.5357,0.027730,0.017553
0.0273,226.6071,0.030203,0.017681
0.0273,227.6786,0.030397,0.017871
0.0273,228.7500,0.028077,0.018244
0.0273,229.8214,0.028448,0.018786
0.0273,230.8929,0.027329,0.019677
0.0273,231.9643,0.026852,0.020771
0.0273,233.0357,0.025967,0.022012
0.0273,234.1071,0.025337,0.022967
0.0273,235.1786,0.024696,0.023631
0.0273,236.2500,0.024168,0.023956
0.0273,237.3214,0.023718,0.024189
0.0273,238.3929,0.023349,0.024307
0.0273,239.4643,0.023067,0.024349
0.0273,240.5357,0.022933,0.024320
0.0273,241.6071,0.022415,0.024231
0.0273,242.6786,0.021890,0.024082
0.0273,243.7500,0.022886,0.023844
0.0273,244.8214,0.023616,0.023519
0.0273,245.8929,0.024239,0.022865
0.0273,246.9643,0.024908,0.021905
0.0273,248.0357,0.025781,0.020657
0.0273,249.1071,0.026447,0.019561
0.0273,250.1786,0.027756,0.018691
0.0273,251.2500,0.027550,0.018207
0.0273,252.3214,0.030105,0.017923
0.0273,253.3929,0.030146,0.017843
0.0273,254.4643,0.027936,0.017839
0.0273,255.5357,0.028115,0.017915
0.0273,256.6071,0.030674,0.018066
0.0273,257.6786,0.030898,0.018274
0.0273,258.7500,0.028579,0.018669
0.0273,259.8214,0.028988,0.019234
0.0273,260.8929,0.027875,0.020154
0.0273,261.9643,0.027435,0.021274
0.0273,263.0357,0.026553,0.022533
0.0273,264.1071,0.025924,0.023492
0.0273,265.1786,0.025292,0.024148
0.0273,266.2500,0.024762,0.024464
0.0273,267.3214,0.024302,0.024683
0.0273,268.3929,0.023940,0.024819
0.0273,269.4643,0.023650,0.024908
0.0273,270.5357,0.023520,0.024730
0.0273,271.6071,0.023010,0.024694
0.0273,272.6786,0.022364,0.024577
0.0273,273.7500,0.023251,0.024339
0.0273,274.8214,0.024035,0.024032
0.0273,275.8929,0.024661,0.023396
0.0273,276.9643,0.025334,0.022446
0.0273,278.0357,0.026223,0.021188
0.0273,279.1071,0.026889,0.020071
0.0273,280.1786,0.028226,0.019179
0.0273,281.2500,0.028015,0.018683
0.0273,282.3214,0.030628,0.018393
0.0273,283.3929,0.030684,0.018314
0.0273,284.4643,0.028438,0.018313
0.0273,285.5357,0.028627,0.018389
0.0273,286.6071,0.031237,0.018544
0.0273,287.6786,0.031460,0.018754
0.0273,288.7500,0.029088,0.019153
0.0273,289.8214,0.029511,0.019726
0.0273,290.8929,0.028378,0.020665
0.0273,291.9643,0.027933,0.021801
0.0273,293.0357,0.027038,0.023069
0.0273,294.1071,0.026408,0.024025
0.0273,295.1786,0.025769,0.024663
0.0273,296.2500,0.025238,0.024970
0.0273,297.3214,0.024772,0.025191
0.0273,298.3929,0.024409,0.025298
0.0273,299.4643,0.024121,0.025335
0.0273,300.5357,0.023998,0.025305
0.0273,301.6071,0.023454,0.025226
0.0273,302.6786,0.022892,0.025093
0.0273,303.7500,0.023888,0.024871
0.0273,304.8214,0.024643,0.024577
0.0273,305.8929,0.025286,0.023948
0.0273,306.9643,0.025969,0.023012
0.0273,308.0357,0.026866,0.021737
0.0273,309.1071,0.027535,0.020615
0.0273,310.1786,0.028870,0.019702
0.0273,311.2500,0.028635,0.019202
0.0273,312.3214,0.031275,0.018895
0.0273,313.3929,0.031303,0.018809
0.0273,314.4643,0.028984,0.018792
0.0273,315.5357,0.029133,0.018852
0.0273,316.6071,0.031728,0.018982
0.0273,317.6786,0.031911,0.019175
0.0273,318.7500,0.029458,0.019557
0.0273,319.8214,0.029845,0.020120
0.0273,320.8929,0.028673,0.021053
0.0273,321.9643,0.028179,0.022187
0.0273,323.0357,0.027258,0.023453
0.0273,324.1071,0.026610,0.024390
0.0273,325.1786,0.025959,0.025019
0.0273,326.2500,0.025419,0.025319
0.0273,327.3214,0.024958,0.025537
0.0273,328.3929,0.024570,0.025647
0.0273,329.4643,0.024346,0.025691
0.0273,330.5357,0.023882,0.025677
0.0273,331.6071,0.023209,0.025602
0.0273,332.6786,0.024030,0.025483
0.0273,333.7500,0.024747,0.025263
0.0273,334.8214,0.025246,0.024983
0.0273,335.8929,0.025936,0.024360
0.0273,336.9643,0.026591,0.023422
0.0273,338.0357,0.027515,0.022156
0.0273,339.1071,0.028176,0.021025
0.0273,340.1786,0.029480,0.020112
0.0273,341.2500,0.029202,0.019603
0.0273,342.3214,0.031835,0.019283
0.0273,343.3929,0.031813,0.019171
0.0273,344.4643,0.029393,0.019127
0.0273,345.5357,0.029458,0.019152
0.0273,346.6071,0.032009,0.019252
0.0273,347.6786,0.032120,0.019412
0.0273,348.7500,0.029571,0.019768
0.0273,349.8214,0.029908,0.020308
0.0273,350.8929,0.028677,0.021234
0.0273,351.9643,0.028117,0.022364
0.0273,353.0357,0.027173,0.023630
0.0273,354.1071,0.026531,0.024568
0.0273,355.1786,0.025856,0.025191
0.0273,356.2500,0.025320,0.025483
0.0273,357.3214,0.024853,0.025703
0.0273,358.3929,0.024519,0.025818
0.0273,359.4643,0.023988,0.025878
0.0364,0.5357,0.031493,0.034423
0.0364,1.6071,0.032464,0.034340
0.0364,2.6786,0.033229,0.034166
0.0364,3.7500,0.033774,0.033851
0.0364,4.8214,0.034457,0.033448
0.0364,5.8929,0.035289,0.032620
0.0364,6.9643,0.036166,0.031396
0.0364,8.0357,0.037334,0.029738
0.0364,9.1071,0.037967,0.028258
0.0364,10.1786,0.039575,0.027028
0.0364,11.2500,0.039083,0.026312
0.0364,12.3214,0.042459,0.025823
0.0364,13.3929,0.042041,0.025609
0.0364,14.4643,0.038662,0.025481
0.0364,15.5357,0.038609,0.025462
0.0364,16.6071,0.041887,0.025549
0.0364,17.6786,0.042225,0.025730
0.0364,18.7500,0.038796,0.026186
0.0364,19.8214,0.039217,0.026880
0.0364,20.8929,0.037576,0.028104
0.0364,21.9643,0.036892,0.029581
0.0364,23.0357,0.035652,0.031246
0.0364,24.1071,0.034818,0.032467
0.0364,25.1786,0.033963,0.033299
0.0364,26.2500,0.033339,0.033695
0.0364,27.3214,0.032458,0.034013
0.0364,28.3929,0.031325,0.034188
0.0364,29.4643,0.032065,0.034288
0.0364,30.5357,0.032702,0.034296
0.0364,31.6071,0.032989,0.034215
0.0364,32.6786,0.033466,0.034038
0.0364,33.7500,0.034041,0.033716
0.0364,34.8214,0.034699,0.033302
0.0364,35.8929,0.035542,0.032472
0.0364,36.9643,0.036399,0.031242
0.0364,38.0357,0.037477,0.029581
0.0364,39.1071,0.038057,0.028091
0.0364,40.1786,0.039574,0.026834
0.0364,41.2500,0.039009,0.026091
0.0364,42.3214,0.042252,0.025560
0.0364,43.3929,0.041741,0.025291
0.0364,44.4643,0.038274,0.025129
0.0364,45.5357,0.038115,0.025051
0.0364,46.6071,0.041232,0.025115
0.0364,47.6786,0.041495,0.025247
0.0364,48.7500,0.038046,0.025673
0.0364,49.8214,0.038400,0.026357
0.0364,50.8929,0.036750,0.027563
0.0364,51.9643,0.035989,0.029051
0.0364,53.0357,0.034771,0.030714
0.0364,54.1071,0.033946,0.031937
0.0364,55.1786,0.033138,0.032778
0.0364,56.2500,0.032210,0.033191
0.0364,57.3214,0.030928,0.033510
0.0364,58.3929,0.031500,0.033709
0.0364,59.4643,0.032254,0.033815
0.0364,60.5357,0.032449,0.033841
0.0364,61.6071,0.032814,0.033766
0.0364,62.6786,0.033270,0.033590
0.0364,63.7500,0.033866,0.033271
0.0364,64.8214,0.034500,0.032852
0.0364,65.8929,0.035348,0.032004
0.0364,66.9643,0.036188,0.030764
0.0364,68.0357,0.037188,0.029099
0.0364,69.1071,0.037736,0.027610
0.0364,70.1786,0.039175,0.026352
0.0364,71.2500,0.038579,0.025581
0.0364,72.3214,0.041695,0.025028
0.0364,73.3929,0.041121,0.024737
0.0364,74.4643,0.037648,0.024540
0.0364,75.5357,0.037412,0.024447
0.0364,76.6071,0.040418,0.024474
0.0364,77.6786,0.040630,0.024595
0.0364,78.7500,0.037219,0.025000
0.0364,79.8214,0.037538,0.025665
0.0364,80.8929,0.035902,0.026856
0.0364,81.9643,0.035063,0.028321
0.0364,83.0357,0.033894,0.029974
0.0364,84.1071,0.033086,0.031214
0.0364,85.1786,0.032280,0.032064
0.0364,86.2500,0.031279,0.032491
0.0364,87.3214,0.030177,0.032836
0.0364,88.3929,0.031032,0.032999
0.0364,89.4643,0.031663,0.033041
0.0364,90.5357,0.031850,0.033304
0.0364,91.6071,0.032242,0.033146
0.0364,92.6786,0.032690,0.032929
0.0364,93.7500,0.033288,0.032612
0.0364,94.8214,0.033928,0.032176
0.0364,95.8929,0.034782,0.031304
0.0364,96.9643,0.035557,0.030052
0.0364,98.0357,0.036555,0.028394
0.0364,99.1071,0.037094,0.026919
0.0364,100.1786,0.038478,0.025677
0.0364,101.2500,0.037895,0.024912
0.0364,102.3214,0.040923,0.024359
0.0364,103.3929,0.040335,0.024063
0.0364,104.4643,0.036924,0.023857
0.0364,105.5357,0.036678,0.023759
0.0364,106.6071,0.039602,0.023780
0.0364,107.6786,0.039818,0.023896
0.0364,108.7500,0.036485,0.024289
0.0364,109.8214,0.036782,0.024932
0.0364,110.8929,0.035175,0.026093
0.0364,111.9643,0.034340,0.027528
0.0364,113.0357,0.033185,0.029172
0.0364,114.1071,0.032381,0.030421
0.0364,115.1786,0.031572,0.031292
0.0364,116.2500,0.030621,0.031744
0.0364,117.3214,0.029422,0.032091
0.0364,118.3929,0.030140,0.032306
0.0364,119.4643,0.030855,0.032433
0.0364,120.5357,0.031016,0.032460
0.0364,121.6071,0.031397,0.032394
0.0364,122.6786,0.031861,0.032209
0.0364,123.7500,0.032460,0.031869
0.0364,124.8214,0.033100,0.031439
0.0364,125.8929,0.033945,0.030558
0.0364,126.9643,0.034777,0.029308
0.0364,128.0357,0.035786,0.027680
0.0364,129.1071,0.036339,0.026243
0.0364,130.1786,0.037764,0.025048
0.0364,131.2500,0.037220,0.024318
0.0364,132.3214,0.040231,0.023807
0.0364,133.3929,0.039687,0.023534
0.0364,134.4643,0.036393,0.023346
0.0364,135.5357,0.036208,0.023280
0.0364,136.6071,0.039141,0.023321
0.0364,137.6786,0.039401,0.023452
0.0364,138.7500,0.036180,0.023848
0.0364,139.8214,0.036469,0.024473
0.0364,140.8929,0.034900,0.025607
0.0364,141.9643,0.034159,0.027000
0.0364,143.0357,0.032971,0.028625
0.0364,144.1071,0.032190,0.029882
0.0364,145.1786,0.031330,0.030776
0.0364,146.2500,0.030726,0.031241
0.0364,147.3214,0.029822,0.031600
0.0364,148.3929,0.028865,0.031803
0.0364,149.4643,0.029688,0.031930
0.0364,150.5357,0.030270,0.031948
0.0364,151.6071,0.030575,0.031864
0.0364,152.6786,0.031057,0.031667
0.0364,153.7500,0.031636,0.031330
0.0364,154.8214,0.032305,0.030859
0.0364,155.8929,0.033129,0.029971
0.0364,156.9643,0.033986,0.028724
0.0364,158.0357,0.035040,0.027127
0.0364,159.1071,0.035646,0.025725
0.0364,160.1786,0.037110,0.024576
0.0364,161.2500,0.036655,0.023892
0.0364,162.3214,0.039698,0.023415
0.0364,163.3929,0.039227,0.023187
0.0364,164.4643,0.036068,0.023042
0.0364,165.5357,0.035989,0.023008
0.0364,166.6071,0.038979,0.023084
0.0364,167.6786,0.039323,0.023248
0.0364,168.7500,0.036176,0.023661
0.0364,169.8214,0.036526,0.024297
0.0364,170.8929,0.034998,0.025403
0.0364,171.9643,0.034317,0.026779
0.0364,173.0357,0.033139,0.028370
0.0364,174.1071,0.032304,0.029620
0.0364,175.1786,0.031487,0.030515
0.0364,176.2500,0.030808,0.030986
0.0364,177.3214,0.030265,0.031338
0.0364,178.3929,0.029533,0.031539
0.0364,179.4643,0.028600,0.031634
0.0364,180.5357,0.029224,0.031650
0.0364,181.6071,0.029893,0.031545
0.0364,182.6786,0.030330,0.031344
0.0364,183.7500,0.030903,0.030991
0.0364,184.8214,0.031572,0.030522
0.0364,185.8929,0.032390,0.029624
0.0364,186.9643,0.033224,0.028377
0.0364,188.0357,0.034400,0.026786
0.0364,189.1071,0.035054,0.025411
0.0364,190.1786,0.036575,0.024298
0.0364,191.2500,0.036212,0.023657
0.0364,192.3214,0.039340,0.023233
0.0364,193.3929,0.038974,0.023058
0.0364,194.4643,0.035960,0.022974
0.0364,195.5357,0.036017,0.022998
0.0364,196.6071,0.039147,0.023130
0.0364,197.6786,0.039601,0.023352
0.0364,198.7500,0.036541,0.023818
0.0364,199.8214,0.036982,0.024493
0.0364,200.8929,0.035507,0.025639
0.0364,201.9643,0.034890,0.027028
0.0364,203.0357,0.033821,0.028629
0.0364,204.1071,0.032961,0.029875
0.0364,205.1786,0.032145,0.030765
0.0364,206.2500,0.031473,0.031233
0.0364,207.3214,0.030899,0.031577
0.0364,208.3929,0.030420,0.031779
0.0364,209.4643,0.030121,0.031861
0.0364,210.5357,0.029524,0.031848
0.0364,211.6071,0.028784,0.031724
0.0364,212.6786,0.029851,0.031521
0.0364,213.7500,0.030711,0.031162
0.0364,214.8214,0.031338,0.030693
0.0364,215.8929,0.032165,0.029798
0.0364,216.9643,0.032976,0.028547
0.0364,218.0357,0.034161,0.026925
0.0364,219.1071,0.034889,0.025531
0.0364,220.1786,0.036453,0.024405
0.0364,221.2500,0.036140,0.023783
0.0364,222.3214,0.039350,0.023394
0.0364,223.3929,0.039074,0.023241
0.0364,224.4643,0.036147,0.023202
0.0364,225.5357,0.036308,0.023268
0.0364,226.6071,0.039563,0.023446
0.0364,227.6786,0.040103,0.023702
0.0364,228.7500,0.037086,0.024208
0.0364,229.8214,0.037612,0.024939
0.0364,230.8929,0.036196,0.026112
0.0364,231.9643,0.035623,0.027557
0.0364,233.0357,0.034607,0.029163
0.0364,234.1071,0.033769,0.030410
0.0364,235.1786,0.032926,0.031297
0.0364,236.2500,0.032279,0.031738
0.0364,237.3214,0.031679,0.032077
0.0364,238.3929,0.031230,0.032248
0.0364,239.4643,0.030846,0.032333
0.0364,240.5357,0.030668,0.032301
0.0364,241.6071,0.029964,0.032181
0.0364,242.6786,0.029297,0.031961
0.0364,243.7500,0.030556,0.031614
0.0364,244.8214,0.031484,0.031161
0.0364,245.8929,0.032288,0.030284
0.0364,246.9643,0.033093,0.029033
0.0364,248.0357,0.034248,0.027395
0.0364,249.1071,0.035081,0.025966
0.0364,250.1786,0.036681,0.024810
0.0364,251.2500,0.036385,0.024172
0.0364,252.3214,0.039698,0.023783
0.0364,253.3929,0.039477,0.023662
0.0364,254.4643,0.036562,0.023642
0.0364,255.5357,0.036799,0.023733
0.0364,256.6071,0.040188,0.023940
0.0364,257.6786,0.040774,0.024233
0.0364,258.7500,0.037757,0.024779
0.0364,259.8214,0.038336,0.025541
0.0364,260.8929,0.036944,0.026775
0.0364,261.9643,0.036408,0.028244
0.0364,263.0357,0.035428,0.029900
0.0364,264.1071,0.034604,0.031151
0.0364,265.1786,0.033760,0.032026
0.0364,266.2500,0.033135,0.032464
0.0364,267.3214,0.032532,0.032782
0.0364,268.3929,0.032085,0.033000
0.0364,269.4643,0.031695,0.033157
0.0364,270.5357,0.031508,0.032893
0.0364,271.6071,0.030875,0.032850
0.0364,272.6786,0.030020,0.032685
0.0364,273.7500,0.031118,0.032336
0.0364,274.8214,0.032121,0.031906
0.0364,275.8929,0.032925,0.031052
0.0364,276.9643,0.033733,0.029810
0.0364,278.0357,0.034897,0.028160
0.0364,279.1071,0.035737,0.026700
0.0364,280.1786,0.037371,0.025513
0.0364,281.2500,0.037056,0.024854
0.0364,282.3214,0.040455,0.024452
0.0364,283.3929,0.040243,0.024331
0.0364,284.4643,0.037260,0.024310
0.0364,285.5357,0.037501,0.024401
0.0364,286.6071,0.040972,0.024604
0.0364,287.6786,0.041550,0.024899
0.0364,288.7500,0.038452,0.025452
0.0364,289.8214,0.039055,0.026226
0.0364,290.8929,0.037624,0.027477
0.0364,291.9643,0.037085,0.028969
0.0364,293.0357,0.036090,0.030631
0.0364,294.1071,0.035254,0.031871
0.0364,295.1786,0.034401,0.032728
0.0364,296.2500,0.033776,0.033143
0.0364,297.3214,0.033173,0.033462
0.0364,298.3929,0.032725,0.033637
0.0364,299.4643,0.032344,0.033712
0.0364,300.5357,0.032180,0.033682
0.0364,301.6071,0.031440,0.033574
0.0364,302.6786,0.030720,0.033374
0.0364,303.7500,0.031980,0.033052
0.0364,304.8214,0.032935,0.032635
0.0364,305.8929,0.033752,0.031799
0.0364,306.9643,0.034570,0.030569
0.0364,308.0357,0.035784,0.028902
0.0364,309.1071,0.036565,0.027423
0.0364,310.1786,0.038202,0.026214
0.0364,311.2500,0.037880,0.025546
0.0364,312.3214,0.041308,0.025118
0.0364,313.3929,0.041075,0.024985
0.0364,314.4643,0.037977,0.024944
0.0364,315.5357,0.038168,0.025015
0.0364,316.6071,0.041635,0.025199
0.0364,317.6786,0.042168,0.025460
0.0364,318.7500,0.038950,0.026008
0.0364,319.8214,0.039526,0.026756
0.0364,320.8929,0.038025,0.028016
0.0364,321.9643,0.037456,0.029516
0.0364,323.0357,0.036402,0.031167
0.0364,324.1071,0.035532,0.032392
0.0364,325.1786,0.034697,0.033234
0.0364,326.2500,0.034039,0.033641
0.0364,327.3214,0.033458,0.033962
0.0364,328.3929,0.032983,0.034137
0.0364,329.4643,0.032690,0.034220
0.0364,330.5357,0.032067,0.034212
0.0364,331.6071,0.031222,0.034100
0.0364,332.6786,0.032242,0.033923
0.0364,333.7500,0.033170,0.033597
0.0364,334.8214,0.033782,0.033205
0.0364,335.8929,0.034643,0.032366
0.0364,336.9643,0.035460,0.031148
0.0364,338.0357,0.036702,0.029478
0.0364,339.1071,0.037406,0.027998
0.0364,340.1786,0.039047,0.026779
0.0364,341.2500,0.038642,0.026088
0.0364,342.3214,0.042078,0.025641
0.0364,343.3929,0.041762,0.025468
0.0364,344.4643,0.038512,0.025391
0.0364,345.5357,0.038598,0.025422
0.0364,346.6071,0.042002,0.025561
0.0364,347.6786,0.042441,0.025788
0.0364,348.7500,0.039093,0.026286
0.0364,349.8214,0.039598,0.027012
0.0364,350.8929,0.038017,0.028250
0.0364,351.9643,0.037394,0.029731
0.0364,353.0357,0.036246,0.031390
0.0364,354.1071,0.035376,0.032611
0.0364,355.1786,0.034542,0.033443
0.0364,356.2500,0.033876,0.033846
0.0364,357.3214,0.033300,0.034165
0.0364,358.3929,0.032874,0.034340
0.0364,359.4643,0.032168,0.034439
0.0455,0.5357,0.039692,0.043027
0.0455,1.6071,0.040851,0.042896
0.0455,2.6786,0.041766,0.042642
0.0455,3.7500,0.042422,0.042214
0.0455,4.8214,0.043199,0.041684
0.0455,5.8929,0.044212,0.040640
0.0455,6.9643,0.045251,0.039132
0.0455,8.0357,0.046538,0.037080
0.0455,9.1071,0.047252,0.035244
0.0455,10.1786,0.049114,0.033706
0.0455,11.2500,0.048488,0.032802
0.0455,12.3214,0.052575,0.032177
0.0455,13.3929,0.051700,0.031895
0.0455,14.4643,0.047557,0.031730
0.0455,15.5357,0.047492,0.031706
0.0455,16.6071,0.051520,0.031827
0.0455,17.6786,0.052230,0.032063
0.0455,18.7500,0.048083,0.032643
0.0455,19.8214,0.048644,0.033513
0.0455,20.8929,0.046710,0.035040
0.0455,21.9643,0.045961,0.036870
0.0455,23.0357,0.044591,0.038938
0.0455,24.1071,0.043570,0.040443
0.0455,25.1786,0.042565,0.041497
0.0455,26.2500,0.041852,0.042025
0.0455,27.3214,0.040775,0.042467
0.0455,28.3929,0.039481,0.042725
0.0455,29.4643,0.040371,0.042881
0.0455,30.5357,0.041178,0.042885
0.0455,31.6071,0.041564,0.042756
0.0455,32.6786,0.042115,0.042510
0.0455,33.7500,0.042805,0.042092
0.0455,34.8214,0.043583,0.041560
0.0455,35.8929,0.044643,0.040497
0.0455,36.9643,0.045556,0.038984
0.0455,38.0357,0.046773,0.036914
0.0455,39.1071,0.047439,0.035063
0.0455,40.1786,0.049161,0.033493
0.0455,41.2500,0.048495,0.032535
0.0455,42.3214,0.052411,0.031862
0.0455,43.3929,0.051305,0.031516
0.0455,44.4643,0.047131,0.031296
0.0455,45.5357,0.046870,0.031203
0.0455,46.6071,0.050716,0.031260
0.0455,47.6786,0.051304,0.031441
0.0455,48.7500,0.047124,0.031979
0.0455,49.8214,0.047585,0.032827
0.0455,50.8929,0.045626,0.034329
0.0455,51.9643,0.044804,0.036163
0.0455,53.0357,0.043356,0.038215
0.0455,54.1071,0.042363,0.039738
0.0455,55.1786,0.041411,0.040782
0.0455,56.2500,0.040306,0.041332
0.0455,57.3214,0.038801,0.041772
0.0455,58.3929,0.039590,0.042061
0.0455,59.4643,0.040503,0.042217
0.0455,60.5357,0.040768,0.042228
0.0455,61.6071,0.041243,0.042122
0.0455,62.6786,0.041791,0.041890
0.0455,63.7500,0.042496,0.041478
0.0455,64.8214,0.043291,0.040945
0.0455,65.8929,0.044358,0.039874
0.0455,66.9643,0.045206,0.038335
0.0455,68.0357,0.046383,0.036262
0.0455,69.1071,0.047008,0.034412
0.0455,70.1786,0.048640,0.032845
0.0455,71.2500,0.047983,0.031879
0.0455,72.3214,0.051719,0.031176
0.0455,73.3929,0.050491,0.030809
0.0455,74.4643,0.046361,0.030551
0.0455,75.5357,0.046003,0.030437
0.0455,76.6071,0.049719,0.030467
0.0455,77.6786,0.050230,0.030619
0.0455,78.7500,0.046097,0.031130
0.0455,79.8214,0.046499,0.031963
0.0455,80.8929,0.044557,0.033447
0.0455,81.9643,0.043691,0.035250
0.0455,83.0357,0.042248,0.037292
0.0455,84.1071,0.041277,0.038820
0.0455,85.1786,0.040337,0.039889
0.0455,86.2500,0.039124,0.040452
0.0455,87.3214,0.037867,0.040928
0.0455,88.3929,0.038946,0.041153
0.0455,89.4643,0.039727,0.041208
0.0455,90.5357,0.039997,0.041576
0.0455,91.6071,0.040484,0.041353
0.0455,92.6786,0.041046,0.041054
0.0455,93.7500,0.041751,0.040654
0.0455,94.8214,0.042569,0.040097
0.0455,95.8929,0.043623,0.039001
0.0455,96.9643,0.044458,0.037440
0.0455,98.0357,0.045624,0.035377
0.0455,99.1071,0.046233,0.033550
0.0455,100.1786,0.047818,0.032008
0.0455,101.2500,0.047195,0.031048
0.0455,102.3214,0.050756,0.030346
0.0455,103.3929,0.049528,0.029968
0.0455,104.4643,0.045475,0.029704
0.0455,105.5357,0.045098,0.029581
0.0455,106.6071,0.048711,0.029596
0.0455,107.6786,0.049210,0.029740
0.0455,108.7500,0.045169,0.030229
0.0455,109.8214,0.045537,0.031032
0.0455,110.8929,0.043611,0.032473
0.0455,111.9643,0.042749,0.034237
0.0455,113.0357,0.041308,0.036245
0.0455,114.1071,0.040328,0.037785
0.0455,115.1786,0.039380,0.038881
0.0455,116.2500,0.038228,0.039465
0.0455,117.3214,0.036844,0.039936
0.0455,118.3929,0.037786,0.040238
0.0455,119.4643,0.038630,0.040403
0.0455,120.5357,0.038872,0.040447
0.0455,121.6071,0.039364,0.040337
0.0455,122.6786,0.039930,0.040111
0.0455,123.7500,0.040661,0.039683
0.0455,124.8214,0.041473,0.039121
0.0455,125.8929,0.042557,0.038029
0.0455,126.9643,0.043430,0.036489
0.0455,128.0357,0.044624,0.034472
0.0455,129.1071,0.045283,0.032705
0.0455,130.1786,0.046910,0.031221
0.0455,131.2500,0.046312,0.030308
0.0455,132.3214,0.049928,0.029647
0.0455,133.3929,0.048784,0.029304
0.0455,134.4643,0.044833,0.029064
0.0455,135.5357,0.044540,0.028971
0.0455,136.6071,0.048151,0.029011
0.0455,137.6786,0.048719,0.029172
0.0455,138.7500,0.044781,0.029661
0.0455,139.8214,0.045157,0.030442
0.0455,140.8929,0.043263,0.031847
0.0455,141.9643,0.042456,0.033543
0.0455,143.0357,0.040997,0.035526
0.0455,144.1071,0.040006,0.037064
0.0455,145.1786,0.039016,0.038183
0.0455,146.2500,0.038279,0.038768
0.0455,147.3214,0.037185,0.039261
0.0455,148.3929,0.036096,0.039536
0.0455,149.4643,0.037105,0.039710
0.0455,150.5357,0.037851,0.039734
0.0455,151.6071,0.038250,0.039619
0.0455,152.6786,0.038853,0.039369
0.0455,153.7500,0.039572,0.038934
0.0455,154.8214,0.040383,0.038355
0.0455,155.8929,0.041468,0.037262
0.0455,156.9643,0.042441,0.035740
0.0455,158.0357,0.043683,0.033782
0.0455,159.1071,0.044417,0.032083
0.0455,160.1786,0.046132,0.030657
0.0455,161.2500,0.045596,0.029809
0.0455,162.3214,0.049282,0.029205
0.0455,163.3929,0.048334,0.028915
0.0455,164.4643,0.044474,0.028730
0.0455,165.5357,0.044350,0.028683
0.0455,166.6071,0.048022,0.028774
0.0455,167.6786,0.048705,0.028972
0.0455,168.7500,0.044872,0.029489
0.0455,169.8214,0.045305,0.030267
0.0455,170.8929,0.043458,0.031628
0.0455,171.9643,0.042654,0.033294
0.0455,173.0357,0.041310,0.035225
0.0455,174.1071,0.040235,0.036744
0.0455,175.1786,0.039224,0.037843
0.0455,176.2500,0.038408,0.038438
0.0455,177.3214,0.037739,0.038890
0.0455,178.3929,0.036844,0.039160
0.0455,179.4643,0.035733,0.039295
0.0455,180.5357,0.036464,0.039317
0.0455,181.6071,0.037302,0.039168
0.0455,182.6786,0.037835,0.038900
0.0455,183.7500,0.038541,0.038446
0.0455,184.8214,0.039338,0.037859
0.0455,185.8929,0.040370,0.036755
0.0455,186.9643,0.041436,0.035241
0.0455,188.0357,0.042764,0.033311
0.0455,189.1071,0.043550,0.031647
0.0455,190.1786,0.045381,0.030278
0.0455,191.2500,0.044939,0.029490
0.0455,192.3214,0.048737,0.028962
0.0455,193.3929,0.048028,0.028750
0.0455,194.4643,0.044326,0.028642
0.0455,195.5357,0.044407,0.028680
0.0455,196.6071,0.048249,0.028846
0.0455,197.6786,0.049152,0.029129
0.0455,198.7500,0.045439,0.029713
0.0455,199.8214,0.045965,0.030557
0.0455,200.8929,0.044228,0.031964
0.0455,201.9643,0.043480,0.033657
0.0455,203.0357,0.042225,0.035605
0.0455,204.1071,0.041233,0.037121
0.0455,205.1786,0.040149,0.038220
0.0455,206.2500,0.039349,0.038800
0.0455,207.3214,0.038620,0.039237
0.0455,208.3929,0.038037,0.039489
0.0455,209.4643,0.037637,0.039612
0.0455,210.5357,0.036876,0.039590
0.0455,211.6071,0.035981,0.039423
0.0455,212.6786,0.037196,0.039137
0.0455,213.7500,0.038257,0.038664
0.0455,214.8214,0.038993,0.038072
0.0455,215.8929,0.039983,0.036949
0.0455,216.9643,0.040998,0.035420
0.0455,218.0357,0.042445,0.033447
0.0455,219.1071,0.043249,0.031755
0.0455,220.1786,0.045139,0.030361
0.0455,221.2500,0.044753,0.029588
0.0455,222.3214,0.048655,0.029094
0.0455,223.3929,0.048085,0.028936
0.0455,224.4643,0.044466,0.028881
0.0455,225.5357,0.044728,0.028963
0.0455,226.6071,0.048673,0.029198
0.0455,227.6786,0.049785,0.029536
0.0455,228.7500,0.046148,0.030188
0.0455,229.8214,0.046748,0.031091
0.0455,230.8929,0.045110,0.032559
0.0455,231.9643,0.044433,0.034322
0.0455,233.0357,0.043239,0.036318
0.0455,234.1071,0.042343,0.037855
0.0455,235.1786,0.041258,0.038960
0.0455,236.2500,0.040451,0.039520
0.0455,237.3214,0.039716,0.039944
0.0455,238.3929,0.039147,0.040175
0.0455,239.4643,0.038664,0.040284
0.0455,240.5357,0.038420,0.040257
0.0455,241.6071,0.037551,0.040076
0.0455,242.6786,0.036692,0.039780
0.0455,243.7500,0.038145,0.039304
0.0455,244.8214,0.039265,0.038711
0.0455,245.8929,0.040214,0.037619
0.0455,246.9643,0.041205,0.036075
0.0455,248.0357,0.042637,0.034071
0.0455,249.1071,0.043497,0.032316
0.0455,250.1786,0.045415,0.030881
0.0455,251.2500,0.045048,0.030083
0.0455,252.3214,0.049069,0.029594
0.0455,253.3929,0.048564,0.029454
0.0455,254.4643,0.044956,0.029432
0.0455,255.5357,0.045323,0.029550
0.0455,256.6071,0.049346,0.029812
0.0455,257.6786,0.050570,0.030184
0.0455,258.7500,0.047015,0.030879
0.0455,259.8214,0.047630,0.031831
0.0455,260.8929,0.046036,0.033365
0.0455,261.9643,0.045416,0.035177
0.0455,263.0357,0.044249,0.037231
0.0455,264.1071,0.043403,0.038789
0.0455,265.1786,0.042344,0.039884
0.0455,266.2500,0.041527,0.040441
0.0455,267.3214,0.040819,0.040840
0.0455,268.3929,0.040251,0.041136
0.0455,269.4643,0.039764,0.041358
0.0455,270.5357,0.039492,0.040987
0.0455,271.6071,0.038710,0.040930
0.0455,272.6786,0.037628,0.040701
0.0455,273.7500,0.038877,0.040221
0.0455,274.8214,0.040088,0.039655
0.0455,275.8929,0.041026,0.038581
0.0455,276.9643,0.041996,0.037050
0.0455,278.0357,0.043438,0.035016
0.0455,279.1071,0.044307,0.033222
0.0455,280.1786,0.046243,0.031744
0.0455,281.2500,0.045856,0.030920
0.0455,282.3214,0.049970,0.030417
0.0455,283.3929,0.049474,0.030268
0.0455,284.4643,0.045786,0.030245
0.0455,285.5357,0.046159,0.030366
0.0455,286.6071,0.050278,0.030630
0.0455,287.6786,0.051503,0.031005
0.0455,288.7500,0.047859,0.031710
0.0455,289.8214,0.048507,0.032684
0.0455,290.8929,0.046884,0.034248
0.0455,291.9643,0.046270,0.036099
0.0455,293.0357,0.045101,0.038175
0.0455,294.1071,0.044263,0.039725
0.0455,295.1786,0.043207,0.040807
0.0455,296.2500,0.042392,0.041341
0.0455,297.3214,0.041702,0.041755
0.0455,298.3929,0.041144,0.041983
0.0455,299.4643,0.040671,0.042103
0.0455,300.5357,0.040425,0.042071
0.0455,301.6071,0.039540,0.041926
0.0455,302.6786,0.038605,0.041625
0.0455,303.7500,0.040050,0.041192
0.0455,304.8214,0.041202,0.040629
0.0455,305.8929,0.042154,0.039582
0.0455,306.9643,0.043138,0.038057
0.0455,308.0357,0.044593,0.036007
0.0455,309.1071,0.045420,0.034169
0.0455,310.1786,0.047365,0.032670
0.0455,311.2500,0.046921,0.031825
0.0455,312.3214,0.051093,0.031290
0.0455,313.3929,0.050534,0.031120
0.0455,314.4643,0.046714,0.031067
0.0455,315.5357,0.046993,0.031164
0.0455,316.6071,0.051162,0.031394
0.0455,317.6786,0.052292,0.031745
0.0455,318.7500,0.048421,0.032421
0.0455,319.8214,0.049084,0.033383
0.0455,320.8929,0.047379,0.034950
0.0455,321.9643,0.046729,0.036803
0.0455,323.0357,0.045516,0.038870
0.0455,324.1071,0.044614,0.040387
0.0455,325.1786,0.043558,0.041449
0.0455,326.2500,0.042772,0.041979
0.0455,327.3214,0.042077,0.042395
0.0455,328.3929,0.041520,0.042643
0.0455,329.4643,0.041130,0.042764
0.0455,330.5357,0.040357,0.042757
0.0455,331.6071,0.039314,0.042606
0.0455,332.6786,0.040489,0.042340
0.0455,333.7500,0.041613,0.041893
0.0455,334.8214,0.042323,0.041371
0.0455,335.8929,0.043332,0.040313
0.0455,336.9643,0.044337,0.038809
0.0455,338.0357,0.045731,0.036746
0.0455,339.1071,0.046489,0.034912
0.0455,340.1786,0.048444,0.033390
0.0455,341.2500,0.047896,0.032530
0.0455,342.3214,0.052060,0.031953
0.0455,343.3929,0.051379,0.031736
0.0455,344.4643,0.047392,0.031624
0.0455,345.5357,0.047502,0.031662
0.0455,346.6071,0.051661,0.031845
0.0455,347.6786,0.052583,0.032139
0.0455,348.7500,0.048532,0.032779
0.0455,349.8214,0.049168,0.033694
0.0455,350.8929,0.047337,0.035242
0.0455,351.9643,0.046632,0.037082
0.0455,353.0357,0.045362,0.039140
0.0455,354.1071,0.044338,0.040646
0.0455,355.1786,0.043308,0.041696
0.0455,356.2500,0.042556,0.042222
0.0455,357.3214,0.041864,0.042652
0.0455,358.3929,0.041358,0.042904
0.0455,359.4643,0.040478,0.043052
0.0545,0.5357,0.047924,0.051531
0.0545,1.6071,0.049258,0.051374
0.0545,2.6786,0.050324,0.051067
0.0545,3.7500,0.051068,0.050559
0.0545,4.8214,0.051959,0.049921
0.0545,5.8929,0.053167,0.048683
0.0545,6.9643,0.054237,0.046900
0.0545,8.0357,0.055681,0.044475
0.0545,9.1071,0.056517,0.042291
0.0545,10.1786,0.058606,0.040429
0.0545,11.2500,0.058001,0.039316
0.0545,12.3214,0.062685,0.038540
0.0545,13.3929,0.061201,0.038186
0.0545,14.4643,0.056359,0.037969
0.0545,15.5357,0.056244,0.037933
0.0545,16.6071,0.061025,0.038082
0.0545,17.6786,0.062268,0.038369
0.0545,18.7500,0.057369,0.039092
0.0545,19.8214,0.057958,0.040158
0.0545,20.8929,0.055765,0.041999
0.0545,21.9643,0.054896,0.044178
0.0545,23.0357,0.053389,0.046605
0.0545,24.1071,0.052222,0.048357
0.0545,25.1786,0.051042,0.049606
0.0545,26.2500,0.050243,0.050223
0.0545,27.3214,0.048992,0.050756
0.0545,28.3929,0.047526,0.051069
0.0545,29.4643,0.048569,0.051253
0.0545,30.5357,0.049533,0.051255
0.0545,31.6071,0.049976,0.051093
0.0545,32.6786,0.050625,0.050804
0.0545,33.7500,0.051388,0.050307
0.0545,34.8214,0.052333,0.049668
0.0545,35.8929,0.053490,0.048408
0.0545,36.9643,0.054473,0.046613
0.0545,38.0357,0.055894,0.044187
0.0545,39.1071,0.056607,0.041984
0.0545,40.1786,0.058634,0.040103
0.0545,41.2500,0.057985,0.038952
0.0545,42.3214,0.062340,0.038128
0.0545,43.3929,0.060685,0.037718
0.0545,44.4643,0.055833,0.037441
0.0545,45.5357,0.055510,0.037358
0.0545,46.6071,0.060199,0.037439
0.0545,47.6786,0.061193,0.037686
0.0545,48.7500,0.056246,0.038378
0.0545,49.8214,0.056825,0.039428
0.0545,50.8929,0.054565,0.041275
0.0545,51.9643,0.053684,0.043468
0.0545,53.0357,0.052117,0.045885
0.0545,54.1071,0.050939,0.047656
0.0545,55.1786,0.049871,0.048902
0.0545,56.2500,0.048574,0.049554
0.0545,57.3214,0.046898,0.050099
0.0545,58.3929,0.047872,0.050440
0.0545,59.4643,0.048935,0.050609
0.0545,60.5357,0.049245,0.050632
0.0545,61.6071,0.049793,0.050468
0.0545,62.6786,0.050392,0.050192
0.0545,63.7500,0.051201,0.049704
0.0545,64.8214,0.052151,0.049025
0.0545,65.8929,0.053226,0.047722
0.0545,66.9643,0.054144,0.045874
0.0545,68.0357,0.055469,0.043412
0.0545,69.1071,0.056132,0.041193
0.0545,70.1786,0.058066,0.039289
0.0545,71.2500,0.057280,0.038103
0.0545,72.3214,0.061379,0.037239
0.0545,73.3929,0.059615,0.036773
0.0545,74.4643,0.054790,0.036455
0.0545,75.5357,0.054342,0.036311
0.0545,76.6071,0.058839,0.036354
0.0545,77.6786,0.059670,0.036558
0.0545,78.7500,0.054791,0.037211
0.0545,79.8214,0.055303,0.038248
0.0545,80.8929,0.053069,0.040062
0.0545,81.9643,0.052173,0.042224
0.0545,83.0357,0.050536,0.044629
0.0545,84.1071,0.049411,0.046416
0.0545,85.1786,0.048386,0.047677
0.0545,86.2500,0.046979,0.048362
0.0545,87.3214,0.045628,0.048949
0.0545,88.3929,0.046952,0.049209
0.0545,89.4643,0.047865,0.049255
0.0545,90.5357,0.048204,0.049740
0.0545,91.6071,0.048778,0.049454
0.0545,92.6786,0.049397,0.049090
0.0545,93.7500,0.050233,0.048616
0.0545,94.8214,0.051197,0.047928
0.0545,95.8929,0.052256,0.046603
0.0545,96.9643,0.053191,0.044743
0.0545,98.0357,0.054484,0.042300
0.0545,99.1071,0.055150,0.040112
0.0545,100.1786,0.057027,0.038249
0.0545,101.2500,0.056264,0.037078
0.0545,102.3214,0.060216,0.036225
0.0545,103.3929,0.058451,0.035760
0.0545,104.4643,0.053750,0.035438
0.0545,105.5357,0.053291,0.035287
0.0545,106.6071,0.057658,0.035323
0.0545,107.6786,0.058478,0.035515
0.0545,108.7500,0.053719,0.036144
0.0545,109.8214,0.054206,0.037157
0.0545,110.8929,0.052003,0.038924
0.0545,111.9643,0.051101,0.041041
0.0545,113.0357,0.049471,0.043423
0.0545,114.1071,0.048346,0.045222
0.0545,115.1786,0.047305,0.046522
0.0545,116.2500,0.045967,0.047228
0.0545,117.3214,0.044468,0.047809
0.0545,118.3929,0.045624,0.048172
0.0545,119.4643,0.046595,0.048371
0.0545,120.5357,0.046922,0.048405
0.0545,121.6071,0.047483,0.048256
0.0545,122.6786,0.048114,0.047978
0.0545,123.7500,0.048940,0.047472
0.0545,124.8214,0.049910,0.046778
0.0545,125.8929,0.051005,0.045443
0.0545,126.9643,0.051965,0.043596
0.0545,128.0357,0.053299,0.041210
0.0545,129.1071,0.053988,0.039068
0.0545,130.1786,0.055877,0.037277
0.0545,131.2500,0.055200,0.036145
0.0545,132.3214,0.059144,0.035343
0.0545,133.3929,0.057470,0.034901
0.0545,134.4643,0.052909,0.034610
0.0545,135.5357,0.052542,0.034492
0.0545,136.6071,0.056854,0.034537
0.0545,137.6786,0.057746,0.034747
0.0545,138.7500,0.053134,0.035373
0.0545,139.8214,0.053615,0.036334
0.0545,140.8929,0.051447,0.038039
0.0545,141.9643,0.050561,0.040096
0.0545,143.0357,0.049026,0.042434
0.0545,144.1071,0.047868,0.044234
0.0545,145.1786,0.046746,0.045552
0.0545,146.2500,0.045944,0.046256
0.0545,147.3214,0.044677,0.046859
0.0545,148.3929,0.043468,0.047210
0.0545,149.4643,0.044668,0.047428
0.0545,150.5357,0.045549,0.047439
0.0545,151.6071,0.046003,0.047303
0.0545,152.6786,0.046692,0.046992
0.0545,153.7500,0.047472,0.046482
0.0545,154.8214,0.048434,0.045772
0.0545,155.8929,0.049657,0.044465
0.0545,156.9643,0.050686,0.042665
0.0545,158.0357,0.052078,0.040340
0.0545,159.1071,0.052877,0.038292
0.0545,160.1786,0.054798,0.036573
0.0545,161.2500,0.054303,0.035529
0.0545,162.3214,0.058415,0.034794
0.0545,163.3929,0.056923,0.034440
0.0545,164.4643,0.052519,0.034219
0.0545,165.5357,0.052356,0.034168
0.0545,166.6071,0.056675,0.034288
0.0545,167.6786,0.057856,0.034549
0.0545,168.7500,0.053408,0.035202
0.0545,169.8214,0.053867,0.036174
0.0545,170.8929,0.051836,0.037842
0.0545,171.9643,0.050924,0.039856
0.0545,173.0357,0.049470,0.042162
0.0545,174.1071,0.048324,0.043958
0.0545,175.1786,0.047134,0.045267
0.0545,176.2500,0.046246,0.045986
0.0545,177.3214,0.045487,0.046537
0.0545,178.3929,0.044459,0.046874
0.0545,179.4643,0.043195,0.047044
0.0545,180.5357,0.044025,0.047070
0.0545,181.6071,0.045009,0.046874
0.0545,182.6786,0.045602,0.046534
0.0545,183.7500,0.046384,0.045979
0.0545,184.8214,0.047256,0.045263
0.0545,185.8929,0.048465,0.043948
0.0545,186.9643,0.049580,0.042152
0.0545,188.0357,0.051017,0.039845
0.0545,189.1071,0.051907,0.037830
0.0545,190.1786,0.053913,0.036156
0.0545,191.2500,0.053450,0.035169
0.0545,192.3214,0.057858,0.034509
0.0545,193.3929,0.056605,0.034231
0.0545,194.4643,0.052293,0.034098
0.0545,195.5357,0.052402,0.034132
0.0545,196.6071,0.056789,0.034338
0.0545,197.6786,0.058244,0.034682
0.0545,198.7500,0.054079,0.035403
0.0545,199.8214,0.054573,0.036439
0.0545,200.8929,0.052651,0.038153
0.0545,201.9643,0.051826,0.040195
0.0545,203.0357,0.050431,0.042517
0.0545,204.1071,0.049398,0.044328
0.0545,205.1786,0.048188,0.045646
0.0545,206.2500,0.047250,0.046353
0.0545,207.3214,0.046470,0.046880
0.0545,208.3929,0.045805,0.047209
0.0545,209.4643,0.045367,0.047354
0.0545,210.5357,0.044457,0.047353
0.0545,211.6071,0.043425,0.047146
0.0545,212.6786,0.044798,0.046795
0.0545,213.7500,0.046024,0.046211
0.0545,214.8214,0.046825,0.045488
0.0545,215.8929,0.047973,0.044181
0.0545,216.9643,0.049133,0.042374
0.0545,218.0357,0.050657,0.040032
0.0545,219.1071,0.051541,0.037987
0.0545,220.1786,0.053685,0.036293
0.0545,221.2500,0.053195,0.035323
0.0545,222.3214,0.057782,0.034688
0.0545,223.3929,0.056795,0.034474
0.0545,224.4643,0.052482,0.034395
0.0545,225.5357,0.052799,0.034509
0.0545,226.6071,0.057320,0.034778
0.0545,227.6786,0.058949,0.035192
0.0545,228.7500,0.054996,0.035983
0.0545,229.8214,0.055568,0.037082
0.0545,230.8929,0.053677,0.038852
0.0545,231.9643,0.052977,0.040967
0.0545,233.0357,0.051624,0.043340
0.0545,234.1071,0.050651,0.045167
0.0545,235.1786,0.049524,0.046489
0.0545,236.2500,0.048564,0.047188
0.0545,237.3214,0.047735,0.047686
0.0545,238.3929,0.047101,0.047962
0.0545,239.4643,0.046547,0.048115
0.0545,240.5357,0.046244,0.048091
0.0545,241.6071,0.045225,0.047893
0.0545,242.6786,0.044197,0.047523
0.0545,243.7500,0.045764,0.046953
0.0545,244.8214,0.047088,0.046239
0.0545,245.8929,0.048138,0.044951
0.0545,246.9643,0.049300,0.043156
0.0545,248.0357,0.050878,0.040781
0.0545,249.1071,0.051787,0.038675
0.0545,250.1786,0.053995,0.036925
0.0545,251.2500,0.053530,0.035938
0.0545,252.3214,0.058262,0.035313
0.0545,253.3929,0.057437,0.035121
0.0545,254.4643,0.053099,0.035087
0.0545,255.5357,0.053553,0.035239
0.0545,256.6071,0.058232,0.035563
0.0545,257.6786,0.059991,0.036025
0.0545,258.7500,0.056061,0.036877
0.0545,259.8214,0.056814,0.038042
0.0545,260.8929,0.054938,0.039899
0.0545,261.9643,0.054269,0.042077
0.0545,263.0357,0.052976,0.044517
0.0545,264.1071,0.052037,0.046377
0.0545,265.1786,0.050975,0.047707
0.0545,266.2500,0.050013,0.048400
0.0545,267.3214,0.049176,0.048879
0.0545,268.3929,0.048556,0.049242
0.0545,269.4643,0.047982,0.049527
0.0545,270.5357,0.047642,0.049043
0.0545,271.6071,0.046730,0.048994
0.0545,272.6786,0.045402,0.048729
0.0545,273.7500,0.046744,0.048138
0.0545,274.8214,0.048149,0.047448
0.0545,275.8929,0.049172,0.046178
0.0545,276.9643,0.050294,0.044386
0.0545,278.0357,0.051926,0.041983
0.0545,279.1071,0.052825,0.039827
0.0545,280.1786,0.055048,0.038018
0.0545,281.2500,0.054546,0.036984
0.0545,282.3214,0.059400,0.036335
0.0545,283.3929,0.058576,0.036132
0.0545,284.4643,0.054109,0.036094
0.0545,285.5357,0.054566,0.036239
0.0545,286.6071,0.059364,0.036560
0.0545,287.6786,0.061134,0.037026
0.0545,288.7500,0.057078,0.037891
0.0545,289.8214,0.057868,0.039076
0.0545,290.8929,0.055945,0.040972
0.0545,291.9643,0.055285,0.043188
0.0545,293.0357,0.053968,0.045649
0.0545,294.1071,0.053045,0.047500
0.0545,295.1786,0.051986,0.048811
0.0545,296.2500,0.051037,0.049482
0.0545,297.3214,0.050218,0.049975
0.0545,298.3929,0.049612,0.050248
0.0545,299.4643,0.049066,0.050408
0.0545,300.5357,0.048749,0.050385
0.0545,301.6071,0.047729,0.050203
0.0545,302.6786,0.046609,0.049866
0.0545,303.7500,0.048191,0.049326
0.0545,304.8214,0.049542,0.048645
0.0545,305.8929,0.050603,0.047425
0.0545,306.9643,0.051770,0.045637
0.0545,308.0357,0.053354,0.043228
0.0545,309.1071,0.054233,0.041047
0.0545,310.1786,0.056512,0.039208
0.0545,311.2500,0.055929,0.038143
0.0545,312.3214,0.060870,0.037478
0.0545,313.3929,0.059966,0.037247
0.0545,314.4643,0.055310,0.037164
0.0545,315.5357,0.055657,0.037275
0.0545,316.6071,0.060524,0.037561
0.0545,317.6786,0.062204,0.037987
0.0545,318.7500,0.057924,0.038821
0.0545,319.8214,0.058581,0.039987
0.0545,320.8929,0.056582,0.041878
0.0545,321.9643,0.055885,0.044075
0.0545,323.0357,0.054475,0.046519
0.0545,324.1071,0.053517,0.048324
0.0545,325.1786,0.052383,0.049587
0.0545,326.2500,0.051417,0.050233
0.0545,327.3214,0.050658,0.050718
0.0545,328.3929,0.049993,0.051021
0.0545,329.4643,0.049555,0.051157
0.0545,330.5357,0.048613,0.051161
0.0545,331.6071,0.047407,0.050975
0.0545,332.6786,0.048709,0.050663
0.0545,333.7500,0.050022,0.050112
0.0545,334.8214,0.050809,0.049490
0.0545,335.8929,0.051981,0.048232
0.0545,336.9643,0.053132,0.046479
0.0545,338.0357,0.054651,0.044050
0.0545,339.1071,0.055514,0.041872
0.0545,340.1786,0.057730,0.040017
0.0545,341.2500,0.057134,0.038955
0.0545,342.3214,0.062051,0.038236
0.0545,343.3929,0.060858,0.037956
0.0545,344.4643,0.056090,0.037821
0.0545,345.5357,0.056256,0.037867
0.0545,346.6071,0.061103,0.038096
0.0545,347.6786,0.062619,0.038466
0.0545,348.7500,0.058013,0.039254
0.0545,349.8214,0.058625,0.040380
0.0545,350.8929,0.056556,0.042252
0.0545,351.9643,0.055748,0.044439
0.0545,353.0357,0.054308,0.046872
0.0545,354.1071,0.053278,0.048656
0.0545,355.1786,0.052062,0.049909
0.0545,356.2500,0.051191,0.050546
0.0545,357.3214,0.050428,0.051061
0.0545,358.3929,0.049844,0.051372
0.0545,359.4643,0.048810,0.051560
0.0636,0.5357,0.055992,0.059948
0.0636,1.6071,0.057479,0.059756
0.0636,2.6786,0.058705,0.059392
0.0636,3.7500,0.059526,0.058787
0.0636,4.8214,0.060573,0.058020
0.0636,5.8929,0.061955,0.056563
0.0636,6.9643,0.063096,0.054501
0.0636,8.0357,0.064749,0.051727
0.0636,9.1071,0.065655,0.049214
0.0636,10.1786,0.068083,0.047063
0.0636,11.2500,0.067408,0.045765
0.0636,12.3214,0.072547,0.044868
0.0636,13.3929,0.070554,0.044462
0.0636,14.4643,0.064965,0.044222
0.0636,15.5357,0.064858,0.044184
0.0636,16.6071,0.070351,0.044353
0.0636,17.6786,0.072143,0.044695
0.0636,18.7500,0.066757,0.045540
0.0636,19.8214,0.067303,0.046792
0.0636,20.8929,0.064841,0.048947
0.0636,21.9643,0.063872,0.051452
0.0636,23.0357,0.062178,0.054227
0.0636,24.1071,0.060965,0.056275
0.0636,25.1786,0.059563,0.057723
0.0636,26.2500,0.058667,0.058480
0.0636,27.3214,0.057245,0.059106
0.0636,28.3929,0.055609,0.059485
0.0636,29.4643,0.056801,0.059708
0.0636,30.5357,0.057930,0.059706
0.0636,31.6071,0.058458,0.059531
0.0636,32.6786,0.059192,0.059183
0.0636,33.7500,0.060092,0.058600
0.0636,34.8214,0.061197,0.057809
0.0636,35.8929,0.062435,0.056329
0.0636,36.9643,0.063552,0.054247
0.0636,38.0357,0.065106,0.051453
0.0636,39.1071,0.065969,0.048923
0.0636,40.1786,0.068290,0.046742
0.0636,41.2500,0.067402,0.045393
0.0636,42.3214,0.072228,0.044421
0.0636,43.3929,0.069997,0.043941
0.0636,44.4643,0.064383,0.043613
0.0636,45.5357,0.064006,0.043486
0.0636,46.6071,0.069354,0.043572
0.0636,47.6786,0.070907,0.043853
0.0636,48.7500,0.065261,0.044642
0.0636,49.8214,0.065803,0.045891
0.0636,50.8929,0.063285,0.048014
0.0636,51.9643,0.062271,0.050523
0.0636,53.0357,0.060545,0.053289
0.0636,54.1071,0.059207,0.055312
0.0636,55.1786,0.057952,0.056752
0.0636,56.2500,0.056483,0.057520
0.0636,57.3214,0.054631,0.058171
0.0636,58.3929,0.055795,0.058572
0.0636,59.4643,0.057017,0.058792
0.0636,60.5357,0.057422,0.058815
0.0636,61.6071,0.058070,0.058650
0.0636,62.6786,0.058769,0.058337
0.0636,63.7500,0.059781,0.057740
0.0636,64.8214,0.060803,0.056948
0.0636,65.8929,0.062004,0.055421
0.0636,66.9643,0.063079,0.053306
0.0636,68.0357,0.064571,0.050499
0.0636,69.1071,0.065426,0.047954
0.0636,70.1786,0.067508,0.045764
0.0636,71.2500,0.066575,0.044385
0.0636,72.3214,0.071120,0.043386
0.0636,73.3929,0.068754,0.042844
0.0636,74.4643,0.063216,0.042467
0.0636,75.5357,0.062666,0.042289
0.0636,76.6071,0.067879,0.042337
0.0636,77.6786,0.069211,0.042573
0.0636,78.7500,0.063595,0.043339
0.0636,79.8214,0.064117,0.044552
0.0636,80.8929,0.061578,0.046648
0.0636,81.9643,0.060544,0.049126
0.0636,83.0357,0.058779,0.051862
0.0636,84.1071,0.057446,0.053888
0.0636,85.1786,0.056259,0.055330
0.0636,86.2500,0.054649,0.056121
0.0636,87.3214,0.053162,0.056804
0.0636,88.3929,0.054679,0.057093
0.0636,89.4643,0.055730,0.057136
0.0636,90.5357,0.056154,0.057767
0.0636,91.6071,0.056824,0.057433
0.0636,92.6786,0.057551,0.057002
0.0636,93.7500,0.058584,0.056443
0.0636,94.8214,0.059605,0.055620
0.0636,95.8929,0.060805,0.054085
0.0636,96.9643,0.061890,0.051959
0.0636,98.0357,0.063369,0.049175
0.0636,99.1071,0.064237,0.046670
0.0636,100.1786,0.066248,0.044523
0.0636,101.2500,0.065354,0.043171
0.0636,102.3214,0.069740,0.042186
0.0636,103.3929,0.067397,0.041647
0.0636,104.4643,0.062008,0.041270
0.0636,105.5357,0.061458,0.041093
0.0636,106.6071,0.066532,0.041131
0.0636,107.6786,0.067854,0.041362
0.0636,108.7500,0.062374,0.042110
0.0636,109.8214,0.062869,0.043293
0.0636,110.8929,0.060363,0.045345
0.0636,111.9643,0.059325,0.047768
0.0636,113.0357,0.057588,0.050489
0.0636,114.1071,0.056234,0.052525
0.0636,115.1786,0.055037,0.053991
0.0636,116.2500,0.053498,0.054814
0.0636,117.3214,0.051836,0.055468
0.0636,118.3929,0.053146,0.055892
0.0636,119.4643,0.054261,0.056129
0.0636,120.5357,0.054647,0.056163
0.0636,121.6071,0.055305,0.056001
0.0636,122.6786,0.056013,0.055693
0.0636,123.7500,0.057028,0.055106
0.0636,124.8214,0.058089,0.054281
0.0636,125.8929,0.059300,0.052747
0.0636,126.9643,0.060419,0.050636
0.0636,128.0357,0.061911,0.047896
0.0636,129.1071,0.062817,0.045454
0.0636,130.1786,0.064908,0.043374
0.0636,131.2500,0.064101,0.042070
0.0636,132.3214,0.068480,0.041132
0.0636,133.3929,0.066265,0.040633
0.0636,134.4643,0.061038,0.040292
0.0636,135.5357,0.060610,0.040149
0.0636,136.6071,0.065571,0.040211
0.0636,137.6786,0.067029,0.040461
0.0636,138.7500,0.061775,0.041202
0.0636,139.8214,0.062190,0.042351
0.0636,140.8929,0.059780,0.044331
0.0636,141.9643,0.058745,0.046685
0.0636,143.0357,0.057048,0.049377
0.0636,144.1071,0.055729,0.051414
0.0636,145.1786,0.054402,0.052910
0.0636,146.2500,0.053514,0.053732
0.0636,147.3214,0.052060,0.054397
0.0636,148.3929,0.050724,0.054798
0.0636,149.4643,0.052083,0.055042
0.0636,150.5357,0.053090,0.055049
0.0636,151.6071,0.053623,0.054886
0.0636,152.6786,0.054381,0.054547
0.0636,153.7500,0.055298,0.053955
0.0636,154.8214,0.056427,0.053130
0.0636,155.8929,0.057723,0.051617
0.0636,156.9643,0.058877,0.049547
0.0636,158.0357,0.060472,0.046893
0.0636,159.1071,0.061396,0.044535
0.0636,160.1786,0.063660,0.042540
0.0636,161.2500,0.063045,0.041318
0.0636,162.3214,0.067575,0.040463
0.0636,163.3929,0.065591,0.040049
0.0636,164.4643,0.060515,0.039793
0.0636,165.5357,0.060349,0.039734
0.0636,166.6071,0.065297,0.039871
0.0636,167.6786,0.066983,0.040178
0.0636,168.7500,0.062086,0.040949
0.0636,169.8214,0.062479,0.042097
0.0636,170.8929,0.060160,0.044039
0.0636,171.9643,0.059131,0.046358
0.0636,173.0357,0.057477,0.048993
0.0636,174.1071,0.056239,0.051047
0.0636,175.1786,0.054859,0.052547
0.0636,176.2500,0.053829,0.053372
0.0636,177.3214,0.052988,0.053999
0.0636,178.3929,0.051815,0.054380
0.0636,179.4643,0.050393,0.054574
0.0636,180.5357,0.051314,0.054609
0.0636,181.6071,0.052442,0.054386
0.0636,182.6786,0.053125,0.054003
0.0636,183.7500,0.053986,0.053374
0.0636,184.8214,0.055006,0.052551
0.0636,185.8929,0.056402,0.051039
0.0636,186.9643,0.057604,0.048986
0.0636,188.0357,0.059255,0.046348
0.0636,189.1071,0.060249,0.044026
0.0636,190.1786,0.062559,0.042077
0.0636,191.2500,0.062161,0.040919
0.0636,192.3214,0.066976,0.040133
0.0636,193.3929,0.065238,0.039810
0.0636,194.4643,0.060287,0.039658
0.0636,195.5357,0.060402,0.039701
0.0636,196.6071,0.065455,0.039939
0.0636,197.6786,0.067393,0.040337
0.0636,198.7500,0.062823,0.041184
0.0636,199.8214,0.063387,0.042393
0.0636,200.8929,0.061132,0.044379
0.0636,201.9643,0.060187,0.046732
0.0636,203.0357,0.058592,0.049391
0.0636,204.1071,0.057431,0.051453
0.0636,205.1786,0.056124,0.052964
0.0636,206.2500,0.054999,0.053790
0.0636,207.3214,0.054115,0.054393
0.0636,208.3929,0.053370,0.054746
0.0636,209.4643,0.052853,0.054920
0.0636,210.5357,0.051799,0.054920
0.0636,211.6071,0.050626,0.054684
0.0636,212.6786,0.052134,0.054283
0.0636,213.7500,0.053540,0.053623
0.0636,214.8214,0.054430,0.052809
0.0636,215.8929,0.055782,0.051309
0.0636,216.9643,0.057116,0.049266
0.0636,218.0357,0.058778,0.046588
0.0636,219.1071,0.059838,0.044241
0.0636,220.1786,0.062220,0.042259
0.0636,221.2500,0.061801,0.041132
0.0636,222.3214,0.067018,0.040383
0.0636,223.3929,0.065494,0.040113
0.0636,224.4643,0.060544,0.040041
0.0636,225.5357,0.060915,0.040168
0.0636,226.6071,0.066110,0.040488
0.0636,227.6786,0.068281,0.040971
0.0636,228.7500,0.063879,0.041887
0.0636,229.8214,0.064657,0.043170
0.0636,230.8929,0.062480,0.045224
0.0636,231.9643,0.061581,0.047656
0.0636,233.0357,0.060089,0.050365
0.0636,234.1071,0.058933,0.052470
0.0636,235.1786,0.057727,0.053993
0.0636,236.2500,0.056601,0.054808
0.0636,237.3214,0.055607,0.055396
0.0636,238.3929,0.054899,0.055703
0.0636,239.4643,0.054253,0.055858
0.0636,240.5357,0.053879,0.055821
0.0636,241.6071,0.052719,0.055599
0.0636,242.6786,0.051537,0.055173
0.0636,243.7500,0.053309,0.054515
0.0636,244.8214,0.054793,0.053692
0.0636,245.8929,0.056017,0.052231
0.0636,246.9643,0.057375,0.050182
0.0636,248.0357,0.059095,0.047485
0.0636,249.1071,0.060150,0.045069
0.0636,250.1786,0.062637,0.043034
0.0636,251.2500,0.062181,0.041868
0.0636,252.3214,0.067607,0.041131
0.0636,253.3929,0.066280,0.040902
0.0636,254.4643,0.061235,0.040858
0.0636,255.5357,0.061784,0.041040
0.0636,256.6071,0.067137,0.041413
0.0636,257.6786,0.069473,0.041949
0.0636,258.7500,0.065106,0.042932
0.0636,259.8214,0.065992,0.044277
0.0636,260.8929,0.063966,0.046412
0.0636,261.9643,0.063095,0.048910
0.0636,263.0357,0.061619,0.051686
0.0636,264.1071,0.060526,0.053814
0.0636,265.1786,0.059328,0.055352
0.0636,266.2500,0.058305,0.056178
0.0636,267.3214,0.057274,0.056738
0.0636,268.3929,0.056546,0.057170
0.0636,269.4643,0.055878,0.057501
0.0636,270.5357,0.055453,0.056872
0.0636,271.6071,0.054408,0.056825
0.0636,272.6786,0.052890,0.056535
0.0636,273.7500,0.054368,0.055849
0.0636,274.8214,0.055976,0.055052
0.0636,275.8929,0.057159,0.053605
0.0636,276.9643,0.058491,0.051576
0.0636,278.0357,0.060253,0.048844
0.0636,279.1071,0.061285,0.046372
0.0636,280.1786,0.063819,0.044282
0.0636,281.2500,0.063302,0.043076
0.0636,282.3214,0.068893,0.042311
0.0636,283.3929,0.067576,0.042074
0.0636,284.4643,0.062394,0.042032
0.0636,285.5357,0.062952,0.042214
0.0636,286.6071,0.068467,0.042595
0.0636,287.6786,0.070832,0.043137
0.0636,288.7500,0.066337,0.044141
0.0636,289.8214,0.067274,0.045514
0.0636,290.8929,0.065220,0.047702
0.0636,291.9643,0.064355,0.050240
0.0636,293.0357,0.062878,0.053054
0.0636,294.1071,0.061797,0.055167
0.0636,295.1786,0.060614,0.056707
0.0636,296.2500,0.059594,0.057508
0.0636,297.3214,0.058580,0.058099
0.0636,298.3929,0.057882,0.058416
0.0636,299.4643,0.057223,0.058581
0.0636,300.5357,0.056841,0.058549
0.0636,301.6071,0.055654,0.058339
0.0636,302.6786,0.054348,0.057926
0.0636,303.7500,0.056095,0.057286
0.0636,304.8214,0.057628,0.056500
0.0636,305.8929,0.058869,0.055079
0.0636,306.9643,0.060217,0.053047
0.0636,308.0357,0.061946,0.050285
0.0636,309.1071,0.062970,0.047789
0.0636,310.1786,0.065499,0.045657
0.0636,311.2500,0.064955,0.044416
0.0636,312.3214,0.070602,0.043631
0.0636,313.3929,0.069110,0.043364
0.0636,314.4643,0.063775,0.043282
0.0636,315.5357,0.064195,0.043418
0.0636,316.6071,0.069792,0.043755
0.0636,317.6786,0.072056,0.044256
0.0636,318.7500,0.067288,0.045214
0.0636,319.8214,0.068184,0.046577
0.0636,320.8929,0.065891,0.048749
0.0636,321.9643,0.065025,0.051288
0.0636,323.0357,0.063491,0.054067
0.0636,324.1071,0.062364,0.056159
0.0636,325.1786,0.061154,0.057638
0.0636,326.2500,0.060027,0.058433
0.0636,327.3214,0.059120,0.059010
0.0636,328.3929,0.058385,0.059342
0.0636,329.4643,0.057839,0.059523
0.0636,330.5357,0.056748,0.059518
0.0636,331.6071,0.055365,0.059292
0.0636,332.6786,0.056817,0.058913
0.0636,333.7500,0.058316,0.058272
0.0636,334.8214,0.059195,0.057520
0.0636,335.8929,0.060595,0.056073
0.0636,336.9643,0.061824,0.054046
0.0636,338.0357,0.063508,0.051261
0.0636,339.1071,0.064513,0.048751
0.0636,340.1786,0.066985,0.046615
0.0636,341.2500,0.066452,0.045369
0.0636,342.3214,0.071900,0.044531
0.0636,343.3929,0.070151,0.044205
0.0636,344.4643,0.064700,0.044056
0.0636,345.5357,0.064872,0.044115
0.0636,346.6071,0.070476,0.044376
0.0636,347.6786,0.072518,0.044804
0.0636,348.7500,0.067455,0.045721
0.0636,349.8214,0.068180,0.047032
0.0636,350.8929,0.065768,0.049199
0.0636,351.9643,0.064880,0.051715
0.0636,353.0357,0.063230,0.054496
0.0636,354.1071,0.062106,0.056557
0.0636,355.1786,0.060771,0.058027
0.0636,356.2500,0.059722,0.058792
0.0636,357.3214,0.058869,0.059400
0.0636,358.3929,0.058187,0.059766
0.0636,359.4643,0.056987,0.059988
0.0727,0.5357,0.064439,0.068455
0.0727,1.6071,0.066066,0.068239
0.0727,2.6786,0.067389,0.067816
0.0727,3.7500,0.068256,0.067093
0.0727,4.8214,0.069402,0.066166
0.0727,5.8929,0.070743,0.064479
0.0727,6.9643,0.071922,0.062122
0.0727,8.0357,0.073638,0.058949
0.0727,9.1071,0.074622,0.056054
0.0727,10.1786,0.077263,0.053563
0.0727,11.2500,0.076357,0.052043
0.0727,12.3214,0.081970,0.050987
0.0727,13.3929,0.079409,0.050508
0.0727,14.4643,0.073123,0.050231
0.0727,15.5357,0.072999,0.050189
0.0727,16.6071,0.079227,0.050398
0.0727,17.6786,0.081558,0.050812
0.0727,18.7500,0.075735,0.051831
0.0727,19.8214,0.076456,0.053314
0.0727,20.8929,0.073744,0.055806
0.0727,21.9643,0.072771,0.058705
0.0727,23.0357,0.070992,0.061908
0.0727,24.1071,0.069801,0.064242
0.0727,25.1786,0.068309,0.065940
0.0727,26.2500,0.067350,0.066842
0.0727,27.3214,0.065842,0.067591
0.0727,28.3929,0.064068,0.068028
0.0727,29.4643,0.065435,0.068287
0.0727,30.5357,0.066715,0.068289
0.0727,31.6071,0.067297,0.068072
0.0727,32.6786,0.068044,0.067651
0.0727,33.7500,0.069049,0.066930
0.0727,34.8214,0.070127,0.065966
0.0727,35.8929,0.071376,0.064251
0.0727,36.9643,0.072508,0.061861
0.0727,38.0357,0.074161,0.058664
0.0727,39.1071,0.075122,0.055739
0.0727,40.1786,0.077410,0.053204
0.0727,41.2500,0.076366,0.051620
0.0727,42.3214,0.081593,0.050490
0.0727,43.3929,0.078771,0.049909
0.0727,44.4643,0.072445,0.049530
0.0727,45.5357,0.072021,0.049389
0.0727,46.6071,0.078049,0.049494
0.0727,47.6786,0.080120,0.049849
0.0727,48.7500,0.074068,0.050797
0.0727,49.8214,0.074615,0.052249
0.0727,50.8929,0.071916,0.054708
0.0727,51.9643,0.070860,0.057607
0.0727,53.0357,0.069123,0.060775
0.0727,54.1071,0.067697,0.063121
0.0727,55.1786,0.066357,0.064782
0.0727,56.2500,0.064803,0.065704
0.0727,57.3214,0.062822,0.066463
0.0727,58.3929,0.064191,0.066936
0.0727,59.4643,0.065585,0.067192
0.0727,60.5357,0.066081,0.067218
0.0727,61.6071,0.066775,0.067034
0.0727,62.6786,0.067557,0.066642
0.0727,63.7500,0.068642,0.065964
0.0727,64.8214,0.069646,0.065037
0.0727,65.8929,0.070861,0.063273
0.0727,66.9643,0.071972,0.060776
0.0727,68.0357,0.073553,0.057491
0.0727,69.1071,0.074525,0.054487
0.0727,70.1786,0.076309,0.051941
0.0727,71.2500,0.075491,0.050316
0.0727,72.3214,0.080528,0.049146
0.0727,73.3929,0.076681,0.048506
0.0727,74.4643,0.070952,0.048075
0.0727,75.5357,0.070376,0.047881
0.0727,76.6071,0.076403,0.047966
0.0727,77.6786,0.078173,0.048302
0.0727,78.7500,0.072074,0.049256
0.0727,79.8214,0.072593,0.050730
0.0727,80.8929,0.069922,0.053181
0.0727,81.9643,0.068852,0.056034
0.0727,83.0357,0.067066,0.059164
0.0727,84.1071,0.065671,0.061501
0.0727,85.1786,0.064420,0.063181
0.0727,86.2500,0.062712,0.064133
0.0727,87.3214,0.061164,0.064955
0.0727,88.3929,0.062963,0.065299
0.0727,89.4643,0.064192,0.065370
0.0727,90.5357,0.064735,0.066196
0.0727,91.6071,0.065471,0.065826
0.0727,92.6786,0.066324,0.065311
0.0727,93.7500,0.067446,0.064703
0.0727,94.8214,0.068458,0.063748
0.0727,95.8929,0.069698,0.061920
0.0727,96.9643,0.070819,0.059341
0.0727,98.0357,0.072365,0.056031
0.0727,99.1071,0.073277,0.053060
0.0727,100.1786,0.074986,0.050550
0.0727,101.2500,0.074370,0.048947
0.0727,102.3214,0.079425,0.047795
0.0727,103.3929,0.075402,0.047143
0.0727,104.4643,0.069707,0.046684
0.0727,105.5357,0.068913,0.046462
0.0727,106.6071,0.074791,0.046507
0.0727,107.6786,0.076496,0.046811
0.0727,108.7500,0.070532,0.047730
0.0727,109.8214,0.071013,0.049172
0.0727,110.8929,0.068338,0.051595
0.0727,111.9643,0.067229,0.054404
0.0727,113.0357,0.065419,0.057478
0.0727,114.1071,0.063987,0.059791
0.0727,115.1786,0.062676,0.061449
0.0727,116.2500,0.061018,0.062380
0.0727,117.3214,0.059278,0.063150
0.0727,118.3929,0.060826,0.063629
0.0727,119.4643,0.062108,0.063902
0.0727,120.5357,0.062588,0.063959
0.0727,121.6071,0.063322,0.063780
0.0727,122.6786,0.064131,0.063407
0.0727,123.7500,0.065274,0.062701
0.0727,124.8214,0.066344,0.061734
0.0727,125.8929,0.067658,0.059965
0.0727,126.9643,0.068827,0.057564
0.0727,128.0357,0.070508,0.054466
0.0727,129.1071,0.071435,0.051691
0.0727,130.1786,0.073578,0.049315
0.0727,131.2500,0.072664,0.047825
0.0727,132.3214,0.077370,0.046737
0.0727,133.3929,0.074592,0.046163
0.0727,134.4643,0.068715,0.045765
0.0727,135.5357,0.068247,0.045603
0.0727,136.6071,0.073787,0.045689
0.0727,137.6786,0.075749,0.045982
0.0727,138.7500,0.070123,0.046856
0.0727,139.8214,0.070501,0.048177
0.0727,140.8929,0.067883,0.050441
0.0727,141.9643,0.066758,0.053115
0.0727,143.0357,0.064951,0.056166
0.0727,144.1071,0.063628,0.058509
0.0727,145.1786,0.062142,0.060250
0.0727,146.2500,0.061200,0.061215
0.0727,147.3214,0.059588,0.062012
0.0727,148.3929,0.058151,0.062489
0.0727,149.4643,0.059690,0.062782
0.0727,150.5357,0.060848,0.062804
0.0727,151.6071,0.061484,0.062618
0.0727,152.6786,0.062293,0.062211
0.0727,153.7500,0.063341,0.061497
0.0727,154.8214,0.064573,0.060512
0.0727,155.8929,0.065904,0.058769
0.0727,156.9643,0.067160,0.056409
0.0727,158.0357,0.068859,0.053392
0.0727,159.1071,0.069946,0.050714
0.0727,160.1786,0.072295,0.048431
0.0727,161.2500,0.071526,0.047020
0.0727,162.3214,0.076442,0.046027
0.0727,163.3929,0.073904,0.045543
0.0727,164.4643,0.068202,0.045250
0.0727,165.5357,0.067994,0.045173
0.0727,166.6071,0.073543,0.045323
0.0727,167.6786,0.075705,0.045682
0.0727,168.7500,0.070418,0.046571
0.0727,169.8214,0.070931,0.047892
0.0727,170.8929,0.068322,0.050104
0.0727,171.9643,0.067223,0.052731
0.0727,173.0357,0.065414,0.055707
0.0727,174.1071,0.064139,0.058053
0.0727,175.1786,0.062639,0.059787
0.0727,176.2500,0.061479,0.060766
0.0727,177.3214,0.060581,0.061509
0.0727,178.3929,0.059267,0.061957
0.0727,179.4643,0.057717,0.062185
0.0727,180.5357,0.058741,0.062230
0.0727,181.6071,0.060019,0.061972
0.0727,182.6786,0.060777,0.061523
0.0727,183.7500,0.061718,0.060780
0.0727,184.8214,0.062887,0.059807
0.0727,185.8929,0.064334,0.058064
0.0727,186.9643,0.065609,0.055722
0.0727,188.0357,0.067409,0.052745
0.0727,189.1071,0.068493,0.050117
0.0727,190.1786,0.071089,0.047898
0.0727,191.2500,0.070530,0.046561
0.0727,192.3214,0.075743,0.045653
0.0727,193.3929,0.073513,0.045276
0.0727,194.4643,0.067949,0.045102
0.0727,195.5357,0.068091,0.045153
0.0727,196.6071,0.073751,0.045426
0.0727,197.6786,0.076239,0.045880
0.0727,198.7500,0.071260,0.046858
0.0727,199.8214,0.071975,0.048254
0.0727,200.8929,0.069585,0.050514
0.0727,201.9643,0.068489,0.053186
0.0727,203.0357,0.066775,0.056176
0.0727,204.1071,0.065506,0.058537
0.0727,205.1786,0.064156,0.060277
0.0727,206.2500,0.062922,0.061265
0.0727,207.3214,0.061899,0.061968
0.0727,208.3929,0.061095,0.062388
0.0727,209.4643,0.060492,0.062581
0.0727,210.5357,0.059285,0.062569
0.0727,211.6071,0.057954,0.062280
0.0727,212.6786,0.059599,0.061805
0.0727,213.7500,0.061140,0.061023
0.0727,214.8214,0.062105,0.060062
0.0727,215.8929,0.063618,0.058309
0.0727,216.9643,0.064924,0.055979
0.0727,218.0357,0.066744,0.052944
0.0727,219.1071,0.067860,0.050278
0.0727,220.1786,0.070483,0.048032
0.0727,221.2500,0.070098,0.046721
0.0727,222.3214,0.075651,0.045856
0.0727,223.3929,0.073653,0.045543
0.0727,224.4643,0.068143,0.045454
0.0727,225.5357,0.068562,0.045607
0.0727,226.6071,0.074399,0.045984
0.0727,227.6786,0.077135,0.046549
0.0727,228.7500,0.072418,0.047610
0.0727,229.8214,0.073292,0.049092
0.0727,230.8929,0.071146,0.051458
0.0727,231.9643,0.070127,0.054204
0.0727,233.0357,0.068471,0.057288
0.0727,234.1071,0.067285,0.059689
0.0727,235.1786,0.065965,0.061459
0.0727,236.2500,0.064883,0.062419
0.0727,237.3214,0.063746,0.063138
0.0727,238.3929,0.062950,0.063512
0.0727,239.4643,0.062228,0.063694
0.0727,240.5357,0.061756,0.063644
0.0727,241.6071,0.060430,0.063368
0.0727,242.6786,0.059030,0.062884
0.0727,243.7500,0.060900,0.062115
0.0727,244.8214,0.062512,0.061158
0.0727,245.8929,0.063842,0.059496
0.0727,246.9643,0.065298,0.057171
0.0727,248.0357,0.067092,0.054126
0.0727,249.1071,0.068207,0.051345
0.0727,250.1786,0.070885,0.048965
0.0727,251.2500,0.070450,0.047543
0.0727,252.3214,0.076337,0.046619
0.0727,253.3929,0.074551,0.046307
0.0727,254.4643,0.068689,0.046242
0.0727,255.5357,0.069420,0.046450
0.0727,256.6071,0.075061,0.046893
0.0727,257.6786,0.079008,0.047531
0.0727,258.7500,0.074008,0.048674
0.0727,259.8214,0.074649,0.050265
0.0727,260.8929,0.072920,0.052757
0.0727,261.9643,0.071995,0.055696
0.0727,263.0357,0.070440,0.058969
0.0727,264.1071,0.069291,0.061514
0.0727,265.1786,0.068028,0.063315
0.0727,266.2500,0.066997,0.064252
0.0727,267.3214,0.065864,0.064852
0.0727,268.3929,0.065005,0.065362
0.0727,269.4643,0.064267,0.065737
0.0727,270.5357,0.063721,0.064927
0.0727,271.6071,0.062508,0.064864
0.0727,272.6786,0.060697,0.064531
0.0727,273.7500,0.062225,0.063722
0.0727,274.8214,0.063940,0.062793
0.0727,275.8929,0.065194,0.061140
0.0727,276.9643,0.066595,0.058828
0.0727,278.0357,0.068392,0.055704
0.0727,279.1071,0.069468,0.052837
0.0727,280.1786,0.072149,0.050351
0.0727,281.2500,0.071611,0.048855
0.0727,282.3214,0.077689,0.047892
0.0727,283.3929,0.075941,0.047571
0.0727,284.4643,0.069912,0.047505
0.0727,285.5357,0.070691,0.047719
0.0727,286.6071,0.076511,0.048173
0.0727,287.6786,0.080552,0.048825
0.0727,288.7500,0.075375,0.050001
0.0727,289.8214,0.076046,0.051630
0.0727,290.8929,0.074298,0.054199
0.0727,291.9643,0.073400,0.057226
0.0727,293.0357,0.071876,0.060562
0.0727,294.1071,0.070779,0.063142
0.0727,295.1786,0.069569,0.064958
0.0727,296.2500,0.068576,0.065884
0.0727,297.3214,0.067474,0.066540
0.0727,298.3929,0.066669,0.066899
0.0727,299.4643,0.065960,0.067070
0.0727,300.5357,0.065477,0.067010
0.0727,301.6071,0.064098,0.066736
0.0727,302.6786,0.062556,0.066244
0.0727,303.7500,0.064414,0.065475
0.0727,304.8214,0.066020,0.064528
0.0727,305.8929,0.067339,0.062852
0.0727,306.9643,0.068738,0.060506
0.0727,308.0357,0.070494,0.057338
0.0727,309.1071,0.071541,0.054431
0.0727,310.1786,0.074233,0.051984
0.0727,311.2500,0.073695,0.050516
0.0727,312.3214,0.079746,0.049576
0.0727,313.3929,0.077723,0.049236
0.0727,314.4643,0.071722,0.049128
0.0727,315.5357,0.072188,0.049283
0.0727,316.6071,0.078498,0.049678
0.0727,317.6786,0.081339,0.050262
0.0727,318.7500,0.076194,0.051400
0.0727,319.8214,0.077240,0.052987
0.0727,320.8929,0.075000,0.055513
0.0727,321.9643,0.074051,0.058433
0.0727,323.0357,0.072410,0.061636
0.0727,324.1071,0.071280,0.064025
0.0727,325.1786,0.070036,0.065757
0.0727,326.2500,0.068978,0.066711
0.0727,327.3214,0.067955,0.067428
0.0727,328.3929,0.067185,0.067854
0.0727,329.4643,0.066600,0.068051
0.0727,330.5357,0.065381,0.068048
0.0727,331.6071,0.063787,0.067788
0.0727,332.6786,0.065328,0.067364
0.0727,333.7500,0.066949,0.066596
0.0727,334.8214,0.067875,0.065708
0.0727,335.8929,0.069369,0.064009
0.0727,336.9643,0.070573,0.061681
0.0727,338.0357,0.072358,0.058482
0.0727,339.1071,0.073349,0.055587
0.0727,340.1786,0.076066,0.053100
0.0727,341.2500,0.075390,0.051623
0.0727,342.3214,0.081257,0.050634
0.0727,343.3929,0.079003,0.050222
0.0727,344.4643,0.072807,0.050045
0.0727,345.5357,0.073012,0.050106
0.0727,346.6071,0.079309,0.050409
0.0727,347.6786,0.081927,0.050911
0.0727,348.7500,0.076399,0.051987
0.0727,349.8214,0.077332,0.053520
0.0727,350.8929,0.074801,0.056028
0.0727,351.9643,0.073805,0.058930
0.0727,353.0357,0.072100,0.062112
0.0727,354.1071,0.070942,0.064469
0.0727,355.1786,0.069615,0.066172
0.0727,356.2500,0.068495,0.067097
0.0727,357.3214,0.067581,0.067826
0.0727,358.3929,0.066873,0.068255
0.0727,359.4643,0.065528,0.068507
0.0818,0.5357,0.072751,0.076817
0.0818,1.6071,0.074541,0.076589
0.0818,2.6786,0.075955,0.076113
0.0818,3.7500,0.076912,0.075280
0.0818,4.8214,0.078127,0.074211
0.0818,5.8929,0.079480,0.072315
0.0818,6.9643,0.080699,0.069694
0.0818,8.0357,0.082557,0.066170
0.0818,9.1071,0.083664,0.062924
0.0818,10.1786,0.086342,0.060101
0.0818,11.2500,0.085316,0.058351
0.0818,12.3214,0.091397,0.057131
0.0818,13.3929,0.088251,0.056560
0.0818,14.4643,0.081197,0.056240
0.0818,15.5357,0.081058,0.056189
0.0818,16.6071,0.088012,0.056428
0.0818,17.6786,0.090921,0.056918
0.0818,18.7500,0.084556,0.058086
0.0818,19.8214,0.085485,0.059793
0.0818,20.8929,0.082528,0.062612
0.0818,21.9643,0.081459,0.065851
0.0818,23.0357,0.079584,0.069415
0.0818,24.1071,0.078420,0.072030
0.0818,25.1786,0.076879,0.073950
0.0818,26.2500,0.075858,0.075033
0.0818,27.3214,0.074265,0.075913
0.0818,28.3929,0.072384,0.076454
0.0818,29.4643,0.073896,0.076793
0.0818,30.5357,0.075331,0.076846
0.0818,31.6071,0.075956,0.076663
0.0818,32.6786,0.076774,0.076202
0.0818,33.7500,0.077874,0.075472
0.0818,34.8214,0.078980,0.074419
0.0818,35.8929,0.080280,0.072416
0.0818,36.9643,0.081583,0.069568
0.0818,38.0357,0.083347,0.065863
0.0818,39.1071,0.084555,0.062478
0.0818,40.1786,0.086483,0.059613
0.0818,41.2500,0.086219,0.057797
0.0818,42.3214,0.092171,0.056531
0.0818,43.3929,0.087192,0.055862
0.0818,44.4643,0.080869,0.055418
0.0818,45.5357,0.079994,0.055216
0.0818,46.6071,0.087021,0.055330
0.0818,47.6786,0.089264,0.055711
0.0818,48.7500,0.082594,0.056813
0.0818,49.8214,0.083189,0.058542
0.0818,50.8929,0.080132,0.061390
0.0818,51.9643,0.078979,0.064680
0.0818,53.0357,0.077098,0.068192
0.0818,54.1071,0.075744,0.070775
0.0818,55.1786,0.074314,0.072607
0.0818,56.2500,0.072671,0.073660
0.0818,57.3214,0.070675,0.074512
0.0818,58.3929,0.072288,0.075069
0.0818,59.4643,0.073850,0.075400
0.0818,60.5357,0.074437,0.075496
0.0818,61.6071,0.075176,0.075318
0.0818,62.6786,0.076094,0.074907
0.0818,63.7500,0.077184,0.074236
0.0818,64.8214,0.078259,0.073171
0.0818,65.8929,0.079563,0.071131
0.0818,66.9643,0.080946,0.068190
0.0818,68.0357,0.082543,0.064457
0.0818,69.1071,0.083778,0.061057
0.0818,70.1786,0.085333,0.058224
0.0818,71.2500,0.085514,0.056402
0.0818,72.3214,0.090784,0.055119
0.0818,73.3929,0.085143,0.054399
0.0818,74.4643,0.079523,0.053903
0.0818,75.5357,0.078279,0.053652
0.0818,76.6071,0.085271,0.053712
0.0818,77.6786,0.087233,0.054059
0.0818,78.7500,0.080517,0.055136
0.0818,79.8214,0.080976,0.056864
0.0818,80.8929,0.077969,0.059713
0.0818,81.9643,0.076818,0.062992
0.0818,83.0357,0.074932,0.066490
0.0818,84.1071,0.073480,0.069080
0.0818,85.1786,0.072153,0.070940
0.0818,86.2500,0.070372,0.071997
0.0818,87.3214,0.068916,0.072922
0.0818,88.3929,0.071011,0.073285
0.0818,89.4643,0.072364,0.073367
0.0818,90.5357,0.072986,0.074378
0.0818,91.6071,0.073783,0.073951
0.0818,92.6786,0.074753,0.073335
0.0818,93.7500,0.075831,0.072693
0.0818,94.8214,0.076931,0.071584
0.0818,95.8929,0.078234,0.069489
0.0818,96.9643,0.079614,0.066504
0.0818,98.0357,0.081150,0.062792
0.0818,99.1071,0.082341,0.059434
0.0818,100.1786,0.083807,0.056642
0.0818,101.2500,0.084014,0.054835
0.0818,102.3214,0.089095,0.053568
0.0818,103.3929,0.083441,0.052822
0.0818,104.4643,0.077919,0.052300
0.0818,105.5357,0.076631,0.052017
0.0818,106.6071,0.083359,0.052051
0.0818,107.6786,0.085263,0.052355
0.0818,108.7500,0.078697,0.053373
0.0818,109.8214,0.079087,0.055012
0.0818,110.8929,0.076107,0.057772
0.0818,111.9643,0.074901,0.060960
0.0818,113.0357,0.073001,0.064398
0.0818,114.1071,0.071501,0.066995
0.0818,115.1786,0.070135,0.068848
0.0818,116.2500,0.068416,0.069931
0.0818,117.3214,0.066689,0.070810
0.0818,118.3929,0.068510,0.071384
0.0818,119.4643,0.069943,0.071725
0.0818,120.5357,0.070535,0.071823
0.0818,121.6071,0.071317,0.071648
0.0818,122.6786,0.072271,0.071256
0.0818,123.7500,0.073419,0.070550
0.0818,124.8214,0.074568,0.069474
0.0818,125.8929,0.075945,0.067419
0.0818,126.9643,0.077324,0.064566
0.0818,128.0357,0.079076,0.060987
0.0818,129.1071,0.080282,0.057778
0.0818,130.1786,0.082027,0.055101
0.0818,131.2500,0.082005,0.053416
0.0818,132.3214,0.087313,0.052223
0.0818,133.3929,0.082318,0.051567
0.0818,134.4643,0.076700,0.051129
0.0818,135.5357,0.075728,0.050918
0.0818,136.6071,0.082231,0.050996
0.0818,137.6786,0.084326,0.051351
0.0818,138.7500,0.078144,0.052353
0.0818,139.8214,0.078596,0.053931
0.0818,140.8929,0.075626,0.056580
0.0818,141.9643,0.074439,0.059671
0.0818,143.0357,0.072502,0.063080
0.0818,144.1071,0.071167,0.065683
0.0818,145.1786,0.069616,0.067600
0.0818,146.2500,0.068653,0.068673
0.0818,147.3214,0.066965,0.069550
0.0818,148.3929,0.065549,0.070067
0.0818,149.4643,0.067354,0.070377
0.0818,150.5357,0.068655,0.070416
0.0818,151.6071,0.069367,0.070236
0.0818,152.6786,0.070264,0.069780
0.0818,153.7500,0.071435,0.069043
0.0818,154.8214,0.072627,0.067960
0.0818,155.8929,0.074000,0.065979
0.0818,156.9643,0.075318,0.063235
0.0818,158.0357,0.077093,0.059758
0.0818,159.1071,0.078277,0.056642
0.0818,160.1786,0.080355,0.054027
0.0818,161.2500,0.079914,0.052382
0.0818,162.3214,0.085560,0.051242
0.0818,163.3929,0.081403,0.050671
0.0818,164.4643,0.075481,0.050337
0.0818,165.5357,0.075093,0.050248
0.0818,166.6071,0.081503,0.050451
0.0818,167.6786,0.084081,0.050908
0.0818,168.7500,0.078383,0.052000
0.0818,169.8214,0.079112,0.053606
0.0818,170.8929,0.076325,0.056193
0.0818,171.9643,0.075134,0.059208
0.0818,173.0357,0.073272,0.062544
0.0818,174.1071,0.071939,0.065144
0.0818,175.1786,0.070492,0.067070
0.0818,176.2500,0.069242,0.068184
0.0818,177.3214,0.068296,0.069031
0.0818,178.3929,0.066894,0.069531
0.0818,179.4643,0.065241,0.069782
0.0818,180.5357,0.066377,0.069843
0.0818,181.6071,0.067800,0.069562
0.0818,182.6786,0.068595,0.069056
0.0818,183.7500,0.069613,0.068201
0.0818,184.8214,0.070857,0.067075
0.0818,185.8929,0.072313,0.065111
0.0818,186.9643,0.073639,0.062497
0.0818,188.0357,0.075513,0.059157
0.0818,189.1071,0.076723,0.056182
0.0818,190.1786,0.079398,0.053657
0.0818,191.2500,0.078684,0.052120
0.0818,192.3214,0.084303,0.051062
0.0818,193.3929,0.081530,0.050603
0.0818,194.4643,0.075340,0.050379
0.0818,195.5357,0.075466,0.050425
0.0818,196.6071,0.081728,0.050722
0.0818,197.6786,0.084719,0.051249
0.0818,198.7500,0.079370,0.052350
0.0818,199.8214,0.080166,0.053927
0.0818,200.8929,0.077719,0.056481
0.0818,201.9643,0.076525,0.059476
0.0818,203.0357,0.074652,0.062799
0.0818,204.1071,0.073334,0.065399
0.0818,205.1786,0.071919,0.067331
0.0818,206.2500,0.070708,0.068455
0.0818,207.3214,0.069566,0.069267
0.0818,208.3929,0.068714,0.069752
0.0818,209.4643,0.068051,0.069978
0.0818,210.5357,0.066696,0.069975
0.0818,211.6071,0.065165,0.069692
0.0818,212.6786,0.066845,0.069200
0.0818,213.7500,0.068463,0.068344
0.0818,214.8214,0.069496,0.067291
0.0818,215.8929,0.071092,0.065385
0.0818,216.9643,0.072421,0.062809
0.0818,218.0357,0.074389,0.059430
0.0818,219.1071,0.075614,0.056378
0.0818,220.1786,0.078574,0.053759
0.0818,221.2500,0.078098,0.052187
0.0818,222.3214,0.084211,0.051179
0.0818,223.3929,0.082072,0.050833
0.0818,224.4643,0.075593,0.050746
0.0818,225.5357,0.076497,0.050938
0.0818,226.6071,0.082082,0.051372
0.0818,227.6786,0.087060,0.052008
0.0818,228.7500,0.081725,0.053188
0.0818,229.8214,0.081720,0.054869
0.0818,230.8929,0.079971,0.057528
0.0818,231.9643,0.078708,0.060723
0.0818,233.0357,0.076980,0.064283
0.0818,234.1071,0.075589,0.067129
0.0818,235.1786,0.074196,0.069171
0.0818,236.2500,0.073054,0.070245
0.0818,237.3214,0.071835,0.070948
0.0818,238.3929,0.070893,0.071339
0.0818,239.4643,0.070132,0.071511
0.0818,240.5357,0.069536,0.071410
0.0818,241.6071,0.068034,0.071071
0.0818,242.6786,0.066365,0.070492
0.0818,243.7500,0.068239,0.069607
0.0818,244.8214,0.069900,0.068524
0.0818,245.8929,0.071313,0.066645
0.0818,246.9643,0.072752,0.064055
0.0818,248.0357,0.074666,0.060634
0.0818,249.1071,0.075878,0.057450
0.0818,250.1786,0.078849,0.054723
0.0818,251.2500,0.078507,0.053099
0.0818,252.3214,0.084978,0.052087
0.0818,253.3929,0.083057,0.051774
0.0818,254.4643,0.076378,0.051743
0.0818,255.5357,0.077639,0.052021
0.0818,256.6071,0.083111,0.052533
0.0818,257.6786,0.088716,0.053264
0.0818,258.7500,0.083667,0.054526
0.0818,259.8214,0.083467,0.056317
0.0818,260.8929,0.081979,0.059088
0.0818,261.9643,0.080771,0.062427
0.0818,263.0357,0.079218,0.066119
0.0818,264.1071,0.077828,0.069092
0.0818,265.1786,0.076516,0.071182
0.0818,266.2500,0.075405,0.072288
0.0818,267.3214,0.074317,0.072928
0.0818,268.3929,0.073341,0.073537
0.0818,269.4643,0.072541,0.073959
0.0818,270.5357,0.071915,0.072951
0.0818,271.6071,0.070566,0.072866
0.0818,272.6786,0.068478,0.072499
0.0818,273.7500,0.069901,0.071571
0.0818,274.8214,0.071689,0.070512
0.0818,275.8929,0.073015,0.068649
0.0818,276.9643,0.074467,0.066061
0.0818,278.0357,0.076354,0.062565
0.0818,279.1071,0.077507,0.059293
0.0818,280.1786,0.080509,0.056449
0.0818,281.2500,0.080053,0.054730
0.0818,282.3214,0.086752,0.053660
0.0818,283.3929,0.084808,0.053321
0.0818,284.4643,0.077853,0.053269
0.0818,285.5357,0.079134,0.053532
0.0818,286.6071,0.084755,0.054037
0.0818,287.6786,0.090463,0.054770
0.0818,288.7500,0.085194,0.056052
0.0818,289.8214,0.085010,0.057879
0.0818,290.8929,0.083480,0.060709
0.0818,291.9643,0.082272,0.064110
0.0818,293.0357,0.080721,0.067849
0.0818,294.1071,0.079346,0.070814
0.0818,295.1786,0.078055,0.072881
0.0818,296.2500,0.076985,0.073944
0.0818,297.3214,0.075895,0.074629
0.0818,298.3929,0.074973,0.075038
0.0818,299.4643,0.074214,0.075206
0.0818,300.5357,0.073639,0.075107
0.0818,301.6071,0.072122,0.074778
0.0818,302.6786,0.070312,0.074222
0.0818,303.7500,0.072162,0.073366
0.0818,304.8214,0.073858,0.072311
0.0818,305.8929,0.075270,0.070493
0.0818,306.9643,0.076653,0.067913
0.0818,308.0357,0.078532,0.064400
0.0818,309.1071,0.079682,0.061108
0.0818,310.1786,0.082745,0.058238
0.0818,311.2500,0.082170,0.056505
0.0818,312.3214,0.088869,0.055400
0.0818,313.3929,0.086718,0.055027
0.0818,314.4643,0.079646,0.054934
0.0818,315.5357,0.080659,0.055150
0.0818,316.6071,0.086766,0.055614
0.0818,317.6786,0.092059,0.056299
0.0818,318.7500,0.086243,0.057573
0.0818,319.8214,0.086331,0.059399
0.0818,320.8929,0.084535,0.062277
0.0818,321.9643,0.083327,0.065678
0.0818,323.0357,0.081621,0.069406
0.0818,324.1071,0.080287,0.072296
0.0818,325.1786,0.079015,0.074316
0.0818,326.2500,0.077920,0.075376
0.0818,327.3214,0.076816,0.076100
0.0818,328.3929,0.075957,0.076545
0.0818,329.4643,0.075328,0.076713
0.0818,330.5357,0.073943,0.076648
0.0818,331.6071,0.072175,0.076285
0.0818,332.6786,0.073836,0.075758
0.0818,333.7500,0.075509,0.074844
0.0818,334.8214,0.076488,0.073769
0.0818,335.8929,0.078026,0.071838
0.0818,336.9643,0.079203,0.069214
0.0818,338.0357,0.081059,0.065642
0.0818,339.1071,0.082125,0.062398
0.0818,340.1786,0.085087,0.059573
0.0818,341.2500,0.084211,0.057874
0.0818,342.3214,0.090599,0.056712
0.0818,343.3929,0.087756,0.056233
0.0818,344.4643,0.080827,0.056010
0.0818,345.5357,0.081044,0.056079
0.0818,346.6071,0.088090,0.056420
0.0818,347.6786,0.091291,0.057010
0.0818,348.7500,0.085304,0.058248
0.0818,349.8214,0.086362,0.060014
0.0818,350.8929,0.083752,0.062852
0.0818,351.9643,0.082666,0.066107
0.0818,353.0357,0.080813,0.069642
0.0818,354.1071,0.079624,0.072267
0.0818,355.1786,0.078287,0.074182
0.0818,356.2500,0.077124,0.075254
0.0818,357.3214,0.076126,0.076103
0.0818,358.3929,0.075402,0.076596
0.0818,359.4643,0.073920,0.076876
0.0909,0.5357,0.081858,0.086157
0.0909,1.6071,0.083739,0.085877
0.0909,2.6786,0.085212,0.085285
0.0909,3.7500,0.086222,0.084359
0.0909,4.8214,0.087479,0.083105
0.0909,5.8929,0.088772,0.080850
0.0909,6.9643,0.090112,0.077673
0.0909,8.0357,0.091968,0.073578
0.0909,9.1071,0.093363,0.069819
0.0909,10.1786,0.095497,0.066640
0.0909,11.2500,0.095414,0.064640
0.0909,12.3214,0.102143,0.063264
0.0909,13.3929,0.096484,0.062567
0.0909,14.4643,0.089521,0.062155
0.0909,15.5357,0.088847,0.062018
0.0909,16.6071,0.096771,0.062220
0.0909,17.6786,0.099820,0.062715
0.0909,18.7500,0.092816,0.064005
0.0909,19.8214,0.093709,0.065967
0.0909,20.8929,0.090600,0.069133
0.0909,21.9643,0.089349,0.072747
0.0909,23.0357,0.087307,0.076605
0.0909,24.1071,0.086107,0.079439
0.0909,25.1786,0.084610,0.081528
0.0909,26.2500,0.083578,0.082736
0.0909,27.3214,0.081928,0.083773
0.0909,28.3929,0.080078,0.084387
0.0909,29.4643,0.081816,0.084799
0.0909,30.5357,0.083473,0.084911
0.0909,31.6071,0.084199,0.084765
0.0909,32.6786,0.085204,0.084296
0.0909,33.7500,0.086411,0.083577
0.0909,34.8214,0.087635,0.082424
0.0909,35.8929,0.089037,0.080218
0.0909,36.9643,0.090630,0.077011
0.0909,38.0357,0.092412,0.072947
0.0909,39.1071,0.093878,0.069202
0.0909,40.1786,0.095594,0.066078
0.0909,41.2500,0.096178,0.064083
0.0909,42.3214,0.102069,0.062713
0.0909,43.3929,0.095444,0.061969
0.0909,44.4643,0.089260,0.061469
0.0909,45.5357,0.087931,0.061247
0.0909,46.6071,0.096017,0.061349
0.0909,47.6786,0.098589,0.061775
0.0909,48.7500,0.091309,0.063010
0.0909,49.8214,0.092014,0.064980
0.0909,50.8929,0.088657,0.068196
0.0909,51.9643,0.087370,0.071839
0.0909,53.0357,0.085383,0.075696
0.0909,54.1071,0.083981,0.078529
0.0909,55.1786,0.082478,0.080559
0.0909,56.2500,0.080697,0.081742
0.0909,57.3214,0.078672,0.082717
0.0909,58.3929,0.080522,0.083345
0.0909,59.4643,0.082293,0.083739
0.0909,60.5357,0.082945,0.083854
0.0909,61.6071,0.083805,0.083659
0.0909,62.6786,0.084830,0.083207
0.0909,63.7500,0.085936,0.082470
0.0909,64.8214,0.087073,0.081260
0.0909,65.8929,0.088482,0.078926
0.0909,66.9643,0.090040,0.075571
0.0909,68.0357,0.091567,0.071418
0.0909,69.1071,0.093008,0.067618
0.0909,70.1786,0.094364,0.064482
0.0909,71.2500,0.095220,0.062430
0.0909,72.3214,0.100225,0.061019
0.0909,73.3929,0.093077,0.060183
0.0909,74.4643,0.087524,0.059613
0.0909,75.5357,0.085798,0.059302
0.0909,76.6071,0.093758,0.059340
0.0909,77.6786,0.095982,0.059711
0.0909,78.7500,0.088681,0.060915
0.0909,79.8214,0.089206,0.062866
0.0909,80.8929,0.085862,0.066057
0.0909,81.9643,0.084605,0.069694
0.0909,83.0357,0.082585,0.073523
0.0909,84.1071,0.081150,0.076355
0.0909,85.1786,0.079642,0.078394
0.0909,86.2500,0.077614,0.079567
0.0909,87.3214,0.076601,0.080602
0.0909,88.3929,0.078804,0.080996
0.0909,89.4643,0.080248,0.081100
0.0909,90.5357,0.080979,0.082324
0.0909,91.6071,0.081902,0.081854
0.0909,92.6786,0.082975,0.081163
0.0909,93.7500,0.084094,0.080504
0.0909,94.8214,0.085279,0.079257
0.0909,95.8929,0.086715,0.076911
0.0909,96.9643,0.088303,0.073539
0.0909,98.0357,0.089786,0.069436
0.0909,99.1071,0.091237,0.065712
0.0909,100.1786,0.092545,0.062654
0.0909,101.2500,0.093404,0.060659
0.0909,102.3214,0.098266,0.059263
0.0909,103.3929,0.091215,0.058440
0.0909,104.4643,0.085818,0.057883
0.0909,105.5357,0.084094,0.057572
0.0909,106.6071,0.091843,0.057608
0.0909,107.6786,0.094026,0.057969
0.0909,108.7500,0.086923,0.059128
0.0909,109.8214,0.087421,0.061032
0.0909,110.8929,0.084122,0.064145
0.0909,111.9643,0.082839,0.067716
0.0909,113.0357,0.080827,0.071509
0.0909,114.1071,0.079356,0.074361
0.0909,115.1786,0.077901,0.076425
0.0909,116.2500,0.076091,0.077629
0.0909,117.3214,0.074332,0.078611
0.0909,118.3929,0.076421,0.079258
0.0909,119.4643,0.078013,0.079651
0.0909,120.5357,0.078683,0.079778
0.0909,121.6071,0.079554,0.079598
0.0909,122.6786,0.080611,0.079143
0.0909,123.7500,0.081766,0.078393
0.0909,124.8214,0.082959,0.077148
0.0909,125.8929,0.084411,0.074827
0.0909,126.9643,0.085992,0.071548
0.0909,128.0357,0.087630,0.067558
0.0909,129.1071,0.089062,0.063950
0.0909,130.1786,0.090566,0.060984
0.0909,131.2500,0.091259,0.059066
0.0909,132.3214,0.096330,0.057736
0.0909,133.3929,0.089867,0.056959
0.0909,134.4643,0.084317,0.056453
0.0909,135.5357,0.082927,0.056187
0.0909,136.6071,0.090309,0.056264
0.0909,137.6786,0.092690,0.056632
0.0909,138.7500,0.085959,0.057768
0.0909,139.8214,0.086503,0.059568
0.0909,140.8929,0.083243,0.062545
0.0909,141.9643,0.081936,0.065987
0.0909,143.0357,0.079887,0.069733
0.0909,144.1071,0.078550,0.072585
0.0909,145.1786,0.076953,0.074709
0.0909,146.2500,0.075969,0.075934
0.0909,147.3214,0.074227,0.076959
0.0909,148.3929,0.072842,0.077558
0.0909,149.4643,0.074847,0.077970
0.0909,150.5357,0.076287,0.078063
0.0909,151.6071,0.077073,0.077898
0.0909,152.6786,0.078105,0.077427
0.0909,153.7500,0.079369,0.076656
0.0909,154.8214,0.080663,0.075446
0.0909,155.8929,0.082154,0.073220
0.0909,156.9643,0.083758,0.070109
0.0909,158.0357,0.085676,0.066283
0.0909,159.1071,0.087197,0.062837
0.0909,160.1786,0.089049,0.059988
0.0909,161.2500,0.089448,0.058179
0.0909,162.3214,0.095207,0.056935
0.0909,163.3929,0.089442,0.056282
0.0909,164.4643,0.083629,0.055873
0.0909,165.5357,0.082769,0.055722
0.0909,166.6071,0.089918,0.055872
0.0909,167.6786,0.092681,0.056296
0.0909,168.7500,0.086347,0.057424
0.0909,169.8214,0.086946,0.059158
0.0909,170.8929,0.083937,0.061981
0.0909,171.9643,0.082467,0.065256
0.0909,173.0357,0.080329,0.068840
0.0909,174.1071,0.078857,0.071610
0.0909,175.1786,0.077319,0.073645
0.0909,176.2500,0.075971,0.074813
0.0909,177.3214,0.074933,0.075695
0.0909,178.3929,0.073459,0.076196
0.0909,179.4643,0.071665,0.076433
0.0909,180.5357,0.072844,0.076500
0.0909,181.6071,0.074365,0.076217
0.0909,182.6786,0.075172,0.075704
0.0909,183.7500,0.076270,0.074814
0.0909,184.8214,0.077583,0.073646
0.0909,185.8929,0.079124,0.071598
0.0909,186.9643,0.080578,0.068830
0.0909,188.0357,0.082719,0.065244
0.0909,189.1071,0.084164,0.061973
0.0909,190.1786,0.087100,0.059149
0.0909,191.2500,0.086477,0.057407
0.0909,192.3214,0.092701,0.056263
0.0909,193.3929,0.089831,0.055817
0.0909,194.4643,0.082737,0.055637
0.0909,195.5357,0.083442,0.055768
0.0909,196.6071,0.089397,0.056144
0.0909,197.6786,0.094876,0.056785
0.0909,198.7500,0.088990,0.058000
0.0909,199.8214,0.088726,0.059793
0.0909,200.8929,0.086742,0.062630
0.0909,201.9643,0.085232,0.066043
0.0909,203.0357,0.083265,0.069847
0.0909,204.1071,0.081693,0.072923
0.0909,205.1786,0.080189,0.075138
0.0909,206.2500,0.078876,0.076343
0.0909,207.3214,0.077624,0.077124
0.0909,208.3929,0.076627,0.077609
0.0909,209.4643,0.075863,0.077781
0.0909,210.5357,0.074334,0.077693
0.0909,211.6071,0.072562,0.077301
0.0909,212.6786,0.074237,0.076693
0.0909,213.7500,0.075900,0.075694
0.0909,214.8214,0.076923,0.074456
0.0909,215.8929,0.078543,0.072337
0.0909,216.9643,0.079857,0.069481
0.0909,218.0357,0.081902,0.065755
0.0909,219.1071,0.083239,0.062334
0.0909,220.1786,0.086464,0.059376
0.0909,221.2500,0.085887,0.057581
0.0909,222.3214,0.092537,0.056442
0.0909,223.3929,0.090095,0.056051
0.0909,224.4643,0.082736,0.055971
0.0909,225.5357,0.084059,0.056223
0.0909,226.6071,0.089551,0.056709
0.0909,227.6786,0.096002,0.057466
0.0909,228.7500,0.090888,0.058788
0.0909,229.8214,0.090168,0.060705
0.0909,230.8929,0.088650,0.063646
0.0909,231.9643,0.087207,0.067244
0.0909,233.0357,0.085542,0.071216
0.0909,234.1071,0.083975,0.074484
0.0909,235.1786,0.082517,0.076805
0.0909,236.2500,0.081319,0.078041
0.0909,237.3214,0.080134,0.078795
0.0909,238.3929,0.079107,0.079244
0.0909,239.4643,0.078241,0.079423
0.0909,240.5357,0.077579,0.079310
0.0909,241.6071,0.075925,0.078910
0.0909,242.6786,0.074007,0.078266
0.0909,243.7500,0.075895,0.077286
0.0909,244.8214,0.077668,0.076069
0.0909,245.8929,0.079150,0.073993
0.0909,246.9643,0.080598,0.071134
0.0909,248.0357,0.082599,0.067353
0.0909,249.1071,0.083894,0.063796
0.0909,250.1786,0.087176,0.060712
0.0909,251.2500,0.086699,0.058822
0.0909,252.3214,0.093716,0.057661
0.0909,253.3929,0.091500,0.057296
0.0909,254.4643,0.083806,0.057258
0.0909,255.5357,0.085490,0.057549
0.0909,256.6071,0.090838,0.058103
0.0909,257.6786,0.097817,0.058913
0.0909,258.7500,0.092983,0.060294
0.0909,259.8214,0.092130,0.062275
0.0909,260.8929,0.090791,0.065309
0.0909,261.9643,0.089329,0.069008
0.0909,263.0357,0.087821,0.073092
0.0909,264.1071,0.086227,0.076449
0.0909,265.1786,0.084784,0.078791
0.0909,266.2500,0.083591,0.080034
0.0909,267.3214,0.082469,0.080691
0.0909,268.3929,0.081392,0.081378
0.0909,269.4643,0.080473,0.081847
0.0909,270.5357,0.079741,0.080632
0.0909,271.6071,0.078325,0.080530
0.0909,272.6786,0.076170,0.080138
0.0909,273.7500,0.077064,0.079107
0.0909,274.8214,0.079137,0.077936
0.0909,275.8929,0.080662,0.075898
0.0909,276.9643,0.082099,0.073068
0.0909,278.0357,0.084122,0.069244
0.0909,279.1071,0.085385,0.065618
0.0909,280.1786,0.088725,0.062436
0.0909,281.2500,0.088212,0.060492
0.0909,282.3214,0.095490,0.059296
0.0909,283.3929,0.093292,0.058936
0.0909,284.4643,0.085371,0.058903
0.0909,285.5357,0.087125,0.059222
0.0909,286.6071,0.092682,0.059804
0.0909,287.6786,0.099873,0.060641
0.0909,288.7500,0.094878,0.062059
0.0909,289.8214,0.094032,0.064111
0.0909,290.8929,0.092698,0.067241
0.0909,291.9643,0.091262,0.071040
0.0909,293.0357,0.089787,0.075198
0.0909,294.1071,0.088228,0.078570
0.0909,295.1786,0.086831,0.080930
0.0909,296.2500,0.085683,0.082149
0.0909,297.3214,0.084580,0.082882
0.0909,298.3929,0.083556,0.083338
0.0909,299.4643,0.082676,0.083519
0.0909,300.5357,0.082015,0.083393
0.0909,301.6071,0.080319,0.083005
0.0909,302.6786,0.078254,0.082362
0.0909,303.7500,0.080126,0.081397
0.0909,304.8214,0.081969,0.080214
0.0909,305.8929,0.083447,0.078190
0.0909,306.9643,0.084867,0.075356
0.0909,308.0357,0.086866,0.071501
0.0909,309.1071,0.088130,0.067833
0.0909,310.1786,0.091495,0.064619
0.0909,311.2500,0.090814,0.062637
0.0909,312.3214,0.098124,0.061404
0.0909,313.3929,0.095646,0.060980
0.0909,314.4643,0.087510,0.060887
0.0909,315.5357,0.088970,0.061140
0.0909,316.6071,0.094946,0.061637
0.0909,317.6786,0.101806,0.062400
0.0909,318.7500,0.096113,0.063779
0.0909,319.8214,0.095372,0.065777
0.0909,320.8929,0.093774,0.068902
0.0909,321.9643,0.092275,0.072658
0.0909,323.0357,0.090574,0.076739
0.0909,324.1071,0.088975,0.079985
0.0909,325.1786,0.087566,0.082212
0.0909,326.2500,0.086364,0.083368
0.0909,327.3214,0.085153,0.084064
0.0909,328.3929,0.084106,0.084530
0.0909,329.4643,0.083373,0.084674
0.0909,330.5357,0.081806,0.084558
0.0909,331.6071,0.079735,0.084127
0.0909,332.6786,0.081327,0.083511
0.0909,333.7500,0.083059,0.082477
0.0909,334.8214,0.084047,0.081276
0.0909,335.8929,0.085571,0.079196
0.0909,336.9643,0.086772,0.076356
0.0909,338.0357,0.088801,0.072490
0.0909,339.1071,0.090065,0.068885
0.0909,340.1786,0.093257,0.065695
0.0909,341.2500,0.092386,0.063753
0.0909,342.3214,0.099478,0.062467
0.0909,343.3929,0.096536,0.062000
0.0909,344.4643,0.088600,0.061828
0.0909,345.5357,0.089449,0.061996
0.0909,346.6071,0.096244,0.062447
0.0909,347.6786,0.102200,0.063157
0.0909,348.7500,0.095639,0.064555
0.0909,349.8214,0.095572,0.066573
0.0909,350.8929,0.093579,0.069768
0.0909,351.9643,0.092191,0.073543
0.0909,353.0357,0.090356,0.077658
0.0909,354.1071,0.088992,0.080861
0.0909,355.1786,0.087685,0.083136
0.0909,356.2500,0.086545,0.084385
0.0909,357.3214,0.085479,0.085304
0.0909,358.3929,0.084714,0.085914
0.0909,359.4643,0.083110,0.086235
0.1000,0.5357,0.089108,0.093630
0.1000,1.6071,0.091060,0.093363
0.1000,2.6786,0.092601,0.092767
0.1000,3.7500,0.093656,0.091900
0.1000,4.8214,0.094889,0.090646
0.1000,5.8929,0.096205,0.088294
0.1000,6.9643,0.097803,0.084791
0.1000,8.0357,0.099760,0.080338
0.1000,9.1071,0.101595,0.076189
0.1000,10.1786,0.103546,0.072713
0.1000,11.2500,0.104717,0.070502
0.1000,12.3214,0.111773,0.069076
0.1000,13.3929,0.104637,0.068411
0.1000,14.4643,0.097834,0.068100
0.1000,15.5357,0.097333,0.068059
0.1000,16.6071,0.105381,0.068352
0.1000,17.6786,0.111400,0.068992
0.1000,18.7500,0.103451,0.070463
0.1000,19.8214,0.103076,0.072770
0.1000,20.8929,0.100682,0.076425
0.1000,21.9643,0.098950,0.080684
0.1000,23.0357,0.096963,0.085252
0.1000,24.1071,0.095691,0.088735
0.1000,25.1786,0.094274,0.091140
0.1000,26.2500,0.093222,0.092433
0.1000,27.3214,0.091457,0.093438
0.1000,28.3929,0.089653,0.094068
0.1000,29.4643,0.091653,0.094437
0.1000,30.5357,0.093383,0.094428
0.1000,31.6071,0.094095,0.094120
0.1000,32.6786,0.095085,0.093439
0.1000,33.7500,0.096088,0.092513
0.1000,34.8214,0.097136,0.091053
0.1000,35.8929,0.098440,0.088445
0.1000,36.9643,0.099995,0.084667
0.1000,38.0357,0.101467,0.080047
0.1000,39.1071,0.102988,0.075767
0.1000,40.1786,0.104356,0.072240
0.1000,41.2500,0.105410,0.069915
0.1000,42.3214,0.110957,0.068330
0.1000,43.3929,0.102699,0.067404
0.1000,44.4643,0.096526,0.066811
0.1000,45.5357,0.094743,0.066495
0.1000,46.6071,0.103705,0.066591
0.1000,47.6786,0.106598,0.067055
0.1000,48.7500,0.098760,0.068461
0.1000,49.8214,0.099603,0.070692
0.1000,50.8929,0.096155,0.074271
0.1000,51.9643,0.094832,0.078348
0.1000,53.0357,0.092854,0.082571
0.1000,54.1071,0.091565,0.085725
0.1000,55.1786,0.090127,0.088004
0.1000,56.2500,0.088337,0.089386
0.1000,57.3214,0.086431,0.090531
0.1000,58.3929,0.088630,0.091300
0.1000,59.4643,0.090636,0.091788
0.1000,60.5357,0.091425,0.091962
0.1000,61.6071,0.092448,0.091805
0.1000,62.6786,0.093562,0.091323
0.1000,63.7500,0.094652,0.090552
0.1000,64.8214,0.095871,0.089183
0.1000,65.8929,0.097355,0.086586
0.1000,66.9643,0.098946,0.082804
0.1000,68.0357,0.100315,0.078220
0.1000,69.1071,0.102036,0.074002
0.1000,70.1786,0.103154,0.070573
0.1000,71.2500,0.104468,0.068292
0.1000,72.3214,0.109254,0.066730
0.1000,73.3929,0.100573,0.065772
0.1000,74.4643,0.095144,0.065149
0.1000,75.5357,0.092986,0.064795
0.1000,76.6071,0.101938,0.064840
0.1000,77.6786,0.104495,0.065274
0.1000,78.7500,0.096650,0.066645
0.1000,79.8214,0.097332,0.068868
0.1000,80.8929,0.093782,0.072440
0.1000,81.9643,0.092479,0.076477
0.1000,83.0357,0.090447,0.080685
0.1000,84.1071,0.089090,0.083817
0.1000,85.1786,0.087494,0.086099
0.1000,86.2500,0.085271,0.087440
0.1000,87.3214,0.084802,0.088637
0.1000,88.3929,0.087191,0.089080
0.1000,89.4643,0.088737,0.089200
0.1000,90.5357,0.089592,0.090642
0.1000,91.6071,0.090637,0.090106
0.1000,92.6786,0.091709,0.089298
0.1000,93.7500,0.092778,0.088570
0.1000,94.8214,0.094036,0.087114
0.1000,95.8929,0.095497,0.084457
0.1000,96.9643,0.097058,0.080625
0.1000,98.0357,0.098383,0.076089
0.1000,99.1071,0.100083,0.071922
0.1000,100.1786,0.101113,0.068554
0.1000,101.2500,0.102392,0.066305
0.1000,102.3214,0.106999,0.064747
0.1000,103.3929,0.098460,0.063807
0.1000,104.4643,0.093171,0.063166
0.1000,105.5357,0.091005,0.062822
0.1000,106.6071,0.099707,0.062851
0.1000,107.6786,0.102213,0.063283
0.1000,108.7500,0.094590,0.064622
0.1000,109.8214,0.095257,0.066783
0.1000,110.8929,0.091760,0.070285
0.1000,111.9643,0.090445,0.074267
0.1000,113.0357,0.088437,0.078455
0.1000,114.1071,0.087057,0.081630
0.1000,115.1786,0.085635,0.083963
0.1000,116.2500,0.083779,0.085370
0.1000,117.3214,0.082150,0.086551
0.1000,118.3929,0.084600,0.087329
0.1000,119.4643,0.086443,0.087838
0.1000,120.5357,0.087252,0.088017
0.1000,121.6071,0.088309,0.087855
0.1000,122.6786,0.089474,0.087363
0.1000,123.7500,0.090642,0.086542
0.1000,124.8214,0.091928,0.085108
0.1000,125.8929,0.093468,0.082465
0.1000,126.9643,0.095105,0.078739
0.1000,128.0357,0.096586,0.074313
0.1000,129.1071,0.098248,0.070283
0.1000,130.1786,0.099508,0.067005
0.1000,131.2500,0.100590,0.064808
0.1000,132.3214,0.105322,0.063290
0.1000,133.3929,0.097323,0.062351
0.1000,134.4643,0.091764,0.061712
0.1000,135.5357,0.089855,0.061337
0.1000,136.6071,0.097935,0.061325
0.1000,137.6786,0.100536,0.061660
0.1000,138.7500,0.093194,0.062848
0.1000,139.8214,0.093689,0.064788
0.1000,140.8929,0.090221,0.067987
0.1000,141.9643,0.088690,0.071679
0.1000,143.0357,0.086456,0.075665
0.1000,144.1071,0.085073,0.078691
0.1000,145.1786,0.083367,0.080952
0.1000,146.2500,0.082326,0.082288
0.1000,147.3214,0.080528,0.083405
0.1000,148.3929,0.079106,0.084103
0.1000,149.4643,0.081270,0.084607
0.1000,150.5357,0.082872,0.084778
0.1000,151.6071,0.083734,0.084683
0.1000,152.6786,0.084894,0.084251
0.1000,153.7500,0.086190,0.083565
0.1000,154.8214,0.087600,0.082330
0.1000,155.8929,0.089239,0.079966
0.1000,156.9643,0.091155,0.076545
0.1000,158.0357,0.093130,0.072401
0.1000,159.1071,0.095078,0.068612
0.1000,160.1786,0.096880,0.065494
0.1000,161.2500,0.098361,0.063503
0.1000,162.3214,0.104138,0.062207
0.1000,163.3929,0.097186,0.061558
0.1000,164.4643,0.091445,0.061199
0.1000,165.5357,0.090678,0.061093
0.1000,166.6071,0.097813,0.061262
0.1000,167.6786,0.102984,0.061739
0.1000,168.7500,0.095815,0.062949
0.1000,169.8214,0.095181,0.064895
0.1000,170.8929,0.092655,0.068037
0.1000,171.9643,0.090717,0.071796
0.1000,173.0357,0.088494,0.075899
0.1000,174.1071,0.086816,0.079195
0.1000,175.1786,0.085264,0.081530
0.1000,176.2500,0.083844,0.082822
0.1000,177.3214,0.082751,0.083728
0.1000,178.3929,0.081232,0.084309
0.1000,179.4643,0.079383,0.084581
0.1000,180.5357,0.080622,0.084670
0.1000,181.6071,0.082249,0.084371
0.1000,182.6786,0.083097,0.083790
0.1000,183.7500,0.084276,0.082904
0.1000,184.8214,0.085615,0.081630
0.1000,185.8929,0.087197,0.079281
0.1000,186.9643,0.088926,0.075968
0.1000,188.0357,0.091140,0.071858
0.1000,189.1071,0.093079,0.068098
0.1000,190.1786,0.095464,0.064961
0.1000,191.2500,0.096252,0.063002
0.1000,192.3214,0.103252,0.061782
0.1000,193.3929,0.097728,0.061275
0.1000,194.4643,0.090799,0.061074
0.1000,195.5357,0.091325,0.061146
0.1000,196.6071,0.097213,0.061458
0.1000,197.6786,0.103918,0.062076
0.1000,198.7500,0.097909,0.063327
0.1000,199.8214,0.096475,0.065295
0.1000,200.8929,0.094576,0.068387
0.1000,201.9643,0.092591,0.072152
0.1000,203.0357,0.090539,0.076269
0.1000,204.1071,0.088621,0.079648
0.1000,205.1786,0.086991,0.081989
0.1000,206.2500,0.085580,0.083213
0.1000,207.3214,0.084238,0.083907
0.1000,208.3929,0.083133,0.084349
0.1000,209.4643,0.082326,0.084437
0.1000,210.5357,0.080646,0.084266
0.1000,211.6071,0.078764,0.083794
0.1000,212.6786,0.080537,0.083108
0.1000,213.7500,0.082270,0.081984
0.1000,214.8214,0.083393,0.080664
0.1000,215.8929,0.085049,0.078404
0.1000,216.9643,0.086463,0.075386
0.1000,218.0357,0.088725,0.071438
0.1000,219.1071,0.090291,0.067770
0.1000,220.1786,0.093706,0.064597
0.1000,221.2500,0.093194,0.062669
0.1000,222.3214,0.100438,0.061482
0.1000,223.3929,0.097773,0.061128
0.1000,224.4643,0.089703,0.061121
0.1000,225.5357,0.091526,0.061471
0.1000,226.6071,0.097022,0.062084
0.1000,227.6786,0.104954,0.062987
0.1000,228.7500,0.100181,0.064502
0.1000,229.8214,0.098996,0.066645
0.1000,230.8929,0.097712,0.069904
0.1000,231.9643,0.096029,0.073891
0.1000,233.0357,0.094496,0.078283
0.1000,234.1071,0.092814,0.081964
0.1000,235.1786,0.091244,0.084584
0.1000,236.2500,0.089958,0.086001
0.1000,237.3214,0.088745,0.086808
0.1000,238.3929,0.087578,0.087296
0.1000,239.4643,0.086531,0.087446
0.1000,240.5357,0.085724,0.087264
0.1000,241.6071,0.083829,0.086762
0.1000,242.6786,0.081559,0.085977
0.1000,243.7500,0.083340,0.084816
0.1000,244.8214,0.085181,0.083394
0.1000,245.8929,0.086625,0.081071
0.1000,246.9643,0.088013,0.077910
0.1000,248.0357,0.090032,0.073756
0.1000,249.1071,0.091377,0.069794
0.1000,250.1786,0.094865,0.066355
0.1000,251.2500,0.094244,0.064206
0.1000,252.3214,0.101789,0.062897
0.1000,253.3929,0.099272,0.062484
0.1000,254.4643,0.090680,0.062446
0.1000,255.5357,0.092811,0.062802
0.1000,256.6071,0.098075,0.063442
0.1000,257.6786,0.106567,0.064382
0.1000,258.7500,0.101996,0.065934
0.1000,259.8214,0.100741,0.068178
0.1000,260.8929,0.099679,0.071533
0.1000,261.9643,0.097990,0.075679
0.1000,263.0357,0.096645,0.080202
0.1000,264.1071,0.095078,0.084029
0.1000,265.1786,0.093612,0.086691
0.1000,266.2500,0.092350,0.088154
0.1000,267.3214,0.091277,0.088886
0.1000,268.3929,0.090199,0.089696
0.1000,269.4643,0.089158,0.090231
0.1000,270.5357,0.088299,0.088797
0.1000,271.6071,0.086781,0.088676
0.1000,272.6786,0.084407,0.088233
0.1000,273.7500,0.084804,0.087035
0.1000,274.8214,0.087043,0.085691
0.1000,275.8929,0.088662,0.083405
0.1000,276.9643,0.090019,0.080270
0.1000,278.0357,0.092053,0.076064
0.1000,279.1071,0.093356,0.072028
0.1000,280.1786,0.096903,0.068463
0.1000,281.2500,0.096228,0.066244
0.1000,282.3214,0.104044,0.064877
0.1000,283.3929,0.101503,0.064447
0.1000,284.4643,0.092568,0.064401
0.1000,285.5357,0.094765,0.064757
0.1000,286.6071,0.100181,0.065389
0.1000,287.6786,0.108868,0.066334
0.1000,288.7500,0.104085,0.067892
0.1000,289.8214,0.102765,0.070165
0.1000,290.8929,0.101677,0.073578
0.1000,291.9643,0.099947,0.077786
0.1000,293.0357,0.098587,0.082347
0.1000,294.1071,0.097013,0.086142
0.1000,295.1786,0.095521,0.088753
0.1000,296.2500,0.094283,0.090123
0.1000,297.3214,0.093184,0.090888
0.1000,298.3929,0.092058,0.091346
0.1000,299.4643,0.091011,0.091506
0.1000,300.5357,0.090216,0.091320
0.1000,301.6071,0.088286,0.090826
0.1000,302.6786,0.085853,0.090045
0.1000,303.7500,0.087600,0.088909
0.1000,304.8214,0.089448,0.087524
0.1000,305.8929,0.090860,0.085258
0.1000,306.9643,0.092189,0.082112
0.1000,308.0357,0.094165,0.077891
0.1000,309.1071,0.095463,0.073822
0.1000,310.1786,0.098990,0.070236
0.1000,311.2500,0.098158,0.067989
0.1000,312.3214,0.106020,0.066601
0.1000,313.3929,0.103237,0.066145
0.1000,314.4643,0.094263,0.066074
0.1000,315.5357,0.096182,0.066399
0.1000,316.6071,0.102136,0.067028
0.1000,317.6786,0.110651,0.067973
0.1000,318.7500,0.105302,0.069578
0.1000,319.8214,0.104148,0.071912
0.1000,320.8929,0.102906,0.075451
0.1000,321.9643,0.101340,0.079741
0.1000,323.0357,0.099955,0.084388
0.1000,324.1071,0.098403,0.088200
0.1000,325.1786,0.097096,0.090841
0.1000,326.2500,0.096053,0.092302
0.1000,327.3214,0.095054,0.093227
0.1000,328.3929,0.094051,0.093883
0.1000,329.4643,0.093280,0.094175
0.1000,330.5357,0.091702,0.094164
0.1000,331.6071,0.089595,0.093775
0.1000,332.6786,0.090643,0.093130
0.1000,333.7500,0.092631,0.092105
0.1000,334.8214,0.093694,0.090819
0.1000,335.8929,0.095127,0.088416
0.1000,336.9643,0.096378,0.084971
0.1000,338.0357,0.098358,0.080428
0.1000,339.1071,0.100023,0.076173
0.1000,340.1786,0.102606,0.072503
0.1000,341.2500,0.102755,0.070195
0.1000,342.3214,0.110831,0.068716
0.1000,343.3929,0.105250,0.068099
0.1000,344.4643,0.096964,0.067832
0.1000,345.5357,0.097717,0.067901
0.1000,346.6071,0.104307,0.068249
0.1000,347.6786,0.111663,0.068950
0.1000,348.7500,0.104880,0.070381
0.1000,349.8214,0.103645,0.072604
0.1000,350.8929,0.101775,0.076081
0.1000,351.9643,0.099998,0.080233
0.1000,353.0357,0.098062,0.084707
0.1000,354.1071,0.096458,0.088238
0.1000,355.1786,0.095135,0.090627
0.1000,356.2500,0.093982,0.091891
0.1000,357.3214,0.092903,0.092765
0.1000,358.3929,0.092098,0.093390
0.1000,359.4643,0.090431,0.093716
0.1091,0.5357,0.098300,0.102752
0.1091,1.6071,0.100298,0.102443
0.1091,2.6786,0.101893,0.101755
0.1091,3.7500,0.102894,0.100821
0.1091,4.8214,0.104030,0.099393
0.1091,5.8929,0.105243,0.096756
0.1091,6.9643,0.106982,0.092758
0.1091,8.0357,0.108779,0.087801
0.1091,9.1071,0.110841,0.083098
0.1091,10.1786,0.112494,0.079211
0.1091,11.2500,0.114638,0.076672
0.1091,12.3214,0.121521,0.075090
0.1091,13.3929,0.112663,0.074325
0.1091,14.4643,0.105732,0.073931
0.1091,15.5357,0.105155,0.073849
0.1091,16.6071,0.113160,0.074110
0.1091,17.6786,0.120815,0.074762
0.1091,18.7500,0.112690,0.076322
0.1091,19.8214,0.111164,0.078837
0.1091,20.8929,0.109065,0.082807
0.1091,21.9643,0.107031,0.087501
0.1091,23.0357,0.104984,0.092450
0.1091,24.1071,0.103532,0.096298
0.1091,25.1786,0.102152,0.098871
0.1091,26.2500,0.101061,0.100221
0.1091,27.3214,0.099199,0.101214
0.1091,28.3929,0.097336,0.101881
0.1091,29.4643,0.099469,0.102244
0.1091,30.5357,0.101288,0.102234
0.1091,31.6071,0.102036,0.101901
0.1091,32.6786,0.103021,0.101174
0.1091,33.7500,0.103924,0.100227
0.1091,34.8214,0.104949,0.098682
0.1091,35.8929,0.106297,0.095908
0.1091,36.9643,0.107922,0.091793
0.1091,38.0357,0.109326,0.086782
0.1091,39.1071,0.111322,0.082076
0.1091,40.1786,0.112510,0.078229
0.1091,41.2500,0.114393,0.075667
0.1091,42.3214,0.120086,0.073981
0.1091,43.3929,0.110429,0.073045
0.1091,44.4643,0.104458,0.072500
0.1091,45.5357,0.102641,0.072262
0.1091,46.6071,0.112128,0.072437
0.1091,47.6786,0.117377,0.073032
0.1091,48.7500,0.108435,0.074634
0.1091,49.8214,0.108514,0.077228
0.1091,50.8929,0.105519,0.081297
0.1091,51.9643,0.103867,0.085999
0.1091,53.0357,0.101935,0.090880
0.1091,54.1071,0.100653,0.094558
0.1091,55.1786,0.099253,0.097105
0.1091,56.2500,0.097301,0.098541
0.1091,57.3214,0.095587,0.099690
0.1091,58.3929,0.098070,0.100479
0.1091,59.4643,0.100166,0.100915
0.1091,60.5357,0.101006,0.100988
0.1091,61.6071,0.102033,0.100691
0.1091,62.6786,0.102969,0.099997
0.1091,63.7500,0.103861,0.099014
0.1091,64.8214,0.105007,0.097333
0.1091,65.8929,0.106342,0.094342
0.1091,66.9643,0.107715,0.090031
0.1091,68.0357,0.108931,0.084916
0.1091,69.1071,0.110765,0.080176
0.1091,70.1786,0.111305,0.076337
0.1091,71.2500,0.113058,0.073738
0.1091,72.3214,0.117497,0.071964
0.1091,73.3929,0.107317,0.070876
0.1091,74.4643,0.101975,0.070156
0.1091,75.5357,0.099400,0.069778
0.1091,76.6071,0.109293,0.069845
0.1091,77.6786,0.112212,0.070378
0.1091,78.7500,0.103883,0.071960
0.1091,79.8214,0.104798,0.074500
0.1091,80.8929,0.101157,0.078500
0.1091,81.9643,0.099904,0.083001
0.1091,83.0357,0.097976,0.087663
0.1091,84.1071,0.096809,0.091137
0.1091,85.1786,0.095233,0.093700
0.1091,86.2500,0.093037,0.095260
0.1091,87.3214,0.093081,0.096672
0.1091,88.3929,0.095818,0.097212
0.1091,89.4643,0.097512,0.097397
0.1091,90.5357,0.098596,0.099136
0.1091,91.6071,0.099770,0.098580
0.1091,92.6786,0.100875,0.097670
0.1091,93.7500,0.101929,0.096872
0.1091,94.8214,0.103284,0.095210
0.1091,95.8929,0.104683,0.092251
0.1091,96.9643,0.106172,0.087960
0.1091,98.0357,0.107464,0.082951
0.1091,99.1071,0.109334,0.078314
0.1091,100.1786,0.109822,0.074586
0.1091,101.2500,0.111563,0.072044
0.1091,102.3214,0.115783,0.070275
0.1091,103.3929,0.105669,0.069162
0.1091,104.4643,0.100401,0.068408
0.1091,105.5357,0.097735,0.067949
0.1091,106.6071,0.107233,0.067952
0.1091,107.6786,0.109995,0.068377
0.1091,108.7500,0.101789,0.069805
0.1091,109.8214,0.102496,0.072169
0.1091,110.8929,0.098784,0.075940
0.1091,111.9643,0.097326,0.080229
0.1091,113.0357,0.095267,0.084713
0.1091,114.1071,0.093867,0.088106
0.1091,115.1786,0.092413,0.090579
0.1091,116.2500,0.090439,0.092113
0.1091,117.3214,0.088941,0.093378
0.1091,118.3929,0.091636,0.094245
0.1091,119.4643,0.093600,0.094837
0.1091,120.5357,0.094515,0.095068
0.1091,121.6071,0.095687,0.094949
0.1091,122.6786,0.096830,0.094476
0.1091,123.7500,0.097963,0.093678
0.1091,124.8214,0.099356,0.092168
0.1091,125.8929,0.100952,0.089367
0.1091,126.9643,0.102658,0.085304
0.1091,128.0357,0.104170,0.080499
0.1091,129.1071,0.106241,0.076094
0.1091,130.1786,0.107237,0.072509
0.1091,131.2500,0.109078,0.070090
0.1091,132.3214,0.113850,0.068470
0.1091,133.3929,0.104584,0.067497
0.1091,134.4643,0.099198,0.066893
0.1091,135.5357,0.097237,0.066544
0.1091,136.6071,0.105669,0.066587
0.1091,137.6786,0.110429,0.067017
0.1091,138.7500,0.102101,0.068345
0.1091,139.8214,0.101811,0.070559
0.1091,140.8929,0.098750,0.074151
0.1091,141.9643,0.096858,0.078367
0.1091,143.0357,0.094624,0.082916
0.1091,144.1071,0.093163,0.086466
0.1091,145.1786,0.091551,0.089021
0.1091,146.2500,0.090457,0.090450
0.1091,147.3214,0.088604,0.091590
0.1091,148.3929,0.087221,0.092348
0.1091,149.4643,0.089590,0.092836
0.1091,150.5357,0.091266,0.092975
0.1091,151.6071,0.092154,0.092801
0.1091,152.6786,0.093312,0.092247
0.1091,153.7500,0.094494,0.091443
0.1091,154.8214,0.095814,0.089985
0.1091,155.8929,0.097422,0.087300
0.1091,156.9643,0.099401,0.083388
0.1091,158.0357,0.101176,0.078758
0.1091,159.1071,0.103381,0.074495
0.1091,160.1786,0.104898,0.071019
0.1091,161.2500,0.107019,0.068746
0.1091,162.3214,0.112588,0.067296
0.1091,163.3929,0.104195,0.066534
0.1091,164.4643,0.098385,0.066118
0.1091,165.5357,0.097543,0.065968
0.1091,166.6071,0.104618,0.066127
0.1091,167.6786,0.111236,0.066634
0.1091,168.7500,0.103968,0.067934
0.1091,169.8214,0.102395,0.070100
0.1091,170.8929,0.100175,0.073526
0.1091,171.9643,0.097968,0.077679
0.1091,173.0357,0.095751,0.082165
0.1091,174.1071,0.093915,0.085862
0.1091,175.1786,0.092413,0.088427
0.1091,176.2500,0.091033,0.089846
0.1091,177.3214,0.089905,0.090794
0.1091,178.3929,0.088338,0.091439
0.1091,179.4643,0.086413,0.091737
0.1091,180.5357,0.087728,0.091839
0.1091,181.6071,0.089420,0.091512
0.1091,182.6786,0.090299,0.090865
0.1091,183.7500,0.091482,0.089940
0.1091,184.8214,0.092800,0.088531
0.1091,185.8929,0.094337,0.085946
0.1091,186.9643,0.096217,0.082229
0.1091,188.0357,0.098425,0.077732
0.1091,189.1071,0.100608,0.073576
0.1091,190.1786,0.102737,0.070158
0.1091,191.2500,0.104439,0.067987
0.1091,192.3214,0.111444,0.066679
0.1091,193.3929,0.104537,0.066133
0.1091,194.4643,0.097670,0.065953
0.1091,195.5357,0.098258,0.066055
0.1091,196.6071,0.104209,0.066432
0.1091,197.6786,0.112383,0.067154
0.1091,198.7500,0.106580,0.068568
0.1091,199.8214,0.104447,0.070823
0.1091,200.8929,0.102828,0.074287
0.1091,201.9643,0.100626,0.078523
0.1091,203.0357,0.098773,0.083122
0.1091,204.1071,0.096786,0.087003
0.1091,205.1786,0.095188,0.089661
0.1091,206.2500,0.093877,0.091105
0.1091,207.3214,0.092687,0.091920
0.1091,208.3929,0.091559,0.092500
0.1091,209.4643,0.090759,0.092688
0.1091,210.5357,0.088982,0.092575
0.1091,211.6071,0.086912,0.092104
0.1091,212.6786,0.088671,0.091375
0.1091,213.7500,0.090499,0.090265
0.1091,214.8214,0.091650,0.088827
0.1091,215.8929,0.093265,0.086270
0.1091,216.9643,0.094756,0.082691
0.1091,218.0357,0.097022,0.078145
0.1091,219.1071,0.098997,0.073951
0.1091,220.1786,0.101891,0.070388
0.1091,221.2500,0.102371,0.068188
0.1091,222.3214,0.110545,0.066855
0.1091,223.3929,0.105459,0.066413
0.1091,224.4643,0.097191,0.066346
0.1091,225.5357,0.098993,0.066641
0.1091,226.6071,0.104315,0.067208
0.1091,227.6786,0.113483,0.068126
0.1091,228.7500,0.108614,0.069709
0.1091,229.8214,0.106625,0.072079
0.1091,230.8929,0.105558,0.075617
0.1091,231.9643,0.103401,0.079977
0.1091,233.0357,0.101850,0.084729
0.1091,234.1071,0.100044,0.088738
0.1091,235.1786,0.098404,0.091488
0.1091,236.2500,0.097009,0.092959
0.1091,237.3214,0.095809,0.093719
0.1091,238.3929,0.094643,0.094162
0.1091,239.4643,0.093490,0.094277
0.1091,240.5357,0.092594,0.094020
0.1091,241.6071,0.090528,0.093440
0.1091,242.6786,0.088039,0.092568
0.1091,243.7500,0.089809,0.091310
0.1091,244.8214,0.091736,0.089775
0.1091,245.8929,0.093210,0.087312
0.1091,246.9643,0.094612,0.083934
0.1091,248.0357,0.096719,0.079499
0.1091,249.1071,0.098215,0.075268
0.1091,250.1786,0.101884,0.071555
0.1091,251.2500,0.101241,0.069248
0.1091,252.3214,0.109387,0.067857
0.1091,253.3929,0.106621,0.067440
0.1091,254.4643,0.097283,0.067471
0.1091,255.5357,0.099932,0.067935
0.1091,256.6071,0.105176,0.068699
0.1091,257.6786,0.115260,0.069834
0.1091,258.7500,0.111105,0.071609
0.1091,259.8214,0.109401,0.074163
0.1091,260.8929,0.108915,0.077893
0.1091,261.9643,0.107059,0.082509
0.1091,263.0357,0.105778,0.087538
0.1091,264.1071,0.104307,0.091834
0.1091,265.1786,0.102920,0.094820
0.1091,266.2500,0.101580,0.096511
0.1091,267.3214,0.100541,0.097333
0.1091,268.3929,0.099449,0.098261
0.1091,269.4643,0.098290,0.098833
0.1091,270.5357,0.097219,0.097110
0.1091,271.6071,0.095563,0.096935
0.1091,272.6786,0.092848,0.096402
0.1091,273.7500,0.092738,0.094991
0.1091,274.8214,0.094956,0.093433
0.1091,275.8929,0.096556,0.090862
0.1091,276.9643,0.097728,0.087378
0.1091,278.0357,0.099654,0.082709
0.1091,279.1071,0.100900,0.078205
0.1091,280.1786,0.104532,0.074202
0.1091,281.2500,0.103608,0.071656
0.1091,282.3214,0.111907,0.070071
0.1091,283.3929,0.108982,0.069533
0.1091,284.4643,0.099073,0.069444
0.1091,285.5357,0.101663,0.069823
0.1091,286.6071,0.106960,0.070512
0.1091,287.6786,0.117133,0.071595
0.1091,288.7500,0.112665,0.073344
0.1091,289.8214,0.110881,0.075907
0.1091,290.8929,0.110341,0.079704
0.1091,291.9643,0.108478,0.084399
0.1091,293.0357,0.107242,0.089493
0.1091,294.1071,0.105841,0.093774
0.1091,295.1786,0.104476,0.096747
0.1091,296.2500,0.103280,0.098400
0.1091,297.3214,0.102352,0.099359
0.1091,298.3929,0.101370,0.099994
0.1091,299.4643,0.100317,0.100264
0.1091,300.5357,0.099443,0.100150
0.1091,301.6071,0.097412,0.099685
0.1091,302.6786,0.094762,0.098882
0.1091,303.7500,0.096174,0.097708
0.1091,304.8214,0.098193,0.096267
0.1091,305.8929,0.099606,0.093746
0.1091,306.9643,0.100904,0.090104
0.1091,308.0357,0.102831,0.085273
0.1091,309.1071,0.104427,0.080603
0.1091,310.1786,0.107569,0.076546
0.1091,311.2500,0.107316,0.073963
0.1091,312.3214,0.116314,0.072384
0.1091,313.3929,0.111500,0.071814
0.1091,314.4643,0.101866,0.071675
0.1091,315.5357,0.103918,0.071961
0.1091,316.6071,0.109685,0.072556
0.1091,317.6786,0.119600,0.073540
0.1091,318.7500,0.114196,0.075276
0.1091,319.8214,0.112287,0.077860
0.1091,320.8929,0.111342,0.081733
0.1091,321.9643,0.109356,0.086470
0.1091,323.0357,0.108055,0.091514
0.1091,324.1071,0.106489,0.095697
0.1091,325.1786,0.105165,0.098530
0.1091,326.2500,0.104126,0.100105
0.1091,327.3214,0.103253,0.101059
0.1091,328.3929,0.102241,0.101783
0.1091,329.4643,0.101396,0.102097
0.1091,330.5357,0.099806,0.102100
0.1091,331.6071,0.097597,0.101703
0.1091,332.6786,0.098286,0.101014
0.1091,333.7500,0.100427,0.099988
0.1091,334.8214,0.101608,0.098623
0.1091,335.8929,0.102953,0.096044
0.1091,336.9643,0.104336,0.092219
0.1091,338.0357,0.106349,0.087271
0.1091,339.1071,0.108365,0.082554
0.1091,340.1786,0.110601,0.078570
0.1091,341.2500,0.111862,0.076033
0.1091,342.3214,0.120270,0.074478
0.1091,343.3929,0.112990,0.073848
0.1091,344.4643,0.104743,0.073611
0.1091,345.5357,0.105591,0.073728
0.1091,346.6071,0.112322,0.074148
0.1091,347.6786,0.121413,0.074959
0.1091,348.7500,0.114785,0.076567
0.1091,349.8214,0.112707,0.079114
0.1091,350.8929,0.111138,0.083009
0.1091,351.9643,0.109084,0.087729
0.1091,353.0357,0.107371,0.092708
0.1091,354.1071,0.105632,0.096732
0.1091,355.1786,0.104363,0.099405
0.1091,356.2500,0.103325,0.100840
0.1091,357.3214,0.102290,0.101776
0.1091,358.3929,0.101466,0.102490
0.1091,359.4643,0.099725,0.102856
0.1182,0.5357,0.108430,0.112635
0.1182,1.6071,0.110446,0.112236
0.1182,2.6786,0.112036,0.111381
0.1182,3.7500,0.112898,0.110277
0.1182,4.8214,0.113800,0.108559
0.1182,5.8929,0.114836,0.105523
0.1182,6.9643,0.116549,0.100931
0.1182,8.0357,0.117965,0.095382
0.1182,9.1071,0.120230,0.090033
0.1182,10.1786,0.121409,0.085657
0.1182,11.2500,0.124205,0.082699
0.1182,12.3214,0.130841,0.080863
0.1182,13.3929,0.120107,0.079906
0.1182,14.4643,0.113023,0.079405
0.1182,15.5357,0.112284,0.079233
0.1182,16.6071,0.120230,0.079424
0.1182,17.6786,0.129265,0.080099
0.1182,18.7500,0.121120,0.081728
0.1182,19.8214,0.118612,0.084499
0.1182,20.8929,0.116742,0.088779
0.1182,21.9643,0.114481,0.093933
0.1182,23.0357,0.112503,0.099303
0.1182,24.1071,0.110965,0.103585
0.1182,25.1786,0.109755,0.106397
0.1182,26.2500,0.108726,0.107913
0.1182,27.3214,0.106890,0.108992
0.1182,28.3929,0.105142,0.109799
0.1182,29.4643,0.107570,0.110273
0.1182,30.5357,0.109587,0.110306
0.1182,31.6071,0.110487,0.110021
0.1182,32.6786,0.111557,0.109271
0.1182,33.7500,0.112416,0.108311
0.1182,34.8214,0.113539,0.106660
0.1182,35.8929,0.114929,0.103704
0.1182,36.9643,0.116606,0.099205
0.1182,38.0357,0.118002,0.093805
0.1182,39.1071,0.120401,0.088662
0.1182,40.1786,0.121112,0.084478
0.1182,41.2500,0.123903,0.081656
0.1182,42.3214,0.129448,0.079865
0.1182,43.3929,0.118227,0.078875
0.1182,44.4643,0.112242,0.078315
0.1182,45.5357,0.110365,0.078076
0.1182,46.6071,0.119921,0.078258
0.1182,47.6786,0.127036,0.078917
0.1182,48.7500,0.117773,0.080639
0.1182,49.8214,0.116752,0.083503
0.1182,50.8929,0.114227,0.087926
0.1182,51.9643,0.112163,0.093121
0.1182,53.0357,0.110254,0.098454
0.1182,54.1071,0.108941,0.102591
0.1182,55.1786,0.107575,0.105352
0.1182,56.2500,0.105522,0.106916
0.1182,57.3214,0.103882,0.108095
0.1182,58.3929,0.106686,0.108969
0.1182,59.4643,0.108957,0.109425
0.1182,60.5357,0.109933,0.109489
0.1182,61.6071,0.111009,0.109151
0.1182,62.6786,0.111847,0.108375
0.1182,63.7500,0.112683,0.107282
0.1182,64.8214,0.113825,0.105418
0.1182,65.8929,0.114937,0.102142
0.1182,66.9643,0.116317,0.097393
0.1182,68.0357,0.117515,0.091786
0.1182,69.1071,0.119432,0.086537
0.1182,70.1786,0.119624,0.082276
0.1182,71.2500,0.122110,0.079331
0.1182,72.3214,0.126215,0.077360
0.1182,73.3929,0.114633,0.076145
0.1182,74.4643,0.109271,0.075371
0.1182,75.5357,0.106502,0.074953
0.1182,76.6071,0.116715,0.075006
0.1182,77.6786,0.121605,0.075572
0.1182,78.7500,0.112091,0.077261
0.1182,79.8214,0.112224,0.080049
0.1182,80.8929,0.108929,0.084437
0.1182,81.9643,0.107290,0.089448
0.1182,83.0357,0.105354,0.094632
0.1182,84.1071,0.104174,0.098540
0.1182,85.1786,0.102511,0.101303
0.1182,86.2500,0.100277,0.102896
0.1182,87.3214,0.100747,0.104336
0.1182,88.3929,0.103654,0.104866
0.1182,89.4643,0.105446,0.105011
0.1182,90.5357,0.106687,0.106975
0.1182,91.6071,0.107911,0.106340
0.1182,92.6786,0.108936,0.105299
0.1182,93.7500,0.109977,0.104450
0.1182,94.8214,0.111343,0.102650
0.1182,95.8929,0.112617,0.099462
0.1182,96.9643,0.114153,0.094779
0.1182,98.0357,0.115473,0.089355
0.1182,99.1071,0.117445,0.084269
0.1182,100.1786,0.117683,0.080180
0.1182,101.2500,0.120161,0.077351
0.1182,102.3214,0.124104,0.075455
0.1182,103.3929,0.112774,0.074260
0.1182,104.4643,0.107566,0.073491
0.1182,105.5357,0.104812,0.073054
0.1182,106.6071,0.114620,0.073073
0.1182,107.6786,0.119575,0.073584
0.1182,108.7500,0.110263,0.075148
0.1182,109.8214,0.110168,0.077792
0.1182,110.8929,0.106889,0.081961
0.1182,111.9643,0.105072,0.086823
0.1182,113.0357,0.103040,0.091860
0.1182,114.1071,0.101652,0.095763
0.1182,115.1786,0.100221,0.098486
0.1182,116.2500,0.098176,0.100099
0.1182,117.3214,0.096832,0.101384
0.1182,118.3929,0.099814,0.102331
0.1182,119.4643,0.101940,0.102909
0.1182,120.5357,0.102981,0.103134
0.1182,121.6071,0.104177,0.102972
0.1182,122.6786,0.105233,0.102389
0.1182,123.7500,0.106302,0.101479
0.1182,124.8214,0.107709,0.099788
0.1182,125.8929,0.109183,0.096693
0.1182,126.9643,0.110859,0.092189
0.1182,128.0357,0.112374,0.086935
0.1182,129.1071,0.114620,0.082018
0.1182,130.1786,0.115174,0.078076
0.1182,131.2500,0.117729,0.075368
0.1182,132.3214,0.122254,0.073593
0.1182,133.3929,0.111553,0.072520
0.1182,134.4643,0.106102,0.071860
0.1182,135.5357,0.104068,0.071499
0.1182,136.6071,0.112504,0.071532
0.1182,137.6786,0.118829,0.072009
0.1182,138.7500,0.110248,0.073454
0.1182,139.8214,0.109015,0.075894
0.1182,140.8929,0.106353,0.079794
0.1182,141.9643,0.104097,0.084450
0.1182,143.0357,0.101898,0.089428
0.1182,144.1071,0.100408,0.093381
0.1182,145.1786,0.098872,0.096176
0.1182,146.2500,0.097775,0.097742
0.1182,147.3214,0.095889,0.098924
0.1182,148.3929,0.094564,0.099747
0.1182,149.4643,0.097122,0.100285
0.1182,150.5357,0.098926,0.100409
0.1182,151.6071,0.099879,0.100241
0.1182,152.6786,0.101076,0.099615
0.1182,153.7500,0.102160,0.098757
0.1182,154.8214,0.103497,0.097148
0.1182,155.8929,0.105123,0.094225
0.1182,156.9643,0.107118,0.089910
0.1182,158.0357,0.108772,0.084872
0.1182,159.1071,0.111365,0.080162
0.1182,160.1786,0.112535,0.076378
0.1182,161.2500,0.115349,0.073847
0.1182,162.3214,0.120795,0.072278
0.1182,163.3929,0.111021,0.071449
0.1182,164.4643,0.105242,0.071020
0.1182,165.5357,0.104382,0.070867
0.1182,166.6071,0.111486,0.071047
0.1182,167.6786,0.119548,0.071649
0.1182,168.7500,0.112389,0.073070
0.1182,169.8214,0.109967,0.075501
0.1182,170.8929,0.107991,0.079251
0.1182,171.9643,0.105600,0.083871
0.1182,173.0357,0.103435,0.088803
0.1182,174.1071,0.101501,0.092943
0.1182,175.1786,0.100107,0.095780
0.1182,176.2500,0.098795,0.097375
0.1182,177.3214,0.097711,0.098396
0.1182,178.3929,0.096102,0.099130
0.1182,179.4643,0.094139,0.099473
0.1182,180.5357,0.095561,0.099603
0.1182,181.6071,0.097337,0.099252
0.1182,182.6786,0.098264,0.098543
0.1182,183.7500,0.099440,0.097573
0.1182,184.8214,0.100712,0.096014
0.1182,185.8929,0.102214,0.093177
0.1182,186.9643,0.104240,0.089035
0.1182,188.0357,0.106325,0.084104
0.1182,189.1071,0.108736,0.079486
0.1182,190.1786,0.110643,0.075747
0.1182,191.2500,0.113222,0.073313
0.1182,192.3214,0.120032,0.071869
0.1182,193.3929,0.111664,0.071238
0.1182,194.4643,0.104735,0.071006
0.1182,195.5357,0.105302,0.071092
0.1182,196.6071,0.111186,0.071453
0.1182,197.6786,0.120673,0.072203
0.1182,198.7500,0.114967,0.073708
0.1182,199.8214,0.112080,0.076164
0.1182,200.8929,0.110669,0.079883
0.1182,201.9643,0.108055,0.084518
0.1182,203.0357,0.106260,0.089460
0.1182,204.1071,0.104160,0.093680
0.1182,205.1786,0.102479,0.096523
0.1182,206.2500,0.101122,0.098061
0.1182,207.3214,0.099948,0.098880
0.1182,208.3929,0.098735,0.099462
0.1182,209.4643,0.097826,0.099614
0.1182,210.5357,0.095887,0.099462
0.1182,211.6071,0.093591,0.098913
0.1182,212.6786,0.095291,0.098091
0.1182,213.7500,0.097114,0.096900
0.1182,214.8214,0.098234,0.095342
0.1182,215.8929,0.099746,0.092544
0.1182,216.9643,0.101279,0.088590
0.1182,218.0357,0.103536,0.083660
0.1182,219.1071,0.105752,0.079048
0.1182,220.1786,0.108341,0.075207
0.1182,221.2500,0.109719,0.072807
0.1182,222.3214,0.118138,0.071396
0.1182,223.3929,0.111711,0.070919
0.1182,224.4643,0.103533,0.070909
0.1182,225.5357,0.105478,0.071276
0.1182,226.6071,0.110948,0.071952
0.1182,227.6786,0.121664,0.073048
0.1182,228.7500,0.117153,0.074853
0.1182,229.8214,0.114576,0.077601
0.1182,230.8929,0.114091,0.081602
0.1182,231.9643,0.111813,0.086570
0.1182,233.0357,0.110400,0.091878
0.1182,234.1071,0.108794,0.096468
0.1182,235.1786,0.107383,0.099644
0.1182,236.2500,0.106081,0.101435
0.1182,237.3214,0.105124,0.102428
0.1182,238.3929,0.104160,0.103102
0.1182,239.4643,0.103063,0.103368
0.1182,240.5357,0.102159,0.103232
0.1182,241.6071,0.099995,0.102720
0.1182,242.6786,0.097267,0.101851
0.1182,243.7500,0.099013,0.100620
0.1182,244.8214,0.101110,0.099044
0.1182,245.8929,0.102600,0.096297
0.1182,246.9643,0.104063,0.092338
0.1182,248.0357,0.106122,0.087280
0.1182,249.1071,0.108092,0.082403
0.1182,250.1786,0.111162,0.078246
0.1182,251.2500,0.111586,0.075607
0.1182,252.3214,0.120744,0.074024
0.1182,253.3929,0.115160,0.073479
0.1182,254.4643,0.105481,0.073393
0.1182,255.5357,0.107993,0.073734
0.1182,256.6071,0.113018,0.074377
0.1182,257.6786,0.124116,0.075433
0.1182,258.7500,0.119980,0.077184
0.1182,259.8214,0.117214,0.079850
0.1182,260.8929,0.116749,0.083756
0.1182,261.9643,0.114505,0.088641
0.1182,263.0357,0.112939,0.093843
0.1182,264.1071,0.111145,0.098294
0.1182,265.1786,0.109593,0.101242
0.1182,266.2500,0.107992,0.102808
0.1182,267.3214,0.106730,0.103428
0.1182,268.3929,0.105472,0.104225
0.1182,269.4643,0.104086,0.104631
0.1182,270.5357,0.102731,0.102555
0.1182,271.6071,0.100850,0.102235
0.1182,272.6786,0.097882,0.101575
0.1182,273.7500,0.097394,0.099986
0.1182,274.8214,0.099572,0.098289
0.1182,275.8929,0.101177,0.095570
0.1182,276.9643,0.102281,0.091922
0.1182,278.0357,0.104274,0.087042
0.1182,279.1071,0.105655,0.082304
0.1182,280.1786,0.109446,0.078097
0.1182,281.2500,0.108628,0.075445
0.1182,282.3214,0.117533,0.073845
0.1182,283.3929,0.114592,0.073399
0.1182,284.4643,0.104312,0.073489
0.1182,285.5357,0.107536,0.074120
0.1182,286.6071,0.113166,0.075113
0.1182,287.6786,0.125056,0.076563
0.1182,288.7500,0.121585,0.078749
0.1182,289.8214,0.119686,0.081852
0.1182,290.8929,0.119845,0.086283
0.1182,291.9643,0.118415,0.091741
0.1182,293.0357,0.117556,0.097593
0.1182,294.1071,0.116500,0.102650
0.1182,295.1786,0.115682,0.106257
0.1182,296.2500,0.114719,0.108439
0.1182,297.3214,0.114013,0.109762
0.1182,298.3929,0.113318,0.110711
0.1182,299.4643,0.112305,0.111173
0.1182,300.5357,0.111289,0.111182
0.1182,301.6071,0.109216,0.110732
0.1182,302.6786,0.106351,0.109833
0.1182,303.7500,0.106853,0.108556
0.1182,304.8214,0.109108,0.106869
0.1182,305.8929,0.110473,0.103928
0.1182,306.9643,0.111562,0.099595
0.1182,308.0357,0.113245,0.094035
0.1182,309.1071,0.115065,0.088612
0.1182,310.1786,0.117392,0.083949
0.1182,311.2500,0.118133,0.080865
0.1182,312.3214,0.127333,0.078965
0.1182,313.3929,0.119902,0.078130
0.1182,314.4643,0.109904,0.077793
0.1182,315.5357,0.111731,0.077897
0.1182,316.6071,0.117251,0.078323
0.1182,317.6786,0.128312,0.079209
0.1182,318.7500,0.122825,0.080888
0.1182,319.8214,0.119879,0.083595
0.1182,320.8929,0.119132,0.087661
0.1182,321.9643,0.116680,0.092693
0.1182,323.0357,0.115227,0.097997
0.1182,324.1071,0.113527,0.102406
0.1182,325.1786,0.112116,0.105302
0.1182,326.2500,0.110937,0.106903
0.1182,327.3214,0.110091,0.107815
0.1182,328.3929,0.109017,0.108557
0.1182,329.4643,0.108102,0.108851
0.1182,330.5357,0.106358,0.108835
0.1182,331.6071,0.103849,0.108425
0.1182,332.6786,0.104940,0.107681
0.1182,333.7500,0.106980,0.106668
0.1182,334.8214,0.108215,0.105266
0.1182,335.8929,0.109581,0.102584
0.1182,336.9643,0.111168,0.098475
0.1182,338.0357,0.113277,0.093246
0.1182,339.1071,0.115686,0.088210
0.1182,340.1786,0.117783,0.084023
0.1182,341.2500,0.120179,0.081356
0.1182,342.3214,0.128674,0.079809
0.1182,343.3929,0.120190,0.079231
0.1182,344.4643,0.112094,0.079127
0.1182,345.5357,0.113181,0.079394
0.1182,346.6071,0.120144,0.079965
0.1182,347.6786,0.131180,0.080976
0.1182,348.7500,0.124889,0.082854
0.1182,349.8214,0.122105,0.085827
0.1182,350.8929,0.121036,0.090201
0.1182,351.9643,0.118725,0.095551
0.1182,353.0357,0.117371,0.101110
0.1182,354.1071,0.115620,0.105713
0.1182,355.1786,0.114448,0.108763
0.1182,356.2500,0.113595,0.110462
0.1182,357.3214,0.112645,0.111528
0.1182,358.3929,0.111808,0.112368
0.1182,359.4643,0.109982,0.112783
0.1259,0.5357,0.124043,0.126590
0.1259,1.6071,0.126023,0.126077
0.1259,2.6786,0.127526,0.124894
0.1259,3.7500,0.127846,0.123349
0.1259,4.8214,0.128050,0.120960
0.1259,5.8929,0.128423,0.117078
0.1259,6.9643,0.129339,0.111335
0.1259,8.0357,0.129666,0.104609
0.1259,9.1071,0.131526,0.098077
0.1259,10.1786,0.131246,0.092656
0.1259,11.2500,0.134057,0.088748
0.1259,12.3214,0.139733,0.086146
0.1259,13.3929,0.126074,0.084484
0.1259,14.4643,0.118172,0.083393
0.1259,15.5357,0.116618,0.082695
0.1259,16.6071,0.123909,0.082434
0.1259,17.6786,0.132840,0.082749
0.1259,18.7500,0.124198,0.084125
0.1259,19.8214,0.120918,0.086744
0.1259,20.8929,0.118806,0.090948
0.1259,21.9643,0.116134,0.096079
0.1259,23.0357,0.114034,0.101410
0.1259,24.1071,0.112385,0.105619
0.1259,25.1786,0.111173,0.108319
0.1259,26.2500,0.110130,0.109723
0.1259,27.3214,0.108300,0.110756
0.1259,28.3929,0.106587,0.111583
0.1259,29.4643,0.109088,0.112110
0.1259,30.5357,0.111185,0.112240
0.1259,31.6071,0.112167,0.112106
0.1259,32.6786,0.113389,0.111514
0.1259,33.7500,0.114392,0.110789
0.1259,34.8214,0.115795,0.109408
0.1259,35.8929,0.117470,0.106720
0.1259,36.9643,0.119501,0.102406
0.1259,38.0357,0.121310,0.097166
0.1259,39.1071,0.124320,0.092144
0.1259,40.1786,0.125333,0.088137
0.1259,41.2500,0.129228,0.085557
0.1259,42.3214,0.135293,0.084120
0.1259,43.3929,0.123954,0.083554
0.1259,44.4643,0.118691,0.083501
0.1259,45.5357,0.117578,0.083786
0.1259,46.6071,0.127959,0.084493
0.1259,47.6786,0.138389,0.085749
0.1259,48.7500,0.129808,0.088098
0.1259,49.8214,0.128038,0.091743
0.1259,50.8929,0.126758,0.097038
0.1259,51.9643,0.124976,0.103251
0.1259,53.0357,0.123673,0.109567
0.1259,54.1071,0.122692,0.114667
0.1259,55.1786,0.121867,0.118021
0.1259,56.2500,0.119846,0.119977
0.1259,57.3214,0.118264,0.121294
0.1259,58.3929,0.121400,0.122249
0.1259,59.4643,0.123750,0.122601
0.1259,60.5357,0.124581,0.122412
0.1259,61.6071,0.125296,0.121653
0.1259,62.6786,0.125381,0.120312
0.1259,63.7500,0.125573,0.118544
0.1259,64.8214,0.125883,0.115830
0.1259,65.8929,0.125959,0.111531
0.1259,66.9643,0.126636,0.105572
0.1259,68.0357,0.126835,0.098803
0.1259,69.1071,0.127918,0.092418
0.1259,70.1786,0.127202,0.087177
0.1259,71.2500,0.129281,0.083380
0.1259,72.3214,0.132121,0.080712
0.1259,73.3929,0.118656,0.078913
0.1259,74.4643,0.112587,0.077696
0.1259,75.5357,0.109209,0.076890
0.1259,76.6071,0.118958,0.076676
0.1259,77.6786,0.123811,0.077073
0.1259,78.7500,0.113937,0.078688
0.1259,79.8214,0.113663,0.081503
0.1259,80.8929,0.110368,0.085971
0.1259,81.9643,0.108593,0.091114
0.1259,83.0357,0.106668,0.096425
0.1259,84.1071,0.105532,0.100448
0.1259,85.1786,0.103960,0.103280
0.1259,86.2500,0.101879,0.104949
0.1259,87.3214,0.102455,0.106509
0.1259,88.3929,0.105622,0.107189
0.1259,89.4643,0.107705,0.107514
0.1259,90.5357,0.109244,0.109785
0.1259,91.6071,0.110754,0.109391
0.1259,92.6786,0.112061,0.108591
0.1259,93.7500,0.113438,0.108052
0.1259,94.8214,0.115152,0.106538
0.1259,95.8929,0.116743,0.103598
0.1259,96.9643,0.118771,0.099044
0.1259,98.0357,0.120478,0.093711
0.1259,99.1071,0.122987,0.088673
0.1259,100.1786,0.123534,0.084686
0.1259,101.2500,0.127025,0.082003
0.1259,102.3214,0.131165,0.080356
0.1259,103.3929,0.119440,0.079467
0.1259,104.4643,0.114703,0.079031
0.1259,105.5357,0.112429,0.078918
0.1259,106.6071,0.122775,0.079260
0.1259,107.6786,0.130636,0.080126
0.1259,108.7500,0.121309,0.082089
0.1259,109.8214,0.120309,0.085274
0.1259,110.8929,0.118016,0.090081
0.1259,111.9643,0.116029,0.095710
0.1259,113.0357,0.114321,0.101513
0.1259,114.1071,0.113127,0.106130
0.1259,115.1786,0.111837,0.109306
0.1259,116.2500,0.109672,0.111183
0.1259,117.3214,0.108652,0.112581
0.1259,118.3929,0.111986,0.113596
0.1259,119.4643,0.114150,0.114105
0.1259,120.5357,0.115185,0.114171
0.1259,121.6071,0.116232,0.113717
0.1259,122.6786,0.116845,0.112732
0.1259,123.7500,0.117544,0.111352
0.1259,124.8214,0.118522,0.109025
0.1259,125.8929,0.119297,0.105160
0.1259,126.9643,0.120523,0.099726
0.1259,128.0357,0.121484,0.093575
0.1259,129.1071,0.123119,0.087776
0.1259,130.1786,0.122896,0.083059
0.1259,131.2500,0.125478,0.079684
0.1259,132.3214,0.128791,0.077369
0.1259,133.3929,0.116384,0.075845
0.1259,134.4643,0.110309,0.074793
0.1259,135.5357,0.107748,0.074090
0.1259,136.6071,0.115695,0.073854
0.1259,137.6786,0.122174,0.074141
0.1259,138.7500,0.113194,0.075456
0.1259,139.8214,0.111312,0.077872
0.1259,140.8929,0.108539,0.081802
0.1259,141.9643,0.106080,0.086551
0.1259,143.0357,0.103742,0.091589
0.1259,144.1071,0.102168,0.095615
0.1259,145.1786,0.100643,0.098406
0.1259,146.2500,0.099573,0.099966
0.1259,147.3214,0.097737,0.101148
0.1259,148.3929,0.096498,0.102036
0.1259,149.4643,0.099212,0.102654
0.1259,150.5357,0.101147,0.102892
0.1259,151.6071,0.102266,0.102855
0.1259,152.6786,0.103619,0.102373
0.1259,153.7500,0.104881,0.101709
0.1259,154.8214,0.106441,0.100268
0.1259,155.8929,0.108330,0.097504
0.1259,156.9643,0.110615,0.093251
0.1259,158.0357,0.112588,0.088258
0.1259,159.1071,0.115677,0.083552
0.1259,160.1786,0.116994,0.079827
0.1259,161.2500,0.120706,0.077415
0.1259,162.3214,0.126447,0.076054
0.1259,163.3929,0.116340,0.075479
0.1259,164.4643,0.111029,0.075347
0.1259,165.5357,0.110664,0.075520
0.1259,166.6071,0.118264,0.076020
0.1259,167.6786,0.128488,0.076990
0.1259,168.7500,0.121927,0.078819
0.1259,169.8214,0.119082,0.081785
0.1259,170.8929,0.117746,0.086137
0.1259,171.9643,0.115386,0.091497
0.1259,173.0357,0.113777,0.097139
0.1259,174.1071,0.111933,0.101996
0.1259,175.1786,0.110794,0.105357
0.1259,176.2500,0.109749,0.107350
0.1259,177.3214,0.108801,0.108602
0.1259,178.3929,0.107163,0.109527
0.1259,179.4643,0.105126,0.109956
0.1259,180.5357,0.106640,0.110091
0.1259,181.6071,0.108452,0.109622
0.1259,182.6786,0.109318,0.108686
0.1259,183.7500,0.110318,0.107453
0.1259,184.8214,0.111265,0.105463
0.1259,185.8929,0.112519,0.102079
0.1259,186.9643,0.114390,0.097202
0.1259,188.0357,0.115909,0.091544
0.1259,189.1071,0.118309,0.086187
0.1259,190.1786,0.119542,0.081814
0.1259,191.2500,0.122408,0.078840
0.1259,192.3214,0.128657,0.076983
0.1259,193.3929,0.118161,0.075982
0.1259,194.4643,0.110730,0.075425
0.1259,195.5357,0.110825,0.075197
0.1259,196.6071,0.116245,0.075279
0.1259,197.6786,0.126061,0.075791
0.1259,198.7500,0.120052,0.077102
0.1259,199.8214,0.116327,0.079464
0.1259,200.8929,0.114811,0.083142
0.1259,201.9643,0.111692,0.087799
0.1259,203.0357,0.109655,0.092718
0.1259,204.1071,0.107301,0.096914
0.1259,205.1786,0.105387,0.099628
0.1259,206.2500,0.103849,0.101029
0.1259,207.3214,0.102544,0.101692
0.1259,208.3929,0.101212,0.102160
0.1259,209.4643,0.100180,0.102211
0.1259,210.5357,0.098134,0.101989
0.1259,211.6071,0.095719,0.101386
0.1259,212.6786,0.097377,0.100527
0.1259,213.7500,0.099202,0.099355
0.1259,214.8214,0.100321,0.097822
0.1259,215.8929,0.101853,0.095039
0.1259,216.9643,0.103502,0.091015
0.1259,218.0357,0.105890,0.086014
0.1259,219.1071,0.108387,0.081319
0.1259,220.1786,0.111073,0.077444
0.1259,221.2500,0.113161,0.075082
0.1259,222.3214,0.121874,0.073786
0.1259,223.3929,0.115254,0.073511
0.1259,224.4643,0.107505,0.073753
0.1259,225.5357,0.109971,0.074444
0.1259,226.6071,0.116014,0.075489
0.1259,227.6786,0.128428,0.077007
0.1259,228.7500,0.125025,0.079315
0.1259,229.8214,0.122351,0.082679
0.1259,230.8929,0.122611,0.087402
0.1259,231.9643,0.120882,0.093194
0.1259,233.0357,0.119939,0.099350
0.1259,234.1071,0.118743,0.104784
0.1259,235.1786,0.117952,0.108659
0.1259,236.2500,0.117000,0.111019
0.1259,237.3214,0.116353,0.112428
0.1259,238.3929,0.115759,0.113455
0.1259,239.4643,0.114759,0.113940
0.1259,240.5357,0.113816,0.113923
0.1259,241.6071,0.111512,0.113437
0.1259,242.6786,0.108375,0.112456
0.1259,243.7500,0.109962,0.111098
0.1259,244.8214,0.112082,0.109217
0.1259,245.8929,0.113328,0.106032
0.1259,246.9643,0.114579,0.101357
0.1259,248.0357,0.116294,0.095565
0.1259,249.1071,0.118369,0.089937
0.1259,250.1786,0.120497,0.085170
0.1259,251.2500,0.121746,0.081988
0.1259,252.3214,0.130874,0.080023
0.1259,253.3929,0.122608,0.079132
0.1259,254.4643,0.112475,0.078751
0.1259,255.5357,0.114568,0.078807
0.1259,256.6071,0.119192,0.079174
0.1259,257.6786,0.130760,0.079986
0.1259,258.7500,0.126511,0.081552
0.1259,259.8214,0.122860,0.084151
0.1259,260.8929,0.122209,0.088044
0.1259,261.9643,0.119559,0.092973
0.1259,263.0357,0.117715,0.098197
0.1259,264.1071,0.115591,0.102643
0.1259,265.1786,0.113870,0.105467
0.1259,266.2500,0.112056,0.106886
0.1259,267.3214,0.110603,0.107332
0.1259,268.3929,0.109206,0.108037
0.1259,269.4643,0.107645,0.108346
0.1259,270.5357,0.106077,0.106052
0.1259,271.6071,0.103981,0.105671
0.1259,272.6786,0.100809,0.104954
0.1259,273.7500,0.100200,0.103368
0.1259,274.8214,0.102243,0.101686
0.1259,275.8929,0.103828,0.098868
0.1259,276.9643,0.104977,0.094904
0.1259,278.0357,0.106938,0.089669
0.1259,279.1071,0.108643,0.084607
0.1259,280.1786,0.112073,0.080202
0.1259,281.2500,0.112126,0.077448
0.1259,282.3214,0.122008,0.075876
0.1259,283.3929,0.117575,0.075525
0.1259,284.4643,0.107830,0.075793
0.1259,285.5357,0.111397,0.076666
0.1259,286.6071,0.117538,0.077988
0.1259,287.6786,0.131047,0.079879
0.1259,288.7500,0.128400,0.082633
0.1259,289.8214,0.126661,0.086522
0.1259,290.8929,0.127505,0.091824
0.1259,291.9643,0.126624,0.098293
0.1259,293.0357,0.126616,0.105166
0.1259,294.1071,0.126113,0.111262
0.1259,295.1786,0.126154,0.115722
0.1259,296.2500,0.126003,0.118583
0.1259,297.3214,0.125887,0.120473
0.1259,298.3929,0.125875,0.121902
0.1259,299.4643,0.125317,0.122742
0.1259,300.5357,0.124469,0.122993
0.1259,301.6071,0.122384,0.122672
0.1259,302.6786,0.119070,0.121754
0.1259,303.7500,0.119974,0.120416
0.1259,304.8214,0.122127,0.118447
0.1259,305.8929,0.123093,0.115058
0.1259,306.9643,0.123966,0.109914
0.1259,308.0357,0.125210,0.103527
0.1259,309.1071,0.126914,0.097232
0.1259,310.1786,0.128144,0.091845
0.1259,311.2500,0.129731,0.088114
0.1259,312.3214,0.138413,0.085693
0.1259,313.3929,0.127945,0.084373
0.1259,314.4643,0.117267,0.083608
0.1259,315.5357,0.118471,0.083269
0.1259,316.6071,0.123397,0.083281
0.1259,317.6786,0.134743,0.083801
0.1259,318.7500,0.128930,0.085171
0.1259,319.8214,0.124863,0.087690
0.1259,320.8929,0.123881,0.091615
0.1259,321.9643,0.120838,0.096581
0.1259,323.0357,0.118987,0.101765
0.1259,324.1071,0.116923,0.106029
0.1259,325.1786,0.115214,0.108683
0.1259,326.2500,0.113728,0.110021
0.1259,327.3214,0.112680,0.110702
0.1259,328.3929,0.111415,0.111240
0.1259,329.4643,0.110352,0.111350
0.1259,330.5357,0.108465,0.111182
0.1259,331.6071,0.105804,0.110652
0.1259,332.6786,0.106790,0.109814
0.1259,333.7500,0.108756,0.108776
0.1259,334.8214,0.109917,0.107385
0.1259,335.8929,0.111199,0.104730
0.1259,336.9643,0.112793,0.100602
0.1259,338.0357,0.114916,0.095332
0.1259,339.1071,0.117492,0.090244
0.1259,340.1786,0.119791,0.086055
0.1259,341.2500,0.122857,0.083454
0.1259,342.3214,0.131795,0.082094
0.1259,343.3929,0.123348,0.081813
0.1259,344.4643,0.115845,0.082111
0.1259,345.5357,0.117701,0.082859
0.1259,346.6071,0.125425,0.084010
0.1259,347.6786,0.139224,0.085710
0.1259,348.7500,0.133897,0.088359
0.1259,349.8214,0.131157,0.092290
0.1259,350.8929,0.131635,0.097728
0.1259,351.9643,0.129824,0.104286
0.1259,353.0357,0.129501,0.111027
0.1259,354.1071,0.128713,0.116809
0.1259,355.1786,0.128291,0.120761
0.1259,356.2500,0.128154,0.123200
0.1259,357.3214,0.127958,0.124802
0.1259,358.3929,0.127424,0.126073
0.1259,359.4643,0.125655,0.126721
0.1314,0.5357,0.137854,0.138505
0.1314,1.6071,0.139790,0.137843
0.1314,2.6786,0.141074,0.136320
0.1314,3.7500,0.140679,0.134300
0.1314,4.8214,0.140163,0.131239
0.1314,5.8929,0.139685,0.126515
0.1314,6.9643,0.139549,0.119702
0.1314,8.0357,0.138884,0.111863
0.1314,9.1071,0.139914,0.104176
0.1314,10.1786,0.138282,0.097752
0.1314,11.2500,0.140890,0.092916
0.1314,12.3214,0.145376,0.089545
0.1314,13.3929,0.129471,0.087219
0.1314,14.4643,0.120813,0.085566
0.1314,15.5357,0.118579,0.084390
0.1314,16.6071,0.125329,0.083755
0.1314,17.6786,0.133935,0.083788
0.1314,18.7500,0.124831,0.084981
0.1314,19.8214,0.121158,0.087489
0.1314,20.8929,0.118885,0.091607
0.1314,21.9643,0.116142,0.096667
0.1314,23.0357,0.114004,0.101901
0.1314,24.1071,0.112362,0.105987
0.1314,25.1786,0.111134,0.108547
0.1314,26.2500,0.110091,0.109846
0.1314,27.3214,0.108261,0.110820
0.1314,28.3929,0.106555,0.111639
0.1314,29.4643,0.109065,0.112202
0.1314,30.5357,0.111155,0.112404
0.1314,31.6071,0.112148,0.112361
0.1314,32.6786,0.113382,0.111908
0.1314,33.7500,0.114435,0.111355
0.1314,34.8214,0.115951,0.110206
0.1314,35.8929,0.117833,0.107784
0.1314,36.9643,0.120181,0.103699
0.1314,38.0357,0.122286,0.098661
0.1314,39.1071,0.125726,0.093810
0.1314,40.1786,0.127070,0.090011
0.1314,41.2500,0.131747,0.087679
0.1314,42.3214,0.138312,0.086606
0.1314,43.3929,0.127234,0.086455
0.1314,44.4643,0.122664,0.086897
0.1314,45.5357,0.122326,0.087730
0.1314,46.6071,0.133542,0.089008
0.1314,47.6786,0.146813,0.090912
0.1314,48.7500,0.139105,0.093936
0.1314,49.8214,0.137174,0.098401
0.1314,50.8929,0.137049,0.104545
0.1314,51.9643,0.135827,0.111768
0.1314,53.0357,0.135309,0.119027
0.1314,54.1071,0.134776,0.124981
0.1314,55.1786,0.134585,0.128906
0.1314,56.2500,0.132701,0.131202
0.1314,57.3214,0.131195,0.132676
0.1314,58.3929,0.134554,0.133673
0.1314,59.4643,0.136895,0.133870
0.1314,60.5357,0.137488,0.133390
0.1314,61.6071,0.137542,0.132185
0.1314,62.6786,0.136894,0.130255
0.1314,63.7500,0.136319,0.127780
0.1314,64.8214,0.135530,0.124210
0.1314,65.8929,0.134655,0.118926
0.1314,66.9643,0.134458,0.111841
0.1314,68.0357,0.133536,0.103987
0.1314,69.1071,0.133897,0.096553
0.1314,70.1786,0.132207,0.090402
0.1314,71.2500,0.133667,0.085822
0.1314,72.3214,0.135473,0.082518
0.1314,73.3929,0.120530,0.080212
0.1314,74.4643,0.113883,0.078576
0.1314,75.5357,0.110005,0.077470
0.1314,76.6071,0.119378,0.077067
0.1314,77.6786,0.123826,0.077332
0.1314,78.7500,0.113920,0.078893
0.1314,79.8214,0.113616,0.081693
0.1314,80.8929,0.110322,0.086163
0.1314,81.9643,0.108547,0.091307
0.1314,83.0357,0.106625,0.096603
0.1314,84.1071,0.105490,0.100596
0.1314,85.1786,0.103922,0.103398
0.1314,86.2500,0.101869,0.105060
0.1314,87.3214,0.102438,0.106644
0.1314,88.3929,0.105611,0.107374
0.1314,89.4643,0.107717,0.107774
0.1314,90.5357,0.109300,0.110162
0.1314,91.6071,0.110870,0.109909
0.1314,92.6786,0.112284,0.109278
0.1314,93.7500,0.113824,0.108970
0.1314,94.8214,0.115791,0.107729
0.1314,95.8929,0.117644,0.105086
0.1314,96.9643,0.120016,0.100781
0.1314,98.0357,0.122068,0.095656
0.1314,99.1071,0.125088,0.090805
0.1314,100.1786,0.126002,0.087046
0.1314,101.2500,0.130320,0.084634
0.1314,102.3214,0.134936,0.083335
0.1314,103.3929,0.123410,0.082873
0.1314,104.4643,0.119343,0.082910
0.1314,105.5357,0.117797,0.083297
0.1314,106.6071,0.128916,0.084151
0.1314,107.6786,0.139673,0.085574
0.1314,108.7500,0.131004,0.088116
0.1314,109.8214,0.129514,0.092022
0.1314,110.8929,0.128396,0.097581
0.1314,111.9643,0.126752,0.104087
0.1314,113.0357,0.125636,0.110735
0.1314,114.1071,0.124824,0.116164
0.1314,115.1786,0.123977,0.119839
0.1314,116.2500,0.121846,0.122020
0.1314,117.3214,0.120889,0.123505
0.1314,118.3929,0.124386,0.124528
0.1314,119.4643,0.126535,0.124886
0.1314,120.5357,0.127375,0.124632
0.1314,121.6071,0.127857,0.123745
0.1314,122.6786,0.127773,0.122190
0.1314,123.7500,0.127803,0.120138
0.1314,124.8214,0.127841,0.116986
0.1314,125.8929,0.127668,0.112172
0.1314,126.9643,0.128172,0.105685
0.1314,128.0357,0.128055,0.098512
0.1314,129.1071,0.128965,0.091742
0.1314,130.1786,0.127938,0.086175
0.1314,131.2500,0.129849,0.082065
0.1314,132.3214,0.132128,0.079153
0.1314,133.3929,0.118293,0.077125
0.1314,134.4643,0.111631,0.075673
0.1314,135.5357,0.108563,0.074681
0.1314,136.6071,0.116137,0.074237
0.1314,137.6786,0.122219,0.074393
0.1314,138.7500,0.113213,0.075657
0.1314,139.8214,0.111279,0.078056
0.1314,140.8929,0.108506,0.081992
0.1314,141.9643,0.106042,0.086741
0.1314,143.0357,0.103704,0.091773
0.1314,144.1071,0.102136,0.095769
0.1314,145.1786,0.100611,0.098521
0.1314,146.2500,0.099554,0.100047
0.1314,147.3214,0.097725,0.101235
0.1314,148.3929,0.096510,0.102118
0.1314,149.4643,0.099200,0.102769
0.1314,150.5357,0.101163,0.103050
0.1314,151.6071,0.102286,0.103084
0.1314,152.6786,0.103685,0.102702
0.1314,153.7500,0.104990,0.102166
0.1314,154.8214,0.106633,0.100901
0.1314,155.8929,0.108604,0.098310
0.1314,156.9643,0.111058,0.094208
0.1314,158.0357,0.113230,0.089341
0.1314,159.1071,0.116658,0.084727
0.1314,160.1786,0.118197,0.081143
0.1314,161.2500,0.122489,0.078907
0.1314,162.3214,0.128654,0.077793
0.1314,163.3929,0.118774,0.077533
0.1314,164.4643,0.114045,0.077777
0.1314,165.5357,0.114331,0.078389
0.1314,166.6071,0.122605,0.079365
0.1314,167.6786,0.135109,0.080881
0.1314,168.7500,0.129310,0.083310
0.1314,169.8214,0.126558,0.086984
0.1314,170.8929,0.126301,0.092120
0.1314,171.9643,0.124280,0.098380
0.1314,173.0357,0.123593,0.104884
0.1314,174.1071,0.122238,0.110629
0.1314,175.1786,0.121628,0.114682
0.1314,176.2500,0.121142,0.117219
0.1314,177.3214,0.120528,0.118827
0.1314,178.3929,0.118969,0.120021
0.1314,179.4643,0.116959,0.120559
0.1314,180.5357,0.118555,0.120695
0.1314,181.6071,0.120355,0.120058
0.1314,182.6786,0.121043,0.118804
0.1314,183.7500,0.121547,0.117170
0.1314,184.8214,0.121958,0.114604
0.1314,185.8929,0.122682,0.110503
0.1314,186.9643,0.123890,0.104730
0.1314,188.0357,0.124561,0.098204
0.1314,189.1071,0.126585,0.091937
0.1314,190.1786,0.126677,0.086784
0.1314,191.2500,0.129434,0.083077
0.1314,192.3214,0.134892,0.080628
0.1314,193.3929,0.122187,0.079072
0.1314,194.4643,0.114104,0.078042
0.1314,195.5357,0.113548,0.077392
0.1314,196.6071,0.118410,0.077098
0.1314,197.6786,0.127993,0.077325
0.1314,198.7500,0.121552,0.078400
0.1314,199.8214,0.117309,0.080609
0.1314,200.8929,0.115588,0.084171
0.1314,201.9643,0.112152,0.088736
0.1314,203.0357,0.109977,0.093543
0.1314,204.1071,0.107513,0.097611
0.1314,205.1786,0.105547,0.100175
0.1314,206.2500,0.103939,0.101416
0.1314,207.3214,0.102603,0.101955
0.1314,208.3929,0.101239,0.102359
0.1314,209.4643,0.100200,0.102340
0.1314,210.5357,0.098134,0.102088
0.1314,211.6071,0.095731,0.101472
0.1314,212.6786,0.097373,0.100608
0.1314,213.7500,0.099178,0.099455
0.1314,214.8214,0.100295,0.097962
0.1314,215.8929,0.101821,0.095217
0.1314,216.9643,0.103469,0.091243
0.1314,218.0357,0.105851,0.086255
0.1314,219.1071,0.108373,0.081559
0.1314,220.1786,0.111071,0.077691
0.1314,221.2500,0.113221,0.075351
0.1314,222.3214,0.122059,0.074135
0.1314,223.3929,0.115825,0.073998
0.1314,224.4643,0.108493,0.074471
0.1314,225.5357,0.111453,0.075475
0.1314,226.6071,0.118107,0.076932
0.1314,227.6786,0.132001,0.078960
0.1314,228.7500,0.129675,0.081878
0.1314,229.8214,0.127613,0.085994
0.1314,230.8929,0.128686,0.091561
0.1314,231.9643,0.127740,0.098342
0.1314,233.0357,0.127826,0.105514
0.1314,234.1071,0.127355,0.112000
0.1314,235.1786,0.127529,0.116814
0.1314,236.2500,0.127472,0.119986
0.1314,237.3214,0.127473,0.122057
0.1314,238.3929,0.127575,0.123619
0.1314,239.4643,0.127074,0.124530
0.1314,240.5357,0.126293,0.124789
0.1314,241.6071,0.124004,0.124440
0.1314,242.6786,0.120638,0.123403
0.1314,243.7500,0.122157,0.121928
0.1314,244.8214,0.124233,0.119709
0.1314,245.8929,0.124954,0.115990
0.1314,246.9643,0.125807,0.110478
0.1314,248.0357,0.126919,0.103822
0.1314,249.1071,0.128573,0.097298
0.1314,250.1786,0.129547,0.091759
0.1314,251.2500,0.131244,0.087855
0.1314,252.3214,0.139618,0.085301
0.1314,253.3929,0.128538,0.083833
0.1314,254.4643,0.117610,0.082938
0.1314,255.5357,0.118978,0.082490
0.1314,256.6071,0.122931,0.082387
0.1314,257.6786,0.134277,0.082793
0.1314,258.7500,0.129560,0.084006
0.1314,259.8214,0.125109,0.086342
0.1314,260.8929,0.124090,0.090026
0.1314,261.9643,0.120965,0.094774
0.1314,263.0357,0.118794,0.099791
0.1314,264.1071,0.116352,0.104000
0.1314,265.1786,0.114387,0.106552
0.1314,266.2500,0.112337,0.107709
0.1314,267.3214,0.110754,0.107938
0.1314,268.3929,0.109284,0.108486
0.1314,269.4643,0.107674,0.108668
0.1314,270.5357,0.106079,0.106269
0.1314,271.6071,0.103968,0.105823
0.1314,272.6786,0.100792,0.105065
0.1314,273.7500,0.100187,0.103461
0.1314,274.8214,0.102208,0.101792
0.1314,275.8929,0.103791,0.099003
0.1314,276.9643,0.104937,0.095067
0.1314,278.0357,0.106892,0.089844
0.1314,279.1071,0.108601,0.084780
0.1314,280.1786,0.112027,0.080368
0.1314,281.2500,0.112105,0.077626
0.1314,282.3214,0.122001,0.076102
0.1314,283.3929,0.117961,0.075869
0.1314,284.4643,0.108597,0.076320
0.1314,285.5357,0.112623,0.077474
0.1314,286.6071,0.119325,0.079176
0.1314,287.6786,0.134258,0.081571
0.1314,288.7500,0.132624,0.084954
0.1314,289.8214,0.131486,0.089601
0.1314,290.8929,0.133326,0.095805
0.1314,291.9643,0.133103,0.103289
0.1314,293.0357,0.134181,0.111247
0.1314,294.1071,0.134606,0.118448
0.1314,295.1786,0.135565,0.123898
0.1314,296.2500,0.136493,0.127634
0.1314,297.3214,0.137171,0.130230
0.1314,298.3929,0.137873,0.132266
0.1314,299.4643,0.137976,0.133548
0.1314,300.5357,0.137415,0.134114
0.1314,301.6071,0.135337,0.133953
0.1314,302.6786,0.131853,0.133001
0.1314,303.7500,0.132685,0.131551
0.1314,304.8214,0.134742,0.129265
0.1314,305.8929,0.135114,0.125349
0.1314,306.9643,0.135584,0.119384
0.1314,308.0357,0.136080,0.112093
0.1314,309.1071,0.137269,0.104808
0.1314,310.1786,0.137341,0.098606
0.1314,311.2500,0.139251,0.094085
0.1314,312.3214,0.147065,0.091015
0.1314,313.3929,0.133738,0.089070
0.1314,314.4643,0.122254,0.087745
0.1314,315.5357,0.122700,0.086870
0.1314,316.6071,0.126921,0.086381
0.1314,317.6786,0.138040,0.086475
0.1314,318.7500,0.131766,0.087496
0.1314,319.8214,0.126872,0.089738
0.1314,320.8929,0.125560,0.093452
0.1314,321.9643,0.122045,0.098237
0.1314,323.0357,0.119869,0.103202
0.1314,324.1071,0.117495,0.107240
0.1314,325.1786,0.115548,0.109618
0.1314,326.2500,0.113841,0.110707
0.1314,327.3214,0.112711,0.111183
0.1314,328.3929,0.111413,0.111585
0.1314,329.4643,0.110332,0.111581
0.1314,330.5357,0.108438,0.111328
0.1314,331.6071,0.105789,0.110736
0.1314,332.6786,0.106759,0.109879
0.1314,333.7500,0.108710,0.108872
0.1314,334.8214,0.109874,0.107567
0.1314,335.8929,0.111172,0.105039
0.1314,336.9643,0.112748,0.101015
0.1314,338.0357,0.114894,0.095829
0.1314,339.1071,0.117506,0.090791
0.1314,340.1786,0.119862,0.086670
0.1314,341.2500,0.123229,0.084150
0.1314,342.3214,0.132654,0.082961
0.1314,343.3929,0.124531,0.082921
0.1314,344.4643,0.117535,0.083559
0.1314,345.5357,0.120036,0.084750
0.1314,346.6071,0.128514,0.086448
0.1314,347.6786,0.144371,0.088812
0.1314,348.7500,0.140344,0.092216
0.1314,349.8214,0.137871,0.097066
0.1314,350.8929,0.139575,0.103519
0.1314,351.9643,0.138728,0.111238
0.1314,353.0357,0.139374,0.119135
0.1314,354.1071,0.139670,0.126013
0.1314,355.1786,0.140178,0.130856
0.1314,356.2500,0.140777,0.134012
0.1314,357.3214,0.141389,0.136131
0.1314,358.3929,0.141219,0.137797
0.1314,359.4643,0.139531,0.138648
0.1405,0.5357,0.162516,0.159302
0.1405,1.6071,0.164300,0.158348
0.1405,2.6786,0.164971,0.156155
0.1405,3.7500,0.163048,0.153182
0.1405,4.8214,0.161087,0.148808
0.1405,5.8929,0.158426,0.142478
0.1405,6.9643,0.156367,0.133677
0.1405,8.0357,0.153702,0.123780
0.1405,9.1071,0.152837,0.113977
0.1405,10.1786,0.149178,0.105664
0.1405,11.2500,0.150882,0.099164
0.1405,12.3214,0.153311,0.094408
0.1405,13.3929,0.133869,0.090911
0.1405,14.4643,0.124041,0.088341
0.1405,15.5357,0.120787,0.086446
0.1405,16.6071,0.126764,0.085284
0.1405,17.6786,0.134767,0.084973
0.1405,18.7500,0.125106,0.085932
0.1405,19.8214,0.121177,0.088335
0.1405,20.8929,0.118871,0.092364
0.1405,21.9643,0.116097,0.097357
0.1405,23.0357,0.113954,0.102443
0.1405,24.1071,0.112304,0.106371
0.1405,25.1786,0.111096,0.108751
0.1405,26.2500,0.110040,0.109929
0.1405,27.3214,0.108222,0.110834
0.1405,28.3929,0.106520,0.111656
0.1405,29.4643,0.109018,0.112224
0.1405,30.5357,0.111119,0.112479
0.1405,31.6071,0.112106,0.112529
0.1405,32.6786,0.113343,0.112206
0.1405,33.7500,0.114416,0.111867
0.1405,34.8214,0.115961,0.111013
0.1405,35.8929,0.117920,0.108951
0.1405,36.9643,0.120507,0.105178
0.1405,38.0357,0.123012,0.100429
0.1405,39.1071,0.127018,0.095808
0.1405,40.1786,0.128804,0.092305
0.1405,41.2500,0.134502,0.090328
0.1405,42.3214,0.141820,0.089772
0.1405,43.3929,0.131260,0.090284
0.1405,44.4643,0.127819,0.091528
0.1405,45.5357,0.128776,0.093297
0.1405,46.6071,0.141293,0.095627
0.1405,47.6786,0.159442,0.098721
0.1405,48.7500,0.153284,0.103038
0.1405,49.8214,0.151612,0.109057
0.1405,50.8929,0.153715,0.116858
0.1405,51.9643,0.153576,0.125940
0.1405,53.0357,0.155079,0.134904
0.1405,54.1071,0.155581,0.142452
0.1405,55.1786,0.156755,0.147438
0.1405,56.2500,0.155604,0.150519
0.1405,57.3214,0.154598,0.152383
0.1405,58.3929,0.157418,0.153563
0.1405,59.4643,0.160045,0.153597
0.1405,60.5357,0.160227,0.152657
0.1405,61.6071,0.158961,0.150675
0.1405,62.6786,0.157010,0.147832
0.1405,63.7500,0.154597,0.144185
0.1405,64.8214,0.151822,0.139035
0.1405,65.8929,0.149325,0.131671
0.1405,66.9643,0.146856,0.122355
0.1405,68.0357,0.144731,0.112293
0.1405,69.1071,0.142883,0.102932
0.1405,70.1786,0.140782,0.095123
0.1405,71.2500,0.142254,0.089206
0.1405,72.3214,0.139216,0.084839
0.1405,73.3929,0.123044,0.081740
0.1405,74.4643,0.115363,0.079532
0.1405,75.5357,0.110920,0.078054
0.1405,76.6071,0.119762,0.077425
0.1405,77.6786,0.123759,0.077644
0.1405,78.7500,0.113818,0.079240
0.1405,79.8214,0.113473,0.082110
0.1405,80.8929,0.110202,0.086635
0.1405,81.9643,0.108466,0.091778
0.1405,83.0357,0.106562,0.097029
0.1405,84.1071,0.105437,0.100919
0.1405,85.1786,0.103877,0.103595
0.1405,86.2500,0.101843,0.105168
0.1405,87.3214,0.102408,0.106717
0.1405,88.3929,0.105578,0.107452
0.1405,89.4643,0.107683,0.107901
0.1405,90.5357,0.109269,0.110390
0.1405,91.6071,0.110849,0.110285
0.1405,92.6786,0.112289,0.109843
0.1405,93.7500,0.113890,0.109817
0.1405,94.8214,0.116036,0.108949
0.1405,95.8929,0.118182,0.106723
0.1405,96.9643,0.120985,0.102765
0.1405,98.0357,0.123509,0.097982
0.1405,99.1071,0.127195,0.093420
0.1405,100.1786,0.128669,0.089993
0.1405,101.2500,0.134144,0.087999
0.1405,102.3214,0.139550,0.087291
0.1405,103.3929,0.128497,0.087525
0.1405,104.4643,0.125599,0.088384
0.1405,105.5357,0.125348,0.089705
0.1405,106.6071,0.137826,0.091529
0.1405,107.6786,0.153443,0.094073
0.1405,108.7500,0.146245,0.097785
0.1405,109.8214,0.144599,0.103070
0.1405,110.8929,0.145514,0.110094
0.1405,111.9643,0.144911,0.118305
0.1405,113.0357,0.145237,0.126526
0.1405,114.1071,0.145285,0.133421
0.1405,115.1786,0.145556,0.138043
0.1405,116.2500,0.143732,0.140856
0.1405,117.3214,0.142899,0.142594
0.1405,118.3929,0.146560,0.143702
0.1405,119.4643,0.148729,0.143817
0.1405,120.5357,0.149053,0.143069
0.1405,121.6071,0.148350,0.141411
0.1405,122.6786,0.147071,0.138954
0.1405,123.7500,0.145532,0.135785
0.1405,124.8214,0.143648,0.131138
0.1405,125.8929,0.141984,0.124419
0.1405,126.9643,0.140464,0.115828
0.1405,128.0357,0.138952,0.106595
0.1405,129.1071,0.138055,0.098003
0.1405,130.1786,0.136098,0.090842
0.1405,131.2500,0.137974,0.085427
0.1405,132.3214,0.136064,0.081470
0.1405,133.3929,0.120725,0.078640
0.1405,134.4643,0.113032,0.076601
0.1405,135.5357,0.109431,0.075226
0.1405,136.6071,0.116493,0.074567
0.1405,137.6786,0.122167,0.074661
0.1405,138.7500,0.113111,0.075950
0.1405,139.8214,0.111172,0.078413
0.1405,140.8929,0.108424,0.082407
0.1405,141.9643,0.105978,0.087168
0.1405,143.0357,0.103648,0.092153
0.1405,144.1071,0.102097,0.096061
0.1405,145.1786,0.100587,0.098696
0.1405,146.2500,0.099529,0.100133
0.1405,147.3214,0.097705,0.101258
0.1405,148.3929,0.096505,0.102136
0.1405,149.4643,0.099180,0.102766
0.1405,150.5357,0.101143,0.103071
0.1405,151.6071,0.102266,0.103124
0.1405,152.6786,0.103654,0.102815
0.1405,153.7500,0.104951,0.102403
0.1405,154.8214,0.106598,0.101328
0.1405,155.8929,0.108573,0.098977
0.1405,156.9643,0.111047,0.095063
0.1405,158.0357,0.113279,0.090358
0.1405,159.1071,0.116921,0.085867
0.1405,160.1786,0.118724,0.082415
0.1405,161.2500,0.123667,0.080369
0.1405,162.3214,0.130552,0.079593
0.1405,163.3929,0.121133,0.079792
0.1405,164.4643,0.117299,0.080662
0.1405,165.5357,0.118712,0.082046
0.1405,166.6071,0.128201,0.083939
0.1405,167.6786,0.144529,0.086549
0.1405,168.7500,0.140555,0.090225
0.1405,169.8214,0.138175,0.095395
0.1405,170.8929,0.140174,0.102136
0.1405,171.9643,0.139425,0.110221
0.1405,173.0357,0.140412,0.118536
0.1405,174.1071,0.140809,0.126030
0.1405,175.1786,0.141560,0.131458
0.1405,176.2500,0.142258,0.135096
0.1405,177.3214,0.142795,0.137479
0.1405,178.3929,0.141550,0.139231
0.1405,179.4643,0.139602,0.140011
0.1405,180.5357,0.141284,0.140159
0.1405,181.6071,0.142972,0.139189
0.1405,182.6786,0.143086,0.137289
0.1405,183.7500,0.142303,0.134812
0.1405,184.8214,0.141517,0.131080
0.1405,185.8929,0.140748,0.125544
0.1405,186.9643,0.140200,0.117986
0.1405,188.0357,0.139227,0.109614
0.1405,189.1071,0.139821,0.101501
0.1405,190.1786,0.137782,0.094741
0.1405,191.2500,0.140107,0.089548
0.1405,192.3214,0.143618,0.085856
0.1405,193.3929,0.127346,0.083232
0.1405,194.4643,0.118046,0.081313
0.1405,195.5357,0.116428,0.079918
0.1405,196.6071,0.120439,0.079061
0.1405,197.6786,0.129554,0.078862
0.1405,198.7500,0.122418,0.079642
0.1405,199.8214,0.117591,0.081695
0.1405,200.8929,0.115703,0.085148
0.1405,201.9643,0.112146,0.089615
0.1405,203.0357,0.109946,0.094295
0.1405,204.1071,0.107471,0.098186
0.1405,205.1786,0.105516,0.100520
0.1405,206.2500,0.103908,0.101607
0.1405,207.3214,0.102576,0.102041
0.1405,208.3929,0.101219,0.102379
0.1405,209.4643,0.100168,0.102355
0.1405,210.5357,0.098114,0.102088
0.1405,211.6071,0.095727,0.101472
0.1405,212.6786,0.097353,0.100638
0.1405,213.7500,0.099158,0.099532
0.1405,214.8214,0.100263,0.098112
0.1405,215.8929,0.101789,0.095488
0.1405,216.9643,0.103413,0.091599
0.1405,218.0357,0.105794,0.086660
0.1405,219.1071,0.108303,0.081962
0.1405,220.1786,0.110964,0.078081
0.1405,221.2500,0.113189,0.075688
0.1405,222.3214,0.122034,0.074480
0.1405,223.3929,0.116236,0.074432
0.1405,224.4643,0.109411,0.075138
0.1405,225.5357,0.112947,0.076549
0.1405,226.6071,0.120593,0.078605
0.1405,227.6786,0.136638,0.081458
0.1405,228.7500,0.137753,0.085443
0.1405,229.8214,0.135789,0.090891
0.1405,230.8929,0.137978,0.098069
0.1405,231.9643,0.138732,0.106698
0.1405,233.0357,0.140422,0.115892
0.1405,234.1071,0.141881,0.124447
0.1405,235.1786,0.143615,0.131086
0.1405,236.2500,0.145498,0.135709
0.1405,237.3214,0.146964,0.138904
0.1405,238.3929,0.148277,0.141390
0.1405,239.4643,0.148950,0.143058
0.1405,240.5357,0.148621,0.143796
0.1405,241.6071,0.146186,0.143690
0.1405,242.6786,0.142885,0.142555
0.1405,243.7500,0.144138,0.140792
0.1405,244.8214,0.145853,0.137920
0.1405,245.8929,0.145366,0.133207
0.1405,246.9643,0.145387,0.126220
0.1405,248.0357,0.144954,0.117970
0.1405,249.1071,0.145547,0.109708
0.1405,250.1786,0.144485,0.102678
0.1405,251.2500,0.146228,0.097366
0.1405,252.3214,0.153105,0.093613
0.1405,253.3929,0.137184,0.091034
0.1405,254.4643,0.124924,0.089141
0.1405,255.5357,0.124989,0.087771
0.1405,256.6071,0.127785,0.086847
0.1405,257.6786,0.138639,0.086561
0.1405,258.7500,0.133144,0.087211
0.1405,259.8214,0.127565,0.089135
0.1405,260.8929,0.126024,0.092493
0.1405,261.9643,0.122247,0.096973
0.1405,263.0357,0.119633,0.101673
0.1405,264.1071,0.116750,0.105528
0.1405,265.1786,0.114543,0.107682
0.1405,266.2500,0.112370,0.108482
0.1405,267.3214,0.110743,0.108444
0.1405,268.3929,0.109257,0.108813
0.1405,269.4643,0.107641,0.108858
0.1405,270.5357,0.106045,0.106368
0.1405,271.6071,0.103936,0.105883
0.1405,272.6786,0.100763,0.105128
0.1405,273.7500,0.100160,0.103566
0.1405,274.8214,0.102168,0.101988
0.1405,275.8929,0.103742,0.099322
0.1405,276.9643,0.104876,0.095488
0.1405,278.0357,0.106813,0.090305
0.1405,279.1071,0.108484,0.085236
0.1405,280.1786,0.111878,0.080768
0.1405,281.2500,0.111984,0.077944
0.1405,282.3214,0.121910,0.076371
0.1405,283.3929,0.118288,0.076176
0.1405,284.4643,0.109402,0.076826
0.1405,285.5357,0.113979,0.078334
0.1405,286.6071,0.121709,0.080583
0.1405,287.6786,0.137600,0.083740
0.1405,288.7500,0.141222,0.088156
0.1405,289.8214,0.140047,0.094104
0.1405,290.8929,0.142004,0.101952
0.1405,291.9643,0.144170,0.111348
0.1405,293.0357,0.146310,0.121525
0.1405,294.1071,0.148999,0.130992
0.1405,295.1786,0.151593,0.138579
0.1405,296.2500,0.154467,0.143912
0.1405,297.3214,0.157071,0.147703
0.1405,298.3929,0.159122,0.150648
0.1405,299.4643,0.160538,0.152751
0.1405,300.5357,0.160602,0.153789
0.1405,301.6071,0.158441,0.153846
0.1405,302.6786,0.154974,0.152740
0.1405,303.7500,0.155612,0.150943
0.1405,304.8214,0.157077,0.147914
0.1405,305.8929,0.156073,0.142936
0.1405,306.9643,0.155545,0.135403
0.1405,308.0357,0.154106,0.126413
0.1405,309.1071,0.154169,0.117284
0.1405,310.1786,0.152044,0.109426
0.1405,311.2500,0.153665,0.103353
0.1405,312.3214,0.159957,0.098990
0.1405,313.3929,0.141679,0.095839
0.1405,314.4643,0.128868,0.093461
0.1405,315.5357,0.127989,0.091633
0.1405,316.6071,0.131075,0.090325
0.1405,317.6786,0.141648,0.089744
0.1405,318.7500,0.134626,0.090225
0.1405,319.8214,0.128698,0.092112
0.1405,320.8929,0.126892,0.095524
0.1405,321.9643,0.122808,0.100064
0.1405,323.0357,0.120256,0.104736
0.1405,324.1071,0.117611,0.108457
0.1405,325.1786,0.115560,0.110460
0.1405,326.2500,0.113834,0.111241
0.1405,327.3214,0.112685,0.111511
0.1405,328.3929,0.111374,0.111765
0.1405,329.4643,0.110286,0.111668
0.1405,330.5357,0.108407,0.111367
0.1405,331.6071,0.105750,0.110750
0.1405,332.6786,0.106712,0.109896
0.1405,333.7500,0.108671,0.108931
0.1405,334.8214,0.109835,0.107739
0.1405,335.8929,0.111114,0.105359
0.1405,336.9643,0.112690,0.101479
0.1405,338.0357,0.114822,0.096413
0.1405,339.1071,0.117492,0.091445
0.1405,340.1786,0.119851,0.087385
0.1405,341.2500,0.123357,0.084950
0.1405,342.3214,0.133193,0.083946
0.1405,343.3929,0.125723,0.084212
0.1405,344.4643,0.119443,0.085339
0.1405,345.5357,0.122908,0.087215
0.1405,346.6071,0.132506,0.089786
0.1405,347.6786,0.151748,0.093270
0.1405,348.7500,0.149684,0.098030
0.1405,349.8214,0.148261,0.104525
0.1405,350.8929,0.151889,0.112848
0.1405,351.9643,0.152825,0.122672
0.1405,353.0357,0.155676,0.132649
0.1405,354.1071,0.157767,0.141549
0.1405,355.1786,0.160610,0.148056
0.1405,356.2500,0.162775,0.152586
0.1405,357.3214,0.164958,0.155730
0.1405,358.3929,0.165723,0.158169
0.1405,359.4643,0.164251,0.159440
0.1496,0.5357,0.190239,0.182061
0.1496,1.6071,0.191715,0.180686
0.1496,2.6786,0.191140,0.177748
0.1496,3.7500,0.187343,0.173721
0.1496,4.8214,0.182978,0.167807
0.1496,5.8929,0.177558,0.159262
0.1496,6.9643,0.172839,0.147812
0.1496,8.0357,0.167542,0.135178
0.1496,9.1071,0.163929,0.122802
0.1496,10.1786,0.158890,0.112210
0.1496,11.2500,0.160857,0.103805
0.1496,12.3214,0.157937,0.097553
0.1496,13.3929,0.136036,0.092937
0.1496,14.4643,0.125163,0.089576
0.1496,15.5357,0.121332,0.087184
0.1496,16.6071,0.126880,0.085794
0.1496,17.6786,0.134418,0.085416
0.1496,18.7500,0.124884,0.086403
0.1496,19.8214,0.121043,0.088849
0.1496,20.8929,0.118745,0.092895
0.1496,21.9643,0.115974,0.097834
0.1496,23.0357,0.113852,0.102816
0.1496,24.1071,0.112210,0.106607
0.1496,25.1786,0.111006,0.108845
0.1496,26.2500,0.110013,0.109935
0.1496,27.3214,0.108194,0.110824
0.1496,28.3929,0.106497,0.111639
0.1496,29.4643,0.108991,0.112203
0.1496,30.5357,0.111080,0.112469
0.1496,31.6071,0.112051,0.112519
0.1496,32.6786,0.113300,0.112219
0.1496,33.7500,0.114390,0.111924
0.1496,34.8214,0.115956,0.111230
0.1496,35.8929,0.117870,0.109409
0.1496,36.9643,0.120462,0.105853
0.1496,38.0357,0.122968,0.101314
0.1496,39.1071,0.127016,0.096828
0.1496,40.1786,0.128900,0.093467
0.1496,41.2500,0.134951,0.091694
0.1496,42.3214,0.142836,0.091473
0.1496,43.3929,0.133053,0.092508
0.1496,44.4643,0.130568,0.094478
0.1496,45.5357,0.132750,0.097196
0.1496,46.6071,0.146661,0.100714
0.1496,47.6786,0.169742,0.105250
0.1496,48.7500,0.165787,0.111250
0.1496,49.8214,0.164686,0.119264
0.1496,50.8929,0.170022,0.129187
0.1496,51.9643,0.171631,0.140606
0.1496,53.0357,0.175902,0.151723
0.1496,54.1071,0.178410,0.161260
0.1496,55.1786,0.181452,0.167689
0.1496,56.2500,0.181847,0.171801
0.1496,57.3214,0.181466,0.174258
0.1496,58.3929,0.183916,0.175673
0.1496,59.4643,0.186541,0.175475
0.1496,60.5357,0.185901,0.173895
0.1496,61.6071,0.182946,0.170852
0.1496,62.6786,0.178931,0.166718
0.1496,63.7500,0.173908,0.161453
0.1496,64.8214,0.168688,0.154297
0.1496,65.8929,0.163511,0.144507
0.1496,66.9643,0.158660,0.132691
0.1496,68.0357,0.154790,0.120209
0.1496,69.1071,0.150649,0.108740
0.1496,70.1786,0.148188,0.099128
0.1496,71.2500,0.148429,0.091816
0.1496,72.3214,0.141331,0.086395
0.1496,73.3929,0.124169,0.082585
0.1496,74.4643,0.115794,0.079929
0.1496,75.5357,0.110963,0.078205
0.1496,76.6071,0.119655,0.077497
0.1496,77.6786,0.123570,0.077697
0.1496,78.7500,0.113608,0.079318
0.1496,79.8214,0.113289,0.082228
0.1496,80.8929,0.110031,0.086770
0.1496,81.9643,0.108309,0.091906
0.1496,83.0357,0.106462,0.097121
0.1496,84.1071,0.105389,0.100966
0.1496,85.1786,0.103844,0.103607
0.1496,86.2500,0.101817,0.105165
0.1496,87.3214,0.102384,0.106709
0.1496,88.3929,0.105552,0.107445
0.1496,89.4643,0.107655,0.107897
0.1496,90.5357,0.109235,0.110403
0.1496,91.6071,0.110804,0.110339
0.1496,92.6786,0.112268,0.109969
0.1496,93.7500,0.113857,0.110093
0.1496,94.8214,0.116008,0.109469
0.1496,95.8929,0.118171,0.107557
0.1496,96.9643,0.121029,0.103879
0.1496,98.0357,0.123729,0.099348
0.1496,99.1071,0.127747,0.094971
0.1496,100.1786,0.129558,0.091778
0.1496,101.2500,0.135839,0.090104
0.1496,102.3214,0.142020,0.089852
0.1496,103.3929,0.131573,0.090722
0.1496,104.4643,0.129761,0.092402
0.1496,105.5357,0.130831,0.094707
0.1496,106.6071,0.144660,0.097662
0.1496,107.6786,0.165471,0.101525
0.1496,108.7500,0.159903,0.106711
0.1496,109.8214,0.158713,0.113745
0.1496,110.8929,0.162377,0.122615
0.1496,111.9643,0.163098,0.132891
0.1496,113.0357,0.165863,0.142987
0.1496,114.1071,0.167283,0.151625
0.1496,115.1786,0.169161,0.157451
0.1496,116.2500,0.168265,0.161130
0.1496,117.3214,0.167999,0.163306
0.1496,118.3929,0.171006,0.164583
0.1496,119.4643,0.173440,0.164453
0.1496,120.5357,0.172981,0.163127
0.1496,121.6071,0.170770,0.160507
0.1496,122.6786,0.167797,0.156924
0.1496,123.7500,0.163951,0.152282
0.1496,124.8214,0.159995,0.145798
0.1496,125.8929,0.156096,0.136813
0.1496,126.9643,0.152372,0.125946
0.1496,128.0357,0.149488,0.114496
0.1496,129.1071,0.146243,0.103974
0.1496,130.1786,0.144227,0.095159
0.1496,131.2500,0.144944,0.088431
0.1496,132.3214,0.138857,0.083440
0.1496,133.3929,0.122512,0.079883
0.1496,134.4643,0.114008,0.077350
0.1496,135.5357,0.109867,0.075655
0.1496,136.6071,0.116604,0.074817
0.1496,137.6786,0.122053,0.074848
0.1496,138.7500,0.112937,0.076147
0.1496,139.8214,0.110998,0.078633
0.1496,140.8929,0.108237,0.082644
0.1496,141.9643,0.105834,0.087398
0.1496,143.0357,0.103572,0.092354
0.1496,144.1071,0.102048,0.096200
0.1496,145.1786,0.100562,0.098774
0.1496,146.2500,0.099505,0.100158
0.1496,147.3214,0.097693,0.101269
0.1496,148.3929,0.096493,0.102125
0.1496,149.4643,0.099168,0.102763
0.1496,150.5357,0.101123,0.103057
0.1496,151.6071,0.102239,0.103125
0.1496,152.6786,0.103634,0.102818
0.1496,153.7500,0.104924,0.102476
0.1496,154.8214,0.106563,0.101523
0.1496,155.8929,0.108523,0.099350
0.1496,156.9643,0.111005,0.095586
0.1496,158.0357,0.113237,0.091002
0.1496,159.1071,0.116907,0.086574
0.1496,160.1786,0.118721,0.083203
0.1496,161.2500,0.123879,0.081270
0.1496,162.3214,0.131231,0.080702
0.1496,163.3929,0.122393,0.081241
0.1496,164.4643,0.119309,0.082624
0.1496,165.5357,0.121720,0.084730
0.1496,166.6071,0.132351,0.087549
0.1496,167.6786,0.152275,0.091328
0.1496,168.7500,0.150337,0.096387
0.1496,169.8214,0.148887,0.103221
0.1496,170.8929,0.152939,0.111849
0.1496,171.9643,0.154099,0.122044
0.1496,173.0357,0.157245,0.132429
0.1496,174.1071,0.159596,0.141929
0.1496,175.1786,0.162604,0.148995
0.1496,176.2500,0.164810,0.153972
0.1496,177.3214,0.166913,0.157323
0.1496,178.3929,0.166321,0.159760
0.1496,179.4643,0.164532,0.160845
0.1496,180.5357,0.166271,0.160992
0.1496,181.6071,0.167754,0.159603
0.1496,182.6786,0.166909,0.156929
0.1496,183.7500,0.164533,0.153420
0.1496,184.8214,0.162125,0.148300
0.1496,185.8929,0.158948,0.141081
0.1496,186.9643,0.156577,0.131485
0.1496,188.0357,0.153292,0.121032
0.1496,189.1071,0.152100,0.110811
0.1496,190.1786,0.148097,0.102189
0.1496,191.2500,0.149322,0.095352
0.1496,192.3214,0.150914,0.090305
0.1496,193.3929,0.131162,0.086544
0.1496,194.4643,0.120783,0.083742
0.1496,195.5357,0.118198,0.081672
0.1496,196.6071,0.121504,0.080326
0.1496,197.6786,0.130029,0.079811
0.1496,198.7500,0.122514,0.080421
0.1496,199.8214,0.117555,0.082382
0.1496,200.8929,0.115686,0.085766
0.1496,201.9643,0.112107,0.090179
0.1496,203.0357,0.109884,0.094751
0.1496,204.1071,0.107412,0.098502
0.1496,205.1786,0.105477,0.100693
0.1496,206.2500,0.103884,0.101656
0.1496,207.3214,0.102544,0.102041
0.1496,208.3929,0.101200,0.102376
0.1496,209.4643,0.100160,0.102348
0.1496,210.5357,0.098102,0.102078
0.1496,211.6071,0.095719,0.101472
0.1496,212.6786,0.097341,0.100648
0.1496,213.7500,0.099134,0.099579
0.1496,214.8214,0.100241,0.098218
0.1496,215.8929,0.101738,0.095682
0.1496,216.9643,0.103344,0.091861
0.1496,218.0357,0.105638,0.086951
0.1496,219.1071,0.108129,0.082256
0.1496,220.1786,0.110795,0.078326
0.1496,221.2500,0.113008,0.075900
0.1496,222.3214,0.121930,0.074670
0.1496,223.3929,0.116384,0.074699
0.1496,224.4643,0.109940,0.075589
0.1496,225.5357,0.114039,0.077337
0.1496,226.6071,0.122575,0.079928
0.1496,227.6786,0.139266,0.083538
0.1496,228.7500,0.145121,0.088575
0.1496,229.8214,0.144148,0.095370
0.1496,230.8929,0.146421,0.104212
0.1496,231.9643,0.149634,0.114786
0.1496,233.0357,0.152541,0.126231
0.1496,234.1071,0.156321,0.137115
0.1496,235.1786,0.160226,0.146044
0.1496,236.2500,0.164214,0.152508
0.1496,237.3214,0.168014,0.157130
0.1496,238.3929,0.170983,0.160705
0.1496,239.4643,0.173143,0.163281
0.1496,240.5357,0.173388,0.164556
0.1496,241.6071,0.170782,0.164629
0.1496,242.6786,0.168070,0.163276
0.1496,243.7500,0.168732,0.161022
0.1496,244.8214,0.169355,0.157230
0.1496,245.8929,0.167256,0.151286
0.1496,246.9643,0.165794,0.142528
0.1496,248.0357,0.162866,0.132355
0.1496,249.1071,0.162134,0.122027
0.1496,250.1786,0.158264,0.113132
0.1496,251.2500,0.159561,0.106053
0.1496,252.3214,0.164701,0.100832
0.1496,253.3929,0.143738,0.096919
0.1496,254.4643,0.130126,0.093922
0.1496,255.5357,0.128890,0.091569
0.1496,256.6071,0.130648,0.089857
0.1496,257.6786,0.140883,0.088967
0.1496,258.7500,0.134603,0.089161
0.1496,259.8214,0.128323,0.090809
0.1496,260.8929,0.126488,0.093937
0.1496,261.9643,0.122388,0.098241
0.1496,263.0357,0.119652,0.102699
0.1496,264.1071,0.116731,0.106301
0.1496,265.1786,0.114511,0.108148
0.1496,266.2500,0.112343,0.108724
0.1496,267.3214,0.110718,0.108551
0.1496,268.3929,0.109209,0.108856
0.1496,269.4643,0.107610,0.108864
0.1496,270.5357,0.106018,0.106363
0.1496,271.6071,0.103911,0.105875
0.1496,272.6786,0.100740,0.105120
0.1496,273.7500,0.100135,0.103561
0.1496,274.8214,0.102135,0.101996
0.1496,275.8929,0.103696,0.099358
0.1496,276.9643,0.104778,0.095561
0.1496,278.0357,0.106661,0.090403
0.1496,279.1071,0.108318,0.085340
0.1496,280.1786,0.111706,0.080847
0.1496,281.2500,0.111782,0.077990
0.1496,282.3214,0.121732,0.076398
0.1496,283.3929,0.118169,0.076215
0.1496,284.4643,0.109428,0.076916
0.1496,285.5357,0.114348,0.078650
0.1496,286.6071,0.122729,0.081307
0.1496,287.6786,0.139553,0.085124
0.1496,288.7500,0.147024,0.090564
0.1496,289.8214,0.147124,0.097864
0.1496,290.8929,0.149508,0.107475
0.1496,291.9643,0.153815,0.118959
0.1496,293.0357,0.157757,0.131533
0.1496,294.1071,0.162744,0.143488
0.1496,295.1786,0.168021,0.153520
0.1496,296.2500,0.173363,0.160901
0.1496,297.3214,0.178594,0.166354
0.1496,298.3929,0.182791,0.170641
0.1496,299.4643,0.185995,0.173861
0.1496,300.5357,0.187015,0.175592
0.1496,301.6071,0.184712,0.175953
0.1496,302.6786,0.182050,0.174662
0.1496,303.7500,0.181992,0.172334
0.1496,304.8214,0.182094,0.168317
0.1496,305.8929,0.179221,0.161964
0.1496,306.9643,0.176756,0.152462
0.1496,308.0357,0.172529,0.141334
0.1496,309.1071,0.170883,0.129888
0.1496,310.1786,0.165487,0.119915
0.1496,311.2500,0.166537,0.111835
0.1496,312.3214,0.170703,0.105786
0.1496,313.3929,0.147287,0.101171
0.1496,314.4643,0.133076,0.097604
0.1496,315.5357,0.130942,0.094782
0.1496,316.6071,0.133031,0.092718
0.1496,317.6786,0.142834,0.091585
0.1496,318.7500,0.135183,0.091708
0.1496,319.8214,0.128835,0.093368
0.1496,320.8929,0.126916,0.096615
0.1496,321.9643,0.122770,0.101008
0.1496,323.0357,0.120206,0.105462
0.1496,324.1071,0.117561,0.108953
0.1496,325.1786,0.115529,0.110696
0.1496,326.2500,0.113815,0.111309
0.1496,327.3214,0.112653,0.111521
0.1496,328.3929,0.111331,0.111761
0.1496,329.4643,0.110243,0.111653
0.1496,330.5357,0.108379,0.111343
0.1496,331.6071,0.105730,0.110736
0.1496,332.6786,0.106684,0.109886
0.1496,333.7500,0.108639,0.108948
0.1496,334.8214,0.109772,0.107847
0.1496,335.8929,0.111004,0.105612
0.1496,336.9643,0.112569,0.101876
0.1496,338.0357,0.114693,0.096900
0.1496,339.1071,0.117327,0.091971
0.1496,340.1786,0.119679,0.087878
0.1496,341.2500,0.123160,0.085369
0.1496,342.3214,0.132873,0.084294
0.1496,343.3929,0.125743,0.084577
0.1496,344.4643,0.119842,0.085912
0.1496,345.5357,0.123836,0.088227
0.1496,346.6071,0.134535,0.091535
0.1496,347.6786,0.155406,0.096083
0.1496,348.7500,0.159716,0.102294
0.1496,349.8214,0.157873,0.110641
0.1496,350.8929,0.162451,0.121214
0.1496,351.9643,0.166279,0.133573
0.1496,353.0357,0.171389,0.146340
0.1496,354.1071,0.176402,0.157953
0.1496,355.1786,0.181820,0.166821
0.1496,356.2500,0.186647,0.172982
0.1496,357.3214,0.190741,0.177228
0.1496,358.3929,0.193024,0.180450
0.1496,359.4643,0.191926,0.182232
0.1587,0.5357,0.220379,0.206239
0.1587,1.6071,0.221377,0.204346
0.1587,2.6786,0.219017,0.200597
0.1587,3.7500,0.212742,0.195219
0.1587,4.8214,0.204960,0.187397
0.1587,5.8929,0.196530,0.176067
0.1587,6.9643,0.188021,0.161623
0.1587,8.0357,0.180672,0.145957
0.1587,9.1071,0.173478,0.130908
0.1587,10.1786,0.168466,0.117937
0.1587,11.2500,0.169524,0.107644
0.1587,12.3214,0.159883,0.099946
0.1587,13.3929,0.137287,0.094351
0.1587,14.4643,0.125603,0.090336
0.1587,15.5357,0.121345,0.087580
0.1587,16.6071,0.126711,0.086003
0.1587,17.6786,0.134106,0.085603
0.1587,18.7500,0.124562,0.086648
0.1587,19.8214,0.120760,0.089115
0.1587,20.8929,0.118532,0.093158
0.1587,21.9643,0.115785,0.098066
0.1587,23.0357,0.113707,0.102975
0.1587,24.1071,0.112101,0.106677
0.1587,25.1786,0.110916,0.108858
0.1587,26.2500,0.109904,0.109915
0.1587,27.3214,0.108136,0.110804
0.1587,28.3929,0.106477,0.111606
0.1587,29.4643,0.108956,0.112177
0.1587,30.5357,0.111049,0.112435
0.1587,31.6071,0.112020,0.112490
0.1587,32.6786,0.113244,0.112194
0.1587,33.7500,0.114334,0.111911
0.1587,34.8214,0.115888,0.111243
0.1587,35.8929,0.117821,0.109542
0.1587,36.9643,0.120376,0.106123
0.1587,38.0357,0.122839,0.101704
0.1587,39.1071,0.126857,0.097300
0.1587,40.1786,0.128727,0.094001
0.1587,41.2500,0.134738,0.092320
0.1587,42.3214,0.142507,0.092254
0.1587,43.3929,0.133328,0.093605
0.1587,44.4643,0.131521,0.096126
0.1587,45.5357,0.134764,0.099686
0.1587,46.6071,0.149887,0.104328
0.1587,47.6786,0.177700,0.110397
0.1587,48.7500,0.175980,0.118250
0.1587,49.8214,0.176117,0.128529
0.1587,50.8929,0.184480,0.140919
0.1587,51.9643,0.188841,0.155032
0.1587,53.0357,0.196220,0.168754
0.1587,54.1071,0.201820,0.180684
0.1587,55.1786,0.207577,0.188884
0.1587,56.2500,0.210074,0.194286
0.1587,57.3214,0.211010,0.197505
0.1587,58.3929,0.213218,0.199302
0.1587,59.4643,0.215756,0.198863
0.1587,60.5357,0.213906,0.196600
0.1587,61.6071,0.208831,0.192326
0.1587,62.6786,0.201860,0.186675
0.1587,63.7500,0.193832,0.179445
0.1587,64.8214,0.185251,0.169960
0.1587,65.8929,0.177262,0.157400
0.1587,66.9643,0.169531,0.142845
0.1587,68.0357,0.163819,0.127715
0.1587,69.1071,0.157424,0.113974
0.1587,70.1786,0.154324,0.102465
0.1587,71.2500,0.153530,0.093748
0.1587,72.3214,0.142477,0.087355
0.1587,73.3929,0.124741,0.082983
0.1587,74.4643,0.115920,0.080013
0.1587,75.5357,0.110904,0.078198
0.1587,76.6071,0.119523,0.077481
0.1587,77.6786,0.123415,0.077678
0.1587,78.7500,0.113448,0.079304
0.1587,79.8214,0.113138,0.082227
0.1587,80.8929,0.109895,0.086778
0.1587,81.9643,0.108189,0.091910
0.1587,83.0357,0.106338,0.097114
0.1587,84.1071,0.105258,0.100947
0.1587,85.1786,0.103757,0.103586
0.1587,86.2500,0.101791,0.105136
0.1587,87.3214,0.102342,0.106680
0.1587,88.3929,0.105524,0.107416
0.1587,89.4643,0.107627,0.107867
0.1587,90.5357,0.109205,0.110377
0.1587,91.6071,0.110766,0.110316
0.1587,92.6786,0.112226,0.109954
0.1587,93.7500,0.113832,0.110090
0.1587,94.8214,0.115963,0.109572
0.1587,95.8929,0.118116,0.107859
0.1587,96.9643,0.120960,0.104389
0.1587,98.0357,0.123653,0.100020
0.1587,99.1071,0.127664,0.095772
0.1587,100.1786,0.129464,0.092686
0.1587,101.2500,0.135838,0.091154
0.1587,102.3214,0.142235,0.091186
0.1587,103.3929,0.132663,0.092520
0.1587,104.4643,0.131741,0.094874
0.1587,105.5357,0.133986,0.098147
0.1587,106.6071,0.149221,0.102318
0.1587,107.6786,0.175011,0.107726
0.1587,108.7500,0.171982,0.114716
0.1587,109.8214,0.171457,0.123898
0.1587,110.8929,0.178448,0.135073
0.1587,111.9643,0.181387,0.147833
0.1587,113.0357,0.187139,0.160273
0.1587,114.1071,0.191043,0.171061
0.1587,115.1786,0.195061,0.178432
0.1587,116.2500,0.195931,0.183164
0.1587,117.3214,0.196353,0.185907
0.1587,118.3929,0.198892,0.187401
0.1587,119.4643,0.201151,0.186943
0.1587,120.5357,0.199476,0.184870
0.1587,121.6071,0.195308,0.181044
0.1587,122.6786,0.189647,0.175999
0.1587,123.7500,0.183079,0.169494
0.1587,124.8214,0.176112,0.160810
0.1587,125.8929,0.169530,0.149243
0.1587,126.9643,0.163251,0.135769
0.1587,128.0357,0.158495,0.121843
0.1587,129.1071,0.153211,0.109157
0.1587,130.1786,0.150568,0.098552
0.1587,131.2500,0.150160,0.090458
0.1587,132.3214,0.140244,0.084495
0.1587,133.3929,0.123199,0.080359
0.1587,134.4643,0.114186,0.077480
0.1587,135.5357,0.109823,0.075671
0.1587,136.6071,0.116490,0.074815
0.1587,137.6786,0.121880,0.074834
0.1587,138.7500,0.112777,0.076139
0.1587,139.8214,0.110850,0.078649
0.1587,140.8929,0.108113,0.082666
0.1587,141.9643,0.105700,0.087421
0.1587,143.0357,0.103436,0.092367
0.1587,144.1071,0.101943,0.096192
0.1587,145.1786,0.100506,0.098756
0.1587,146.2500,0.099481,0.100141
0.1587,147.3214,0.097669,0.101244
0.1587,148.3929,0.096473,0.102100
0.1587,149.4643,0.099149,0.102728
0.1587,150.5357,0.101104,0.103033
0.1587,151.6071,0.102227,0.103104
0.1587,152.6786,0.103607,0.102805
0.1587,153.7500,0.104877,0.102475
0.1587,154.8214,0.106496,0.101615
0.1587,155.8929,0.108444,0.099582
0.1587,156.9643,0.110903,0.095953
0.1587,158.0357,0.113121,0.091472
0.1587,159.1071,0.116761,0.087091
0.1587,160.1786,0.118560,0.083707
0.1587,161.2500,0.123647,0.081726
0.1587,162.3214,0.130883,0.081128
0.1587,163.3929,0.122452,0.081741
0.1587,164.4643,0.119755,0.083362
0.1587,165.5357,0.122719,0.085959
0.1587,166.6071,0.134417,0.089573
0.1587,167.6786,0.156784,0.094461
0.1587,168.7500,0.160375,0.101002
0.1587,169.8214,0.158533,0.109717
0.1587,170.8929,0.163893,0.120586
0.1587,171.9643,0.167857,0.133332
0.1587,173.0357,0.173590,0.146429
0.1587,174.1071,0.178696,0.158584
0.1587,175.1786,0.184493,0.167910
0.1587,176.2500,0.189155,0.174472
0.1587,177.3214,0.193151,0.178880
0.1587,178.3929,0.193843,0.182036
0.1587,179.4643,0.192366,0.183535
0.1587,180.5357,0.194068,0.183711
0.1587,181.6071,0.195158,0.181826
0.1587,182.6786,0.192794,0.178390
0.1587,183.7500,0.188490,0.173778
0.1587,184.8214,0.183356,0.166995
0.1587,185.8929,0.177609,0.157378
0.1587,186.9643,0.172207,0.145071
0.1587,188.0357,0.166716,0.131866
0.1587,189.1071,0.162579,0.119148
0.1587,190.1786,0.157650,0.108291
0.1587,191.2500,0.159447,0.099640
0.1587,192.3214,0.154470,0.093139
0.1587,193.3929,0.133121,0.088321
0.1587,194.4643,0.121624,0.084783
0.1587,195.5357,0.118533,0.082260
0.1587,196.6071,0.121492,0.080684
0.1587,197.6786,0.129714,0.080163
0.1587,198.7500,0.122290,0.080835
0.1587,199.8214,0.117383,0.082862
0.1587,200.8929,0.115516,0.086276
0.1587,201.9643,0.111964,0.090667
0.1587,203.0357,0.109782,0.095146
0.1587,204.1071,0.107325,0.098751
0.1587,205.1786,0.105403,0.100799
0.1587,206.2500,0.103845,0.101676
0.1587,207.3214,0.102533,0.102023
0.1587,208.3929,0.101177,0.102359
0.1587,209.4643,0.100141,0.102317
0.1587,210.5357,0.098090,0.102054
0.1587,211.6071,0.095695,0.101437
0.1587,212.6786,0.097316,0.100629
0.1587,213.7500,0.099109,0.099556
0.1587,214.8214,0.100190,0.098205
0.1587,215.8929,0.101628,0.095685
0.1587,216.9643,0.103207,0.091883
0.1587,218.0357,0.105521,0.086995
0.1587,219.1071,0.107974,0.082311
0.1587,220.1786,0.110635,0.078369
0.1587,221.2500,0.112818,0.075913
0.1587,222.3214,0.121751,0.074678
0.1587,223.3929,0.116259,0.074701
0.1587,224.4643,0.109895,0.075638
0.1587,225.5357,0.114247,0.077546
0.1587,226.6071,0.123311,0.080504
0.1587,227.6786,0.140749,0.084750
0.1587,228.7500,0.150649,0.090793
0.1587,229.8214,0.150811,0.098985
0.1587,230.8929,0.153642,0.109679
0.1587,231.9643,0.158998,0.122440
0.1587,233.0357,0.163944,0.136419
0.1587,234.1071,0.170223,0.149917
0.1587,235.1786,0.176915,0.161452
0.1587,236.2500,0.183856,0.170095
0.1587,237.3214,0.190419,0.176537
0.1587,238.3929,0.195980,0.181509
0.1587,239.4643,0.200005,0.185232
0.1587,240.5357,0.201323,0.187185
0.1587,241.6071,0.198798,0.187490
0.1587,242.6786,0.196400,0.185849
0.1587,243.7500,0.196193,0.182949
0.1587,244.8214,0.194943,0.178017
0.1587,245.8929,0.190634,0.170459
0.1587,246.9643,0.186548,0.159509
0.1587,248.0357,0.180686,0.146955
0.1587,249.1071,0.177651,0.134138
0.1587,250.1786,0.170593,0.122940
0.1587,251.2500,0.171064,0.113718
0.1587,252.3214,0.173770,0.106719
0.1587,253.3929,0.147977,0.101290
0.1587,254.4643,0.133011,0.097089
0.1587,255.5357,0.130633,0.093826
0.1587,256.6071,0.131519,0.091470
0.1587,257.6786,0.140932,0.090139
0.1587,258.7500,0.134545,0.090103
0.1587,259.8214,0.128220,0.091610
0.1587,260.8929,0.126397,0.094652
0.1587,261.9643,0.122304,0.098847
0.1587,263.0357,0.119583,0.103157
0.1587,264.1071,0.116677,0.106569
0.1587,265.1786,0.114468,0.108237
0.1587,266.2500,0.112314,0.108722
0.1587,267.3214,0.110679,0.108535
0.1587,268.3929,0.109175,0.108834
0.1587,269.4643,0.107581,0.108838
0.1587,270.5357,0.105990,0.106334
0.1587,271.6071,0.103873,0.105844
0.1587,272.6786,0.100705,0.105089
0.1587,273.7500,0.100117,0.103532
0.1587,274.8214,0.102052,0.101968
0.1587,275.8929,0.103569,0.099334
0.1587,276.9643,0.104664,0.095541
0.1587,278.0357,0.106554,0.090387
0.1587,279.1071,0.108195,0.085321
0.1587,280.1786,0.111570,0.080822
0.1587,281.2500,0.111647,0.077957
0.1587,282.3214,0.121593,0.076359
0.1587,283.3929,0.118063,0.076176
0.1587,284.4643,0.109361,0.076901
0.1587,285.5357,0.114463,0.078662
0.1587,286.6071,0.123257,0.081601
0.1587,287.6786,0.140631,0.085932
0.1587,288.7500,0.151774,0.092267
0.1587,289.8214,0.152935,0.100918
0.1587,290.8929,0.155915,0.112375
0.1587,291.9643,0.162397,0.126073
0.1587,293.0357,0.168060,0.141234
0.1587,294.1071,0.175872,0.155914
0.1587,295.1786,0.183870,0.168692
0.1587,296.2500,0.192614,0.178429
0.1587,297.3214,0.200837,0.185919
0.1587,298.3929,0.208107,0.191808
0.1587,299.4643,0.213586,0.196331
0.1587,300.5357,0.216007,0.198848
0.1587,301.6071,0.214032,0.199526
0.1587,302.6786,0.211642,0.197981
0.1587,303.7500,0.210623,0.194979
0.1587,304.8214,0.208616,0.189770
0.1587,305.8929,0.203172,0.181737
0.1587,306.9643,0.197720,0.169891
0.1587,308.0357,0.190322,0.156180
0.1587,309.1071,0.185973,0.142042
0.1587,310.1786,0.177383,0.129583
0.1587,311.2500,0.177331,0.119233
0.1587,312.3214,0.179134,0.111284
0.1587,313.3929,0.150843,0.105101
0.1587,314.4643,0.135335,0.100347
0.1587,315.5357,0.132106,0.096648
0.1587,316.6071,0.133457,0.093999
0.1587,317.6786,0.142567,0.092505
0.1587,318.7500,0.135013,0.092423
0.1587,319.8214,0.128693,0.094000
0.1587,320.8929,0.126769,0.097163
0.1587,321.9643,0.122665,0.101469
0.1587,323.0357,0.120113,0.105780
0.1587,324.1071,0.117495,0.109115
0.1587,325.1786,0.115474,0.110722
0.1587,326.2500,0.113764,0.111297
0.1587,327.3214,0.112598,0.111498
0.1587,328.3929,0.111295,0.111729
0.1587,329.4643,0.110208,0.111620
0.1587,330.5357,0.108348,0.111320
0.1587,331.6071,0.105703,0.110703
0.1587,332.6786,0.106649,0.109859
0.1587,333.7500,0.108534,0.108930
0.1587,334.8214,0.109647,0.107836
0.1587,335.8929,0.110902,0.105632
0.1587,336.9643,0.112423,0.101963
0.1587,338.0357,0.114512,0.097057
0.1587,339.1071,0.117116,0.092152
0.1587,340.1786,0.119427,0.088081
0.1587,341.2500,0.122878,0.085557
0.1587,342.3214,0.132598,0.084435
0.1587,343.3929,0.125570,0.084730
0.1587,344.4643,0.119803,0.086185
0.1587,345.5357,0.124146,0.088820
0.1587,346.6071,0.135462,0.092692
0.1587,347.6786,0.157270,0.098123
0.1587,348.7500,0.167428,0.105699
0.1587,349.8214,0.166729,0.115845
0.1587,350.8929,0.171269,0.128729
0.1587,351.9643,0.178579,0.143731
0.1587,353.0357,0.185693,0.159479
0.1587,354.1071,0.194389,0.174087
0.1587,355.1786,0.202856,0.185752
0.1587,356.2500,0.211129,0.193939
0.1587,357.3214,0.217972,0.199665
0.1587,358.3929,0.222259,0.203913
0.1587,359.4643,0.222144,0.206375
0.1678,0.5357,0.253211,0.231702
0.1678,1.6071,0.253145,0.229187
0.1678,2.6786,0.248406,0.224331
0.1678,3.7500,0.238784,0.217254
0.1678,4.8214,0.226773,0.207203
0.1678,5.8929,0.214467,0.192824
0.1678,6.9643,0.201829,0.175061
0.1678,8.0357,0.191923,0.156058
0.1678,9.1071,0.181340,0.138113
0.1678,10.1786,0.176071,0.122639
0.1678,11.2500,0.176049,0.110474
0.1678,12.3214,0.160862,0.101437
0.1678,13.3929,0.137681,0.095045
0.1678,14.4643,0.125588,0.090598
0.1678,15.5357,0.121213,0.087642
0.1678,16.6071,0.126516,0.086024
0.1678,17.6786,0.133864,0.085645
0.1678,18.7500,0.124318,0.086700
0.1678,19.8214,0.120544,0.089188
0.1678,20.8929,0.118344,0.093215
0.1678,21.9643,0.115635,0.098085
0.1678,23.0357,0.113571,0.102978
0.1678,24.1071,0.111991,0.106645
0.1678,25.1786,0.110806,0.108823
0.1678,26.2500,0.109822,0.109873
0.1678,27.3214,0.108038,0.110753
0.1678,28.3929,0.106419,0.111558
0.1678,29.4643,0.108870,0.112119
0.1678,30.5357,0.110998,0.112380
0.1678,31.6071,0.111961,0.112448
0.1678,32.6786,0.113170,0.112147
0.1678,33.7500,0.114255,0.111883
0.1678,34.8214,0.115790,0.111235
0.1678,35.8929,0.117693,0.109672
0.1678,36.9643,0.120212,0.106449
0.1678,38.0357,0.122625,0.102172
0.1678,39.1071,0.126571,0.097860
0.1678,40.1786,0.128366,0.094578
0.1678,41.2500,0.134247,0.092826
0.1678,42.3214,0.142133,0.092709
0.1678,43.3929,0.133150,0.094024
0.1678,44.4643,0.131552,0.096725
0.1678,45.5357,0.135164,0.100777
0.1678,46.6071,0.151262,0.106355
0.1678,47.6786,0.181430,0.113830
0.1678,48.7500,0.187987,0.123660
0.1678,49.8214,0.187263,0.136400
0.1678,50.8929,0.196720,0.151774
0.1678,51.9643,0.205534,0.169158
0.1678,53.0357,0.216102,0.186409
0.1678,54.1071,0.225996,0.201531
0.1678,55.1786,0.235065,0.212122
0.1678,56.2500,0.240546,0.218724
0.1678,57.3214,0.243005,0.222490
0.1678,58.3929,0.245263,0.224387
0.1678,59.4643,0.247147,0.223614
0.1678,60.5357,0.243547,0.220337
0.1678,61.6071,0.235451,0.214504
0.1678,62.6786,0.224804,0.206923
0.1678,63.7500,0.212895,0.197334
0.1678,64.8214,0.200369,0.185134
0.1678,65.8929,0.189165,0.169515
0.1678,66.9643,0.178571,0.151956
0.1678,68.0357,0.171046,0.134067
0.1678,69.1071,0.162829,0.118000
0.1678,70.1786,0.159279,0.104685
0.1678,71.2500,0.156705,0.094760
0.1678,72.3214,0.143132,0.087653
0.1678,73.3929,0.124995,0.082987
0.1678,74.4643,0.115928,0.079928
0.1678,75.5357,0.110854,0.078096
0.1678,76.6071,0.119444,0.077365
0.1678,77.6786,0.123330,0.077560
0.1678,78.7500,0.113372,0.079199
0.1678,79.8214,0.113054,0.082132
0.1678,80.8929,0.109809,0.086692
0.1678,81.9643,0.108109,0.091831
0.1678,83.0357,0.106260,0.097043
0.1678,84.1071,0.105188,0.100884
0.1678,85.1786,0.103691,0.103525
0.1678,86.2500,0.101724,0.105082
0.1678,87.3214,0.102278,0.106629
0.1678,88.3929,0.105438,0.107366
0.1678,89.4643,0.107531,0.107822
0.1678,90.5357,0.109134,0.110334
0.1678,91.6071,0.110721,0.110278
0.1678,92.6786,0.112182,0.109920
0.1678,93.7500,0.113783,0.110066
0.1678,94.8214,0.115895,0.109553
0.1678,95.8929,0.118023,0.107928
0.1678,96.9643,0.120846,0.104559
0.1678,98.0357,0.123470,0.100307
0.1678,99.1071,0.127467,0.096127
0.1678,100.1786,0.129237,0.093094
0.1678,101.2500,0.135548,0.091614
0.1678,102.3214,0.141906,0.091778
0.1678,103.3929,0.132678,0.093376
0.1678,104.4643,0.132253,0.096234
0.1678,105.5357,0.135436,0.100287
0.1678,106.6071,0.151791,0.105599
0.1678,107.6786,0.182456,0.112563
0.1678,108.7500,0.181467,0.121495
0.1678,109.8214,0.182424,0.133045
0.1678,110.8929,0.192542,0.146820
0.1678,111.9643,0.198413,0.162424
0.1678,113.0357,0.207680,0.177636
0.1678,114.1071,0.214912,0.190906
0.1678,115.1786,0.222031,0.200103
0.1678,116.2500,0.225260,0.206161
0.1678,117.3214,0.227051,0.209715
0.1678,118.3929,0.229421,0.211523
0.1678,119.4643,0.231209,0.210777
0.1678,120.5357,0.228110,0.207890
0.1678,121.6071,0.221282,0.202704
0.1678,122.6786,0.212370,0.195943
0.1678,123.7500,0.202389,0.187297
0.1678,124.8214,0.191809,0.176088
0.1678,125.8929,0.182300,0.161634
0.1678,126.9643,0.173086,0.145307
0.1678,128.0357,0.166699,0.128714
0.1678,129.1071,0.159181,0.113754
0.1678,130.1786,0.156151,0.101303
0.1678,131.2500,0.154232,0.091906
0.1678,132.3214,0.141104,0.085115
0.1678,133.3929,0.123580,0.080519
0.1678,134.4643,0.114247,0.077474
0.1678,135.5357,0.109761,0.075627
0.1678,136.6071,0.116381,0.074750
0.1678,137.6786,0.121765,0.074781
0.1678,138.7500,0.112655,0.076086
0.1678,139.8214,0.110721,0.078596
0.1678,140.8929,0.108004,0.082625
0.1678,141.9643,0.105608,0.087380
0.1678,143.0357,0.103349,0.092327
0.1678,144.1071,0.101857,0.096148
0.1678,145.1786,0.100401,0.098715
0.1678,146.2500,0.099400,0.100090
0.1678,147.3214,0.097625,0.101199
0.1678,148.3929,0.096473,0.102051
0.1678,149.4643,0.099105,0.102684
0.1678,150.5357,0.101065,0.102993
0.1678,151.6071,0.102188,0.103067
0.1678,152.6786,0.103552,0.102767
0.1678,153.7500,0.104802,0.102451
0.1678,154.8214,0.106414,0.101618
0.1678,155.8929,0.108331,0.099629
0.1678,156.9643,0.110757,0.096096
0.1678,158.0357,0.112937,0.091677
0.1678,159.1071,0.116534,0.087330
0.1678,160.1786,0.118279,0.083957
0.1678,161.2500,0.123312,0.081949
0.1678,162.3214,0.130583,0.081311
0.1678,163.3929,0.122280,0.081944
0.1678,164.4643,0.119731,0.083767
0.1678,165.5357,0.123114,0.086724
0.1678,166.6071,0.135561,0.090973
0.1678,167.6786,0.158545,0.096853
0.1678,168.7500,0.168911,0.104829
0.1678,169.8214,0.168011,0.115404
0.1678,170.8929,0.173284,0.128637
0.1678,171.9643,0.180889,0.143989
0.1678,173.0357,0.188626,0.160096
0.1678,174.1071,0.197552,0.175208
0.1678,175.1786,0.206367,0.187333
0.1678,176.2500,0.214486,0.195822
0.1678,177.3214,0.221011,0.201591
0.1678,178.3929,0.223516,0.205545
0.1678,179.4643,0.222568,0.207571
0.1678,180.5357,0.224351,0.207728
0.1678,181.6071,0.224480,0.205190
0.1678,182.6786,0.220122,0.200777
0.1678,183.7500,0.213055,0.194700
0.1678,184.8214,0.204475,0.185881
0.1678,185.8929,0.195641,0.173472
0.1678,186.9643,0.186556,0.158193
0.1678,188.0357,0.179063,0.142030
0.1678,189.1071,0.171371,0.126704
0.1678,190.1786,0.166572,0.113558
0.1678,191.2500,0.167170,0.103106
0.1678,192.3214,0.156236,0.095237
0.1678,193.3929,0.133992,0.089523
0.1678,194.4643,0.121887,0.085401
0.1678,195.5357,0.118481,0.082567
0.1678,196.6071,0.121322,0.080854
0.1678,197.6786,0.129435,0.080308
0.1678,198.7500,0.121997,0.081021
0.1678,199.8214,0.117121,0.083063
0.1678,200.8929,0.115308,0.086458
0.1678,201.9643,0.111788,0.090810
0.1678,203.0357,0.109640,0.095226
0.1678,204.1071,0.107219,0.098765
0.1678,205.1786,0.105312,0.100788
0.1678,206.2500,0.103759,0.101642
0.1678,207.3214,0.102470,0.101996
0.1678,208.3929,0.101153,0.102315
0.1678,209.4643,0.100097,0.102273
0.1678,210.5357,0.098043,0.102003
0.1678,211.6071,0.095695,0.101401
0.1678,212.6786,0.097280,0.100572
0.1678,213.7500,0.099026,0.099515
0.1678,214.8214,0.100079,0.098165
0.1678,215.8929,0.101535,0.095645
0.1678,216.9643,0.103121,0.091833
0.1678,218.0357,0.105405,0.086971
0.1678,219.1071,0.107864,0.082269
0.1678,220.1786,0.110499,0.078332
0.1678,221.2500,0.112689,0.075865
0.1678,222.3214,0.121623,0.074629
0.1678,223.3929,0.116143,0.074652
0.1678,224.4643,0.109833,0.075600
0.1678,225.5357,0.114296,0.077558
0.1678,226.6071,0.123704,0.080727
0.1678,227.6786,0.141639,0.085463
0.1678,228.7500,0.154968,0.092389
0.1678,229.8214,0.156539,0.101927
0.1678,230.8929,0.159783,0.114505
0.1678,231.9643,0.167424,0.129568
0.1678,233.0357,0.174041,0.146255
0.1678,234.1071,0.183423,0.162599
0.1678,235.1786,0.193004,0.177036
0.1678,236.2500,0.203627,0.188149
0.1678,237.3214,0.213586,0.196697
0.1678,238.3929,0.222364,0.203330
0.1678,239.4643,0.228928,0.208377
0.1678,240.5357,0.231622,0.211071
0.1678,241.6071,0.229373,0.211639
0.1678,242.6786,0.227041,0.209607
0.1678,243.7500,0.225267,0.205851
0.1678,244.8214,0.221588,0.199538
0.1678,245.8929,0.214108,0.190098
0.1678,246.9643,0.206672,0.176615
0.1678,248.0357,0.197287,0.161292
0.1678,249.1071,0.191357,0.145613
0.1678,250.1786,0.181148,0.131814
0.1678,251.2500,0.180208,0.120240
0.1678,252.3214,0.180909,0.111316
0.1678,253.3929,0.150344,0.104363
0.1678,254.4643,0.134311,0.099070
0.1678,255.5357,0.131057,0.095054
0.1678,256.6071,0.131495,0.092233
0.1678,257.6786,0.140622,0.090657
0.1678,258.7500,0.134255,0.090512
0.1678,259.8214,0.127975,0.091970
0.1678,260.8929,0.126181,0.094972
0.1678,261.9643,0.122130,0.099107
0.1678,263.0357,0.119461,0.103309
0.1678,264.1071,0.116590,0.106613
0.1678,265.1786,0.114402,0.108228
0.1678,266.2500,0.112265,0.108697
0.1678,267.3214,0.110632,0.108500
0.1678,268.3929,0.109126,0.108796
0.1678,269.4643,0.107493,0.108794
0.1678,270.5357,0.105889,0.106286
0.1678,271.6071,0.103798,0.105794
0.1678,272.6786,0.100643,0.105035
0.1678,273.7500,0.100051,0.103474
0.1678,274.8214,0.101990,0.101906
0.1678,275.8929,0.103502,0.099264
0.1678,276.9643,0.104589,0.095465
0.1678,278.0357,0.106478,0.090304
0.1678,279.1071,0.108114,0.085227
0.1678,280.1786,0.111493,0.080720
0.1678,281.2500,0.111578,0.077844
0.1678,282.3214,0.121525,0.076236
0.1678,283.3929,0.117977,0.076050
0.1678,284.4643,0.109309,0.076777
0.1678,285.5357,0.114483,0.078569
0.1678,286.6071,0.123504,0.081570
0.1678,287.6786,0.141276,0.086173
0.1678,288.7500,0.154734,0.093169
0.1678,289.8214,0.157737,0.102980
0.1678,290.8929,0.161223,0.116176
0.1678,291.9643,0.169395,0.132165
0.1678,293.0357,0.176852,0.150053
0.1678,294.1071,0.187361,0.167731
0.1678,295.1786,0.198588,0.183576
0.1678,296.2500,0.211181,0.196090
0.1678,297.3214,0.223326,0.205964
0.1678,298.3929,0.234393,0.213817
0.1678,299.4643,0.242960,0.219933
0.1678,300.5357,0.247288,0.223522
0.1678,301.6071,0.246064,0.224592
0.1678,302.6786,0.243789,0.222956
0.1678,303.7500,0.241347,0.219440
0.1678,304.8214,0.236518,0.213088
0.1678,305.8929,0.227779,0.202809
0.1678,306.9643,0.218079,0.187863
0.1678,308.0357,0.207338,0.170689
0.1678,309.1071,0.198703,0.153242
0.1678,310.1786,0.188913,0.137804
0.1678,311.2500,0.188999,0.124927
0.1678,312.3214,0.183106,0.114957
0.1678,313.3929,0.152495,0.107312
0.1678,314.4643,0.135927,0.101566
0.1678,315.5357,0.132143,0.097325
0.1678,316.6071,0.133290,0.094472
0.1678,317.6786,0.142165,0.092987
0.1678,318.7500,0.134552,0.092956
0.1678,319.8214,0.128327,0.094562
0.1678,320.8929,0.126495,0.097708
0.1678,321.9643,0.122427,0.101921
0.1678,323.0357,0.119961,0.106097
0.1678,324.1071,0.117372,0.109236
0.1678,325.1786,0.115370,0.110710
0.1678,326.2500,0.113685,0.111269
0.1678,327.3214,0.112523,0.111456
0.1678,328.3929,0.111236,0.111683
0.1678,329.4643,0.110165,0.111565
0.1678,330.5357,0.108282,0.111255
0.1678,331.6071,0.105644,0.110656
0.1678,332.6786,0.106544,0.109811
0.1678,333.7500,0.108444,0.108882
0.1678,334.8214,0.109553,0.107797
0.1678,335.8929,0.110785,0.105607
0.1678,336.9643,0.112306,0.101947
0.1678,338.0357,0.114362,0.097050
0.1678,339.1071,0.116955,0.092171
0.1678,340.1786,0.119239,0.088105
0.1678,341.2500,0.122655,0.085572
0.1678,342.3214,0.132374,0.084441
0.1678,343.3929,0.125393,0.084730
0.1678,344.4643,0.119698,0.086209
0.1678,345.5357,0.124115,0.088970
0.1678,346.6071,0.135815,0.093228
0.1678,347.6786,0.158101,0.099380
0.1678,348.7500,0.173448,0.108183
0.1678,349.8214,0.173705,0.120105
0.1678,350.8929,0.178674,0.135396
0.1678,351.9643,0.189024,0.153231
0.1678,353.0357,0.198702,0.172256
0.1678,354.1071,0.211273,0.190174
0.1678,355.1786,0.223651,0.204929
0.1678,356.2500,0.236224,0.215443
0.1678,357.3214,0.246568,0.222998
0.1678,358.3929,0.253673,0.228531
0.1678,359.4643,0.254844,0.231820
0.1769,0.5357,0.288440,0.258342
0.1769,1.6071,0.286875,0.255081
0.1769,2.6786,0.278800,0.248876
0.1769,3.7500,0.264894,0.239763
0.1769,4.8214,0.247863,0.227086
0.1769,5.8929,0.230928,0.209269
0.1769,6.9643,0.214033,0.187890
0.1769,8.0357,0.201404,0.165292
0.1769,9.1071,0.187809,0.144286
0.1769,10.1786,0.182157,0.126313
0.1769,11.2500,0.180877,0.112384
0.1769,12.3214,0.161229,0.102237
0.1769,13.3929,0.137795,0.095258
0.1769,14.4643,0.125537,0.090585
0.1769,15.5357,0.121086,0.087597
0.1769,16.6071,0.126360,0.085970
0.1769,17.6786,0.133684,0.085601
0.1769,18.7500,0.124154,0.086643
0.1769,19.8214,0.120394,0.089139
0.1769,20.8929,0.118202,0.093155
0.1769,21.9643,0.115505,0.098040
0.1769,23.0357,0.113464,0.102907
0.1769,24.1071,0.111877,0.106582
0.1769,25.1786,0.110716,0.108757
0.1769,26.2500,0.109736,0.109808
0.1769,27.3214,0.107949,0.110685
0.1769,28.3929,0.106345,0.111487
0.1769,29.4643,0.108777,0.112052
0.1769,30.5357,0.110901,0.112315
0.1769,31.6071,0.111887,0.112383
0.1769,32.6786,0.113083,0.112086
0.1769,33.7500,0.114149,0.111843
0.1769,34.8214,0.115674,0.111195
0.1769,35.8929,0.117553,0.109658
0.1769,36.9643,0.120029,0.106498
0.1769,38.0357,0.122406,0.102322
0.1769,39.1071,0.126298,0.098074
0.1769,40.1786,0.128032,0.094838
0.1769,41.2500,0.133841,0.093098
0.1769,42.3214,0.141735,0.092950
0.1769,43.3929,0.132873,0.094268
0.1769,44.4643,0.131390,0.097100
0.1769,45.5357,0.135155,0.101523
0.1769,46.6071,0.151831,0.107824
0.1769,47.6786,0.182402,0.116498
0.1769,48.7500,0.197739,0.128166
0.1769,49.8214,0.197768,0.143337
0.1769,50.8929,0.207103,0.161813
0.1769,51.9643,0.220922,0.182634
0.1769,53.0357,0.234716,0.203708
0.1769,54.1071,0.249729,0.222343
0.1769,55.1786,0.262936,0.235914
0.1769,56.2500,0.272631,0.244086
0.1769,57.3214,0.277082,0.248688
0.1769,58.3929,0.279955,0.250738
0.1769,59.4643,0.280850,0.249668
0.1769,60.5357,0.274750,0.245210
0.1769,61.6071,0.262959,0.237622
0.1769,62.6786,0.247559,0.227732
0.1769,63.7500,0.230937,0.215333
0.1769,64.8214,0.214225,0.199952
0.1769,65.8929,0.199449,0.180924
0.1769,66.9643,0.186244,0.160100
0.1769,68.0357,0.177064,0.139322
0.1769,69.1071,0.167469,0.120933
0.1769,70.1786,0.163058,0.105991
0.1769,71.2500,0.158952,0.095114
0.1769,72.3214,0.143434,0.087604
0.1769,73.3929,0.125144,0.082865
0.1769,74.4643,0.115938,0.079755
0.1769,75.5357,0.110801,0.077910
0.1769,76.6071,0.119388,0.077178
0.1769,77.6786,0.123307,0.077386
0.1769,78.7500,0.113345,0.079030
0.1769,79.8214,0.113009,0.081978
0.1769,80.8929,0.109751,0.086549
0.1769,81.9643,0.108046,0.091702
0.1769,83.0357,0.106193,0.096928
0.1769,84.1071,0.105119,0.100778
0.1769,85.1786,0.103621,0.103431
0.1769,86.2500,0.101648,0.104995
0.1769,87.3214,0.102199,0.106548
0.1769,88.3929,0.105353,0.107293
0.1769,89.4643,0.107441,0.107754
0.1769,90.5357,0.109017,0.110273
0.1769,91.6071,0.110603,0.110224
0.1769,92.6786,0.112068,0.109874
0.1769,93.7500,0.113713,0.110032
0.1769,94.8214,0.115812,0.109537
0.1769,95.8929,0.117906,0.108042
0.1769,96.9643,0.120663,0.104883
0.1769,98.0357,0.123234,0.100772
0.1769,99.1071,0.127157,0.096676
0.1769,100.1786,0.128840,0.093662
0.1769,101.2500,0.135011,0.092142
0.1769,102.3214,0.141448,0.092182
0.1769,103.3929,0.132429,0.093688
0.1769,104.4643,0.132153,0.096650
0.1769,105.5357,0.135446,0.101107
0.1769,106.6071,0.152715,0.107288
0.1769,107.6786,0.183932,0.115586
0.1769,108.7500,0.194422,0.126503
0.1769,109.8214,0.194088,0.140565
0.1769,110.8929,0.204031,0.157479
0.1769,111.9643,0.215315,0.176524
0.1769,113.0357,0.227474,0.195551
0.1769,114.1071,0.239685,0.212323
0.1769,115.1786,0.250280,0.224243
0.1769,116.2500,0.256930,0.231485
0.1769,117.3214,0.260247,0.235420
0.1769,118.3929,0.262654,0.237156
0.1769,119.4643,0.263414,0.235974
0.1769,120.5357,0.257960,0.231853
0.1769,121.6071,0.247727,0.224920
0.1769,122.6786,0.234528,0.215993
0.1769,123.7500,0.220221,0.204736
0.1769,124.8214,0.205670,0.190564
0.1769,125.8929,0.192769,0.172891
0.1769,126.9643,0.181084,0.153507
0.1769,128.0357,0.172855,0.134148
0.1769,129.1071,0.164055,0.116963
0.1769,130.1786,0.160238,0.102859
0.1769,131.2500,0.156732,0.092455
0.1769,132.3214,0.141515,0.085142
0.1769,133.3929,0.123756,0.080426
0.1769,134.4643,0.114260,0.077332
0.1769,135.5357,0.109707,0.075462
0.1769,136.6071,0.116323,0.074588
0.1769,137.6786,0.121721,0.074626
0.1769,138.7500,0.112626,0.075928
0.1769,139.8214,0.110667,0.078466
0.1769,140.8929,0.107944,0.082500
0.1769,141.9643,0.105535,0.087271
0.1769,143.0357,0.103288,0.092223
0.1769,144.1071,0.101789,0.096069
0.1769,145.1786,0.100347,0.098627
0.1769,146.2500,0.099332,0.100022
0.1769,147.3214,0.097556,0.101129
0.1769,148.3929,0.096429,0.101982
0.1769,149.4643,0.099046,0.102625
0.1769,150.5357,0.100982,0.102935
0.1769,151.6071,0.102136,0.103009
0.1769,152.6786,0.103481,0.102716
0.1769,153.7500,0.104712,0.102409
0.1769,154.8214,0.106316,0.101583
0.1769,155.8929,0.108224,0.099596
0.1769,156.9643,0.110628,0.096081
0.1769,158.0357,0.112773,0.091701
0.1769,159.1071,0.116357,0.087380
0.1769,160.1786,0.118066,0.084018
0.1769,161.2500,0.123056,0.081992
0.1769,162.3214,0.130340,0.081359
0.1769,163.3929,0.122080,0.081973
0.1769,164.4643,0.119599,0.083829
0.1769,165.5357,0.123087,0.087004
0.1769,166.6071,0.135920,0.091716
0.1769,167.6786,0.159437,0.098387
0.1769,168.7500,0.175458,0.107698
0.1769,169.8214,0.175571,0.120129
0.1769,170.8929,0.181072,0.135811
0.1769,171.9643,0.192038,0.154026
0.1769,173.0357,0.202338,0.173400
0.1769,174.1071,0.215357,0.191798
0.1769,175.1786,0.228050,0.206965
0.1769,176.2500,0.240419,0.217703
0.1769,177.3214,0.250286,0.225152
0.1769,178.3929,0.255213,0.230186
0.1769,179.4643,0.255370,0.232830
0.1769,180.5357,0.257020,0.232973
0.1769,181.6071,0.255889,0.229635
0.1769,182.6786,0.248702,0.223984
0.1769,183.7500,0.238163,0.216102
0.1769,184.8214,0.225276,0.204978
0.1769,185.8929,0.212526,0.189475
0.1769,186.9643,0.199575,0.170952
0.1769,188.0357,0.189520,0.151529
0.1769,189.1071,0.178778,0.133437
0.1769,190.1786,0.173562,0.117892
0.1769,191.2500,0.173277,0.105668
0.1769,192.3214,0.157002,0.096568
0.1769,193.3929,0.134310,0.090117
0.1769,194.4643,0.121861,0.085595
0.1769,195.5357,0.118361,0.082594
0.1769,196.6071,0.121142,0.080859
0.1769,197.6786,0.129214,0.080327
0.1769,198.7500,0.121768,0.081034
0.1769,199.8214,0.116929,0.083083
0.1769,200.8929,0.115135,0.086481
0.1769,201.9643,0.111646,0.090805
0.1769,203.0357,0.109519,0.095205
0.1769,204.1071,0.107113,0.098739
0.1769,205.1786,0.105218,0.100746
0.1769,206.2500,0.103676,0.101593
0.1769,207.3214,0.102391,0.101934
0.1769,208.3929,0.101094,0.102260
0.1769,209.4643,0.100026,0.102211
0.1769,210.5357,0.097999,0.101944
0.1769,211.6071,0.095658,0.101329
0.1769,212.6786,0.097201,0.100509
0.1769,213.7500,0.098960,0.099436
0.1769,214.8214,0.100018,0.098088
0.1769,215.8929,0.101479,0.095556
0.1769,216.9643,0.103042,0.091745
0.1769,218.0357,0.105344,0.086856
0.1769,219.1071,0.107791,0.082155
0.1769,220.1786,0.110440,0.078201
0.1769,221.2500,0.112642,0.075717
0.1769,222.3214,0.121578,0.074475
0.1769,223.3929,0.116074,0.074495
0.1769,224.4643,0.109785,0.075445
0.1769,225.5357,0.114303,0.077421
0.1769,226.6071,0.123879,0.080651
0.1769,227.6786,0.142062,0.085503
0.1769,228.7500,0.157567,0.093021
0.1769,229.8214,0.160767,0.103591
0.1769,230.8929,0.164703,0.117873
0.1769,231.9643,0.173755,0.135213
0.1769,233.0357,0.182202,0.154678
0.1769,234.1071,0.194177,0.174118
0.1769,235.1786,0.207216,0.191762
0.1769,236.2500,0.221887,0.205820
0.1769,237.3214,0.236144,0.216947
0.1769,238.3929,0.249166,0.225717
0.1769,239.4643,0.259071,0.232466
0.1769,240.5357,0.263959,0.236340
0.1769,241.6071,0.262648,0.237268
0.1769,242.6786,0.260056,0.235277
0.1769,243.7500,0.256697,0.231066
0.1769,244.8214,0.249439,0.223508
0.1769,245.8929,0.238446,0.211254
0.1769,246.9643,0.226009,0.194249
0.1769,248.0357,0.213715,0.175081
0.1769,249.1071,0.202507,0.155978
0.1769,250.1786,0.192622,0.139077
0.1769,251.2500,0.193144,0.125055
0.1769,252.3214,0.182270,0.114190
0.1769,253.3929,0.151190,0.105951
0.1769,254.4643,0.134288,0.099837
0.1769,255.5357,0.130929,0.095435
0.1769,256.6071,0.131245,0.092523
0.1769,257.6786,0.140168,0.091050
0.1769,258.7500,0.133733,0.091022
0.1769,259.8214,0.127576,0.092542
0.1769,260.8929,0.125870,0.095527
0.1769,261.9643,0.121895,0.099565
0.1769,263.0357,0.119285,0.103617
0.1769,264.1071,0.116479,0.106745
0.1769,265.1786,0.114314,0.108207
0.1769,266.2500,0.112190,0.108662
0.1769,267.3214,0.110504,0.108455
0.1769,268.3929,0.109000,0.108741
0.1769,269.4643,0.107385,0.108734
0.1769,270.5357,0.105798,0.106219
0.1769,271.6071,0.103712,0.105721
0.1769,272.6786,0.100560,0.104957
0.1769,273.7500,0.099973,0.103389
0.1769,274.8214,0.101915,0.101815
0.1769,275.8929,0.103426,0.099167
0.1769,276.9643,0.104516,0.095356
0.1769,278.0357,0.106406,0.090185
0.1769,279.1071,0.108048,0.085098
0.1769,280.1786,0.111435,0.080579
0.1769,281.2500,0.111536,0.077690
0.1769,282.3214,0.121477,0.076070
0.1769,283.3929,0.117913,0.075869
0.1769,284.4643,0.109246,0.076595
0.1769,285.5357,0.114473,0.078397
0.1769,286.6071,0.123593,0.081417
0.1769,287.6786,0.141570,0.086086
0.1769,288.7500,0.156607,0.093394
0.1769,289.8214,0.162190,0.104070
0.1769,290.8929,0.166140,0.118849
0.1769,291.9643,0.174985,0.137124
0.1769,293.0357,0.184354,0.157921
0.1769,294.1071,0.197265,0.178873
0.1769,295.1786,0.211920,0.198165
0.1769,296.2500,0.228656,0.213854
0.1769,297.3214,0.245523,0.226510
0.1769,298.3929,0.261251,0.236673
0.1769,299.4643,0.273671,0.244610
0.1769,300.5357,0.280701,0.249448
0.1769,301.6071,0.280647,0.250913
0.1769,302.6786,0.278065,0.249193
0.1769,303.7500,0.273753,0.244974
0.1769,304.8214,0.264857,0.237143
0.1769,305.8929,0.252051,0.223919
0.1769,306.9643,0.237141,0.205456
0.1769,308.0357,0.223170,0.184444
0.1769,309.1071,0.209416,0.163563
0.1769,310.1786,0.199746,0.144982
0.1769,311.2500,0.199292,0.129639
0.1769,312.3214,0.184180,0.117776
0.1769,313.3929,0.153051,0.108896
0.1769,314.4643,0.135894,0.102370
0.1769,315.5357,0.131988,0.097744
0.1769,316.6071,0.133002,0.094738
0.1769,317.6786,0.141759,0.093249
0.1769,318.7500,0.134123,0.093254
0.1769,319.8214,0.127973,0.094847
0.1769,320.8929,0.126216,0.097963
0.1769,321.9643,0.122208,0.102102
0.1769,323.0357,0.119771,0.106171
0.1769,324.1071,0.117232,0.109232
0.1769,325.1786,0.115259,0.110675
0.1769,326.2500,0.113586,0.111222
0.1769,327.3214,0.112437,0.111399
0.1769,328.3929,0.111166,0.111618
0.1769,329.4643,0.110087,0.111500
0.1769,330.5357,0.108168,0.111198
0.1769,331.6071,0.105563,0.110578
0.1769,332.6786,0.106458,0.109740
0.1769,333.7500,0.108362,0.108814
0.1769,334.8214,0.109455,0.107735
0.1769,335.8929,0.110686,0.105527
0.1769,336.9643,0.112199,0.101879
0.1769,338.0357,0.114251,0.096981
0.1769,339.1071,0.116824,0.092106
0.1769,340.1786,0.119108,0.088029
0.1769,341.2500,0.122510,0.085500
0.1769,342.3214,0.132230,0.084366
0.1769,343.3929,0.125254,0.084651
0.1769,344.4643,0.119586,0.086144
0.1769,345.5357,0.124060,0.088935
0.1769,346.6071,0.135933,0.093322
0.1769,347.6786,0.158472,0.099987
0.1769,348.7500,0.177678,0.109790
0.1769,349.8214,0.179464,0.123357
0.1769,350.8929,0.184738,0.141047
0.1769,351.9643,0.197871,0.161837
0.1769,353.0357,0.210057,0.184397
0.1769,354.1071,0.226741,0.205912
0.1769,355.1786,0.243667,0.224134
0.1769,356.2500,0.261167,0.237407
0.1769,357.3214,0.276103,0.247134
0.1769,358.3929,0.286907,0.254224
0.1769,359.4643,0.289837,0.258442
0.1860,0.5357,0.326064,0.286203
0.1860,1.6071,0.322383,0.282112
0.1860,2.6786,0.310060,0.274283
0.1860,3.7500,0.290566,0.262721
0.1860,4.8214,0.267715,0.246901
0.1860,5.8929,0.245755,0.225225
0.1860,6.9643,0.224473,0.199851
0.1860,8.0357,0.209273,0.173476
0.1860,9.1071,0.193294,0.149301
0.1860,10.1786,0.187122,0.128942
0.1860,11.2500,0.184173,0.113491
0.1860,12.3214,0.161386,0.102486
0.1860,13.3929,0.137844,0.095208
0.1860,14.4643,0.125473,0.090493
0.1860,15.5357,0.120997,0.087477
0.1860,16.6071,0.126236,0.085848
0.1860,17.6786,0.133572,0.085477
0.1860,18.7500,0.124032,0.086527
0.1860,19.8214,0.120288,0.089020
0.1860,20.8929,0.118090,0.093047
0.1860,21.9643,0.115397,0.097928
0.1860,23.0357,0.113369,0.102817
0.1860,24.1071,0.111787,0.106488
0.1860,25.1786,0.110618,0.108668
0.1860,26.2500,0.109638,0.109716
0.1860,27.3214,0.107863,0.110607
0.1860,28.3929,0.106255,0.111399
0.1860,29.4643,0.108680,0.111977
0.1860,30.5357,0.110768,0.112237
0.1860,31.6071,0.111805,0.112307
0.1860,32.6786,0.113006,0.112021
0.1860,33.7500,0.114058,0.111773
0.1860,34.8214,0.115556,0.111137
0.1860,35.8929,0.117418,0.109611
0.1860,36.9643,0.119889,0.106466
0.1860,38.0357,0.122235,0.102300
0.1860,39.1071,0.126098,0.098082
0.1860,40.1786,0.127790,0.094866
0.1860,41.2500,0.133564,0.093137
0.1860,42.3214,0.141454,0.092990
0.1860,43.3929,0.132644,0.094298
0.1860,44.4643,0.131204,0.097145
0.1860,45.5357,0.135043,0.101741
0.1860,46.6071,0.151898,0.108525
0.1860,47.6786,0.182642,0.118083
0.1860,48.7500,0.204767,0.131314
0.1860,49.8214,0.205755,0.148755
0.1860,50.8929,0.215139,0.170339
0.1860,51.9643,0.233505,0.194748
0.1860,53.0357,0.250604,0.219902
0.1860,54.1071,0.271285,0.242397
0.1860,55.1786,0.289693,0.259237
0.1860,56.2500,0.304335,0.269389
0.1860,57.3214,0.312127,0.275276
0.1860,58.3929,0.316213,0.277831
0.1860,59.4643,0.316273,0.276698
0.1860,60.5357,0.307526,0.271073
0.1860,61.6071,0.291207,0.261867
0.1860,62.6786,0.270866,0.249872
0.1860,63.7500,0.248749,0.234789
0.1860,64.8214,0.227589,0.215628
0.1860,65.8929,0.209158,0.192495
0.1860,66.9643,0.194217,0.167729
0.1860,68.0357,0.182164,0.143712
0.1860,69.1071,0.173614,0.122878
0.1860,70.1786,0.170531,0.106530
0.1860,71.2500,0.159301,0.095045
0.1860,72.3214,0.143542,0.087435
0.1860,73.3929,0.125043,0.082666
0.1860,74.4643,0.115847,0.079565
0.1860,75.5357,0.110683,0.077747
0.1860,76.6071,0.119252,0.077053
0.1860,77.6786,0.123113,0.077292
0.1860,78.7500,0.113174,0.078962
0.1860,79.8214,0.112849,0.081923
0.1860,80.8929,0.109590,0.086497
0.1860,81.9643,0.107904,0.091650
0.1860,83.0357,0.106063,0.096870
0.1860,84.1071,0.105002,0.100716
0.1860,85.1786,0.103504,0.103363
0.1860,86.2500,0.101535,0.104924
0.1860,87.3214,0.102095,0.106475
0.1860,88.3929,0.105249,0.107220
0.1860,89.4643,0.107335,0.107681
0.1860,90.5357,0.108909,0.110203
0.1860,91.6071,0.110494,0.110156
0.1860,92.6786,0.111943,0.109813
0.1860,93.7500,0.113554,0.109978
0.1860,94.8214,0.115690,0.109496
0.1860,95.8929,0.117795,0.108013
0.1860,96.9643,0.120504,0.104862
0.1860,98.0357,0.123042,0.100817
0.1860,99.1071,0.126918,0.096793
0.1860,100.1786,0.128547,0.093807
0.1860,101.2500,0.134660,0.092305
0.1860,102.3214,0.141101,0.092338
0.1860,103.3929,0.132153,0.093829
0.1860,104.4643,0.131959,0.096870
0.1860,105.5357,0.135362,0.101618
0.1860,106.6071,0.152922,0.108437
0.1860,107.6786,0.184569,0.117814
0.1860,108.7500,0.202938,0.130491
0.1860,109.8214,0.203635,0.146912
0.1860,110.8929,0.213386,0.166928
0.1860,111.9643,0.229557,0.189445
0.1860,113.0357,0.245095,0.212382
0.1860,114.1071,0.262594,0.232775
0.1860,115.1786,0.277747,0.247768
0.1860,116.2500,0.288903,0.256663
0.1860,117.3214,0.294598,0.261575
0.1860,118.3929,0.297656,0.263553
0.1860,119.4643,0.297433,0.262160
0.1860,120.5357,0.289360,0.256869
0.1860,121.6071,0.274980,0.248343
0.1860,122.6786,0.257190,0.237375
0.1860,123.7500,0.237816,0.223501
0.1860,124.8214,0.219114,0.205835
0.1860,125.8929,0.202666,0.184341
0.1860,126.9643,0.189000,0.161261
0.1860,128.0357,0.178312,0.138801
0.1860,129.1071,0.169941,0.119196
0.1860,130.1786,0.167331,0.103619
0.1860,131.2500,0.157795,0.092495
0.1860,132.3214,0.141683,0.085004
0.1860,133.3929,0.123710,0.080232
0.1860,134.4643,0.114174,0.077149
0.1860,135.5357,0.109601,0.075306
0.1860,136.6071,0.116185,0.074464
0.1860,137.6786,0.121553,0.074534
0.1860,138.7500,0.112454,0.075869
0.1860,139.8214,0.110514,0.078413
0.1860,140.8929,0.107809,0.082459
0.1860,141.9643,0.105405,0.087226
0.1860,143.0357,0.103167,0.092180
0.1860,144.1071,0.101683,0.096011
0.1860,145.1786,0.100229,0.098573
0.1860,146.2500,0.099251,0.099960
0.1860,147.3214,0.097461,0.101066
0.1860,148.3929,0.096349,0.101922
0.1860,149.4643,0.098966,0.102553
0.1860,150.5357,0.100891,0.102862
0.1860,151.6071,0.102050,0.102941
0.1860,152.6786,0.103395,0.102651
0.1860,153.7500,0.104630,0.102334
0.1860,154.8214,0.106214,0.101510
0.1860,155.8929,0.108122,0.099537
0.1860,156.9643,0.110510,0.096024
0.1860,158.0357,0.112650,0.091643
0.1860,159.1071,0.116212,0.087322
0.1860,160.1786,0.117907,0.083966
0.1860,161.2500,0.122885,0.081948
0.1860,162.3214,0.130162,0.081297
0.1860,163.3929,0.121921,0.081924
0.1860,164.4643,0.119486,0.083795
0.1860,165.5357,0.123015,0.087000
0.1860,166.6071,0.136025,0.091960
0.1860,167.6786,0.159767,0.099237
0.1860,168.7500,0.180294,0.109670
0.1860,169.8214,0.181690,0.123840
0.1860,170.8929,0.187503,0.141993
0.1860,171.9643,0.201481,0.163207
0.1860,173.0357,0.214443,0.186123
0.1860,174.1071,0.231699,0.208083
0.1860,175.1786,0.248985,0.226673
0.1860,176.2500,0.266321,0.240012
0.1860,177.3214,0.280483,0.249471
0.1860,178.3929,0.288772,0.255820
0.1860,179.4643,0.290453,0.259204
0.1860,180.5357,0.291902,0.259334
0.1860,181.6071,0.289028,0.255106
0.1860,182.6786,0.278189,0.247959
0.1860,183.7500,0.263072,0.237967
0.1860,184.8214,0.245299,0.224103
0.1860,185.8929,0.228030,0.205170
0.1860,186.9643,0.210979,0.183077
0.1860,188.0357,0.198444,0.160189
0.1860,189.1071,0.184845,0.139165
0.1860,190.1786,0.179427,0.121255
0.1860,191.2500,0.177579,0.107379
0.1860,192.3214,0.157348,0.097257
0.1860,193.3929,0.134406,0.090260
0.1860,194.4643,0.121800,0.085567
0.1860,195.5357,0.118253,0.082532
0.1860,196.6071,0.120993,0.080788
0.1860,197.6786,0.129059,0.080255
0.1860,198.7500,0.121616,0.080964
0.1860,199.8214,0.116781,0.083019
0.1860,200.8929,0.115012,0.086411
0.1860,201.9643,0.111531,0.090740
0.1860,203.0357,0.109409,0.095141
0.1860,204.1071,0.107011,0.098669
0.1860,205.1786,0.105132,0.100666
0.1860,206.2500,0.103582,0.101531
0.1860,207.3214,0.102313,0.101863
0.1860,208.3929,0.101015,0.102188
0.1860,209.4643,0.099943,0.102143
0.1860,210.5357,0.097912,0.101868
0.1860,211.6071,0.095575,0.101265
0.1860,212.6786,0.097116,0.100445
0.1860,213.7500,0.098865,0.099378
0.1860,214.8214,0.099913,0.098030
0.1860,215.8929,0.101356,0.095508
0.1860,216.9643,0.102930,0.091696
0.1860,218.0357,0.105210,0.086816
0.1860,219.1071,0.107644,0.082109
0.1860,220.1786,0.110286,0.078153
0.1860,221.2500,0.112451,0.075663
0.1860,222.3214,0.121417,0.074388
0.1860,223.3929,0.115954,0.074371
0.1860,224.4643,0.109673,0.075289
0.1860,225.5357,0.114235,0.077244
0.1860,226.6071,0.123845,0.080462
0.1860,227.6786,0.142241,0.085383
0.1860,228.7500,0.158722,0.093097
0.1860,229.8214,0.167864,0.104469
0.1860,230.8929,0.170672,0.120293
0.1860,231.9643,0.179346,0.140104
0.1860,233.0357,0.190320,0.162713
0.1860,234.1071,0.204341,0.185879
0.1860,235.1786,0.221050,0.207338
0.1860,236.2500,0.239927,0.224852
0.1860,237.3214,0.259220,0.238531
0.1860,238.3929,0.276921,0.249299
0.1860,239.4643,0.290795,0.257602
0.1860,240.5357,0.298161,0.262603
0.1860,241.6071,0.297692,0.263657
0.1860,242.6786,0.294258,0.261345
0.1860,243.7500,0.288341,0.256098
0.1860,244.8214,0.276506,0.246776
0.1860,245.8929,0.260869,0.231425
0.1860,246.9643,0.243162,0.210771
0.1860,248.0357,0.227582,0.187723
0.1860,249.1071,0.211523,0.165180
0.1860,250.1786,0.201840,0.145207
0.1860,251.2500,0.201320,0.128857
0.1860,252.3214,0.182838,0.116294
0.1860,253.3929,0.151370,0.107015
0.1860,254.4643,0.134210,0.100288
0.1860,255.5357,0.130742,0.095614
0.1860,256.6071,0.130982,0.092646
0.1860,257.6786,0.139828,0.091186
0.1860,258.7500,0.133400,0.091159
0.1860,259.8214,0.127299,0.092666
0.1860,260.8929,0.125638,0.095611
0.1860,261.9643,0.121713,0.099608
0.1860,263.0357,0.119137,0.103604
0.1860,264.1071,0.116371,0.106707
0.1860,265.1786,0.114186,0.108165
0.1860,266.2500,0.112020,0.108607
0.1860,267.3214,0.110388,0.108394
0.1860,268.3929,0.108891,0.108673
0.1860,269.4643,0.107283,0.108662
0.1860,270.5357,0.105697,0.106144
0.1860,271.6071,0.103612,0.105645
0.1860,272.6786,0.100458,0.104880
0.1860,273.7500,0.099871,0.103312
0.1860,274.8214,0.101812,0.101739
0.1860,275.8929,0.103320,0.099091
0.1860,276.9643,0.104401,0.095282
0.1860,278.0357,0.106290,0.090110
0.1860,279.1071,0.107915,0.085019
0.1860,280.1786,0.111305,0.080493
0.1860,281.2500,0.111392,0.077591
0.1860,282.3214,0.121339,0.075945
0.1860,283.3929,0.117800,0.075717
0.1860,284.4643,0.109164,0.076414
0.1860,285.5357,0.114411,0.078193
0.1860,286.6071,0.123571,0.081219
0.1860,287.6786,0.141720,0.085918
0.1860,288.7500,0.156958,0.093331
0.1860,289.8214,0.168575,0.104533
0.1860,290.8929,0.171843,0.120613
0.1860,291.9643,0.180140,0.141194
0.1860,293.0357,0.191912,0.165086
0.1860,294.1071,0.206473,0.189871
0.1860,295.1786,0.224721,0.213193
0.1860,296.2500,0.245792,0.232728
0.1860,297.3214,0.268022,0.248236
0.1860,298.3929,0.288832,0.260650
0.1860,299.4643,0.306008,0.270308
0.1860,300.5357,0.315972,0.276423
0.1860,301.6071,0.317025,0.278081
0.1860,302.6786,0.313512,0.276001
0.1860,303.7500,0.306229,0.270616
0.1860,304.8214,0.292340,0.260941
0.1860,305.8929,0.274330,0.244477
0.1860,306.9643,0.253725,0.222145
0.1860,308.0357,0.236376,0.196997
0.1860,309.1071,0.217812,0.172469
0.1860,310.1786,0.208119,0.150706
0.1860,311.2500,0.206764,0.133024
0.1860,312.3214,0.184488,0.119529
0.1860,313.3929,0.153093,0.109685
0.1860,314.4643,0.135771,0.102650
0.1860,315.5357,0.131790,0.097833
0.1860,316.6071,0.132756,0.094790
0.1860,317.6786,0.141450,0.093320
0.1860,318.7500,0.133816,0.093319
0.1860,319.8214,0.127725,0.094918
0.1860,320.8929,0.126004,0.097986
0.1860,321.9643,0.122031,0.102090
0.1860,323.0357,0.119619,0.106137
0.1860,324.1071,0.117098,0.109190
0.1860,325.1786,0.115141,0.110622
0.1860,326.2500,0.113487,0.111152
0.1860,327.3214,0.112367,0.111336
0.1860,328.3929,0.111072,0.111540
0.1860,329.4643,0.109959,0.111428
0.1860,330.5357,0.108071,0.111113
0.1860,331.6071,0.105469,0.110496
0.1860,332.6786,0.106368,0.109655
0.1860,333.7500,0.108272,0.108721
0.1860,334.8214,0.109365,0.107638
0.1860,335.8929,0.110600,0.105426
0.1860,336.9643,0.112104,0.101773
0.1860,338.0357,0.114151,0.096864
0.1860,339.1071,0.116732,0.091978
0.1860,340.1786,0.119013,0.087900
0.1860,341.2500,0.122425,0.085362
0.1860,342.3214,0.132132,0.084225
0.1860,343.3929,0.125150,0.084500
0.1860,344.4643,0.119504,0.086006
0.1860,345.5357,0.124004,0.088816
0.1860,346.6071,0.135990,0.093250
0.1860,347.6786,0.158602,0.100099
0.1860,348.7500,0.180632,0.110648
0.1860,349.8214,0.183983,0.125611
0.1860,350.8929,0.189968,0.145521
0.1860,351.9643,0.205150,0.169357
0.1860,353.0357,0.219765,0.195582
0.1860,354.1071,0.240477,0.221079
0.1860,355.1786,0.262237,0.243201
0.1860,356.2500,0.285644,0.259738
0.1860,357.3214,0.306303,0.272066
0.1860,358.3929,0.321640,0.281006
0.1860,359.4643,0.327182,0.286271
0.1951,0.5357,0.364763,0.314695
0.1951,1.6071,0.358277,0.309663
0.1951,2.6786,0.340910,0.300350
0.1951,3.7500,0.314904,0.286525
0.1951,4.8214,0.285698,0.267019
0.1951,5.8929,0.258161,0.240700
0.1951,6.9643,0.233883,0.210484
0.1951,8.0357,0.215188,0.179917
0.1951,9.1071,0.199893,0.152464
0.1951,10.1786,0.195390,0.130042
0.1951,11.2500,0.185207,0.113604
0.1951,12.3214,0.161332,0.102312
0.1951,13.3929,0.137721,0.095017
0.1951,14.4643,0.125335,0.090316
0.1951,15.5357,0.120832,0.087347
0.1951,16.6071,0.126053,0.085752
0.1951,17.6786,0.133328,0.085411
0.1951,18.7500,0.123792,0.086495
0.1951,19.8214,0.120070,0.088989
0.1951,20.8929,0.117897,0.093014
0.1951,21.9643,0.115223,0.097888
0.1951,23.0357,0.113205,0.102769
0.1951,24.1071,0.111630,0.106426
0.1951,25.1786,0.110485,0.108599
0.1951,26.2500,0.109510,0.109641
0.1951,27.3214,0.107742,0.110522
0.1951,28.3929,0.106123,0.111321
0.1951,29.4643,0.108567,0.111896
0.1951,30.5357,0.110664,0.112156
0.1951,31.6071,0.111638,0.112216
0.1951,32.6786,0.112919,0.111939
0.1951,33.7500,0.113976,0.111687
0.1951,34.8214,0.115445,0.111057
0.1951,35.8929,0.117308,0.109526
0.1951,36.9643,0.119754,0.106397
0.1951,38.0357,0.122077,0.102242
0.1951,39.1071,0.125935,0.098028
0.1951,40.1786,0.127608,0.094822
0.1951,41.2500,0.133341,0.093092
0.1951,42.3214,0.141242,0.092950
0.1951,43.3929,0.132436,0.094265
0.1951,44.4643,0.131042,0.097112
0.1951,45.5357,0.134924,0.101760
0.1951,46.6071,0.151849,0.108774
0.1951,47.6786,0.182588,0.119032
0.1951,48.7500,0.210212,0.133631
0.1951,49.8214,0.212441,0.153267
0.1951,50.8929,0.222027,0.178090
0.1951,51.9643,0.244387,0.206401
0.1951,53.0357,0.265253,0.236077
0.1951,54.1071,0.292070,0.262943
0.1951,55.1786,0.316540,0.283481
0.1951,56.2500,0.337547,0.295968
0.1951,57.3214,0.349741,0.303324
0.1951,58.3929,0.355669,0.306449
0.1951,59.4643,0.354333,0.305070
0.1951,60.5357,0.341885,0.297979
0.1951,61.6071,0.319654,0.286683
0.1951,62.6786,0.292742,0.271745
0.1951,63.7500,0.264632,0.253061
0.1951,64.8214,0.238824,0.229607
0.1951,65.8929,0.216853,0.202284
0.1951,66.9643,0.200166,0.173736
0.1951,68.0357,0.186506,0.146793
0.1951,69.1071,0.177860,0.124030
0.1951,70.1786,0.173439,0.106632
0.1951,71.2500,0.159447,0.094926
0.1951,72.3214,0.143627,0.087251
0.1951,73.3929,0.125059,0.082438
0.1951,74.4643,0.115845,0.079321
0.1951,75.5357,0.110640,0.077507
0.1951,76.6071,0.119246,0.076814
0.1951,77.6786,0.123136,0.077051
0.1951,78.7500,0.113171,0.078741
0.1951,79.8214,0.112830,0.081705
0.1951,80.8929,0.109566,0.086304
0.1951,81.9643,0.107866,0.091466
0.1951,83.0357,0.106002,0.096717
0.1951,84.1071,0.104936,0.100567
0.1951,85.1786,0.103438,0.103239
0.1951,86.2500,0.101460,0.104809
0.1951,87.3214,0.102010,0.106369
0.1951,88.3929,0.105160,0.107117
0.1951,89.4643,0.107240,0.107586
0.1951,90.5357,0.108807,0.110114
0.1951,91.6071,0.110384,0.110076
0.1951,92.6786,0.111822,0.109733
0.1951,93.7500,0.113416,0.109907
0.1951,94.8214,0.115510,0.109433
0.1951,95.8929,0.117636,0.107959
0.1951,96.9643,0.120385,0.104828
0.1951,98.0357,0.122889,0.100791
0.1951,99.1071,0.126725,0.096778
0.1951,100.1786,0.128319,0.093831
0.1951,101.2500,0.134391,0.092329
0.1951,102.3214,0.140829,0.092375
0.1951,103.3929,0.131901,0.093854
0.1951,104.4643,0.131772,0.096907
0.1951,105.5357,0.135251,0.101815
0.1951,106.6071,0.152924,0.109081
0.1951,107.6786,0.184652,0.119335
0.1951,108.7500,0.210004,0.133566
0.1951,109.8214,0.211459,0.152321
0.1951,110.8929,0.221270,0.175577
0.1951,111.9643,0.242102,0.201870
0.1951,113.0357,0.261121,0.229121
0.1951,114.1071,0.284683,0.253587
0.1951,115.1786,0.305401,0.271955
0.1951,116.2500,0.321997,0.282824
0.1951,117.3214,0.331132,0.288909
0.1951,118.3929,0.335393,0.291250
0.1951,119.4643,0.333758,0.289567
0.1951,120.5357,0.322290,0.282859
0.1951,121.6071,0.302586,0.272366
0.1951,122.6786,0.278908,0.258707
0.1951,123.7500,0.254038,0.241522
0.1951,124.8214,0.230830,0.219840
0.1951,125.8929,0.210900,0.194366
0.1951,126.9643,0.195530,0.167659
0.1951,128.0357,0.182837,0.142314
0.1951,129.1071,0.174665,0.120684
0.1951,130.1786,0.171062,0.103958
0.1951,131.2500,0.157946,0.092423
0.1951,132.3214,0.141776,0.084854
0.1951,133.3929,0.123703,0.080047
0.1951,134.4643,0.114155,0.076939
0.1951,135.5357,0.109560,0.075085
0.1951,136.6071,0.116144,0.074254
0.1951,137.6786,0.121548,0.074328
0.1951,138.7500,0.112444,0.075669
0.1951,139.8214,0.110485,0.078230
0.1951,140.8929,0.107756,0.082286
0.1951,141.9643,0.105364,0.087070
0.1951,143.0357,0.103105,0.092043
0.1951,144.1071,0.101617,0.095884
0.1951,145.1786,0.100175,0.098468
0.1951,146.2500,0.099170,0.099855
0.1951,147.3214,0.097395,0.100975
0.1951,148.3929,0.096273,0.101836
0.1951,149.4643,0.098883,0.102470
0.1951,150.5357,0.100808,0.102780
0.1951,151.6071,0.101936,0.102852
0.1951,152.6786,0.103325,0.102565
0.1951,153.7500,0.104555,0.102248
0.1951,154.8214,0.106140,0.101420
0.1951,155.8929,0.108032,0.099446
0.1951,156.9643,0.110408,0.095921
0.1951,158.0357,0.112551,0.091542
0.1951,159.1071,0.116105,0.087210
0.1951,160.1786,0.117795,0.083858
0.1951,161.2500,0.122776,0.081828
0.1951,162.3214,0.130039,0.081180
0.1951,163.3929,0.121800,0.081813
0.1951,164.4643,0.119385,0.083678
0.1951,165.5357,0.122961,0.086917
0.1951,166.6071,0.136050,0.091925
0.1951,167.6786,0.159902,0.099541
0.1951,168.7500,0.183658,0.110846
0.1951,169.8214,0.186694,0.126554
0.1951,170.8929,0.192986,0.147053
0.1951,171.9643,0.209353,0.171366
0.1951,173.0357,0.224853,0.197987
0.1951,174.1071,0.246444,0.223893
0.1951,175.1786,0.268643,0.246297
0.1951,176.2500,0.291743,0.262733
0.1951,177.3214,0.311461,0.274594
0.1951,178.3929,0.323981,0.282520
0.1951,179.4643,0.327822,0.286715
0.1951,180.5357,0.329014,0.286824
0.1951,181.6071,0.323573,0.281596
0.1951,182.6786,0.308258,0.272670
0.1951,183.7500,0.287488,0.260148
0.1951,184.8214,0.263854,0.243085
0.1951,185.8929,0.241824,0.220296
0.1951,186.9643,0.220737,0.194279
0.1951,188.0357,0.205786,0.167773
0.1951,189.1071,0.190136,0.143755
0.1951,190.1786,0.184013,0.123624
0.1951,191.2500,0.180640,0.108347
0.1951,192.3214,0.157448,0.097433
0.1951,193.3929,0.134451,0.090201
0.1951,194.4643,0.121742,0.085459
0.1951,195.5357,0.118165,0.082409
0.1951,196.6071,0.120883,0.080655
0.1951,197.6786,0.128958,0.080118
0.1951,198.7500,0.121526,0.080833
0.1951,199.8214,0.116688,0.082891
0.1951,200.8929,0.114917,0.086295
0.1951,201.9643,0.111432,0.090627
0.1951,203.0357,0.109318,0.095030
0.1951,204.1071,0.106928,0.098568
0.1951,205.1786,0.105046,0.100576
0.1951,206.2500,0.103516,0.101435
0.1951,207.3214,0.102242,0.101777
0.1951,208.3929,0.100917,0.102103
0.1951,209.4643,0.099860,0.102060
0.1951,210.5357,0.097829,0.101785
0.1951,211.6071,0.095507,0.101183
0.1951,212.6786,0.097048,0.100354
0.1951,213.7500,0.098792,0.099280
0.1951,214.8214,0.099839,0.097924
0.1951,215.8929,0.101294,0.095386
0.1951,216.9643,0.102865,0.091569
0.1951,218.0357,0.105150,0.086664
0.1951,219.1071,0.107590,0.081952
0.1951,220.1786,0.110239,0.077969
0.1951,221.2500,0.112435,0.075478
0.1951,222.3214,0.121398,0.074197
0.1951,223.3929,0.115895,0.074166
0.1951,224.4643,0.109625,0.075086
0.1951,225.5357,0.114192,0.077045
0.1951,226.6071,0.123837,0.080289
0.1951,227.6786,0.142334,0.085240
0.1951,228.7500,0.158873,0.093052
0.1951,229.8214,0.171959,0.104913
0.1951,230.8929,0.175533,0.121937
0.1951,231.9643,0.184016,0.143867
0.1951,233.0357,0.197109,0.169427
0.1951,234.1071,0.212908,0.196285
0.1951,235.1786,0.233218,0.221765
0.1951,236.2500,0.256752,0.243311
0.1951,237.3214,0.281673,0.260234
0.1951,238.3929,0.305089,0.273603
0.1951,239.4643,0.324224,0.283764
0.1951,240.5357,0.334732,0.290080
0.1951,241.6071,0.335437,0.291337
0.1951,242.6786,0.330492,0.288559
0.1951,243.7500,0.320808,0.281992
0.1951,244.8214,0.303504,0.270618
0.1951,245.8929,0.282311,0.251809
0.1951,246.9643,0.258640,0.227103
0.1951,248.0357,0.239608,0.199770
0.1951,249.1071,0.219159,0.173499
0.1951,250.1786,0.209303,0.150342
0.1951,251.2500,0.207974,0.131738
0.1951,252.3214,0.182869,0.117671
0.1951,253.3929,0.151355,0.107555
0.1951,254.4643,0.134092,0.100435
0.1951,255.5357,0.130562,0.095638
0.1951,256.6071,0.130763,0.092645
0.1951,257.6786,0.139583,0.091201
0.1951,258.7500,0.133141,0.091169
0.1951,259.8214,0.127083,0.092662
0.1951,260.8929,0.125460,0.095595
0.1951,261.9643,0.121564,0.099566
0.1951,263.0357,0.119018,0.103560
0.1951,264.1071,0.116197,0.106652
0.1951,265.1786,0.114031,0.108100
0.1951,266.2500,0.111889,0.108530
0.1951,267.3214,0.110275,0.108316
0.1951,268.3929,0.108782,0.108588
0.1951,269.4643,0.107182,0.108574
0.1951,270.5357,0.105603,0.106050
0.1951,271.6071,0.103527,0.105545
0.1951,272.6786,0.100384,0.104770
0.1951,273.7500,0.099794,0.103194
0.1951,274.8214,0.101749,0.101611
0.1951,275.8929,0.103259,0.098948
0.1951,276.9643,0.104345,0.095122
0.1951,278.0357,0.106259,0.089931
0.1951,279.1071,0.107883,0.084815
0.1951,280.1786,0.111314,0.080276
0.1951,281.2500,0.111418,0.077340
0.1951,282.3214,0.121364,0.075716
0.1951,283.3929,0.117806,0.075467
0.1951,284.4643,0.109132,0.076159
0.1951,285.5357,0.114422,0.077935
0.1951,286.6071,0.123588,0.080982
0.1951,287.6786,0.141842,0.085725
0.1951,288.7500,0.157093,0.093190
0.1951,289.8214,0.171261,0.104577
0.1951,290.8929,0.175927,0.121597
0.1951,291.9643,0.184390,0.144004
0.1951,293.0357,0.197608,0.170715
0.1951,294.1071,0.213876,0.199181
0.1951,295.1786,0.235375,0.226661
0.1951,296.2500,0.260867,0.250469
0.1951,297.3214,0.289018,0.269650
0.1951,298.3929,0.316496,0.285115
0.1951,299.4643,0.339687,0.296986
0.1951,300.5357,0.353680,0.304684
0.1951,301.6071,0.356517,0.306711
0.1951,302.6786,0.351538,0.304199
0.1951,303.7500,0.340141,0.297477
0.1951,304.8214,0.320082,0.285610
0.1951,305.8929,0.295962,0.265519
0.1951,306.9643,0.268977,0.238834
0.1951,308.0357,0.247732,0.209104
0.1951,309.1071,0.224973,0.180594
0.1951,310.1786,0.215090,0.155521
0.1951,311.2500,0.212603,0.135541
0.1951,312.3214,0.184416,0.120607
0.1951,313.3929,0.153037,0.110031
0.1951,314.4643,0.135658,0.102693
0.1951,315.5357,0.131604,0.097817
0.1951,316.6071,0.132542,0.094772
0.1951,317.6786,0.141215,0.093296
0.1951,318.7500,0.133587,0.093295
0.1951,319.8214,0.127525,0.094883
0.1951,320.8929,0.125816,0.097942
0.1951,321.9643,0.121879,0.102036
0.1951,323.0357,0.119479,0.106079
0.1951,324.1071,0.116975,0.109110
0.1951,325.1786,0.115036,0.110546
0.1951,326.2500,0.113405,0.111078
0.1951,327.3214,0.112265,0.111241
0.1951,328.3929,0.110920,0.111468
0.1951,329.4643,0.109842,0.111341
0.1951,330.5357,0.107951,0.111025
0.1951,331.6071,0.105348,0.110425
0.1951,332.6786,0.106243,0.109570
0.1951,333.7500,0.108143,0.108653
0.1951,334.8214,0.109228,0.107562
0.1951,335.8929,0.110439,0.105381
0.1951,336.9643,0.111943,0.101714
0.1951,338.0357,0.113976,0.096832
0.1951,339.1071,0.116530,0.091952
0.1951,340.1786,0.118792,0.087874
0.1951,341.2500,0.122169,0.085333
0.1951,342.3214,0.131886,0.084164
0.1951,343.3929,0.124955,0.084409
0.1951,344.4643,0.119334,0.085869
0.1951,345.5357,0.123871,0.088629
0.1951,346.6071,0.135849,0.093047
0.1951,347.6786,0.158581,0.099930
0.1951,348.7500,0.181259,0.110668
0.1951,349.8214,0.192540,0.126475
0.1951,350.8929,0.196623,0.148292
0.1951,351.9643,0.210784,0.175292
0.1951,353.0357,0.228839,0.205621
0.1951,354.1071,0.252234,0.235935
0.1951,355.1786,0.279428,0.262769
0.1951,356.2500,0.308962,0.283182
0.1951,357.3214,0.336150,0.297879
0.1951,358.3929,0.356762,0.308439
0.1951,359.4643,0.365501,0.314748
0.2041,0.5357,0.407074,0.345024
0.2041,1.6071,0.396802,0.339015
0.2041,2.6786,0.372788,0.327742
0.2041,3.7500,0.338720,0.310777
0.2041,4.8214,0.302504,0.286638
0.2041,5.8929,0.269056,0.255126
0.2041,6.9643,0.241826,0.219850
0.2041,8.0357,0.220267,0.185186
0.2041,9.1071,0.205278,0.154757
0.2041,10.1786,0.200413,0.130699
0.2041,11.2500,0.185183,0.113549
0.2041,12.3214,0.161321,0.102207
0.2041,13.3929,0.137649,0.094858
0.2041,14.4643,0.125237,0.090133
0.2041,15.5357,0.120718,0.087168
0.2041,16.6071,0.125938,0.085574
0.2041,17.6786,0.133231,0.085235
0.2041,18.7500,0.123702,0.086324
0.2041,19.8214,0.119983,0.088833
0.2041,20.8929,0.117797,0.092869
0.2041,21.9643,0.115110,0.097749
0.2041,23.0357,0.113105,0.102628
0.2041,24.1071,0.111532,0.106303
0.2041,25.1786,0.110383,0.108485
0.2041,26.2500,0.109408,0.109532
0.2041,27.3214,0.107637,0.110427
0.2041,28.3929,0.106025,0.111216
0.2041,29.4643,0.108462,0.111794
0.2041,30.5357,0.110559,0.112061
0.2041,31.6071,0.111537,0.112123
0.2041,32.6786,0.112780,0.111833
0.2041,33.7500,0.113889,0.111590
0.2041,34.8214,0.115364,0.110955
0.2041,35.8929,0.117197,0.109425
0.2041,36.9643,0.119639,0.106286
0.2041,38.0357,0.121956,0.102125
0.2041,39.1071,0.125802,0.097917
0.2041,40.1786,0.127470,0.094705
0.2041,41.2500,0.133203,0.092986
0.2041,42.3214,0.141078,0.092838
0.2041,43.3929,0.132291,0.094146
0.2041,44.4643,0.130891,0.097014
0.2041,45.5357,0.134822,0.101676
0.2041,46.6071,0.151785,0.108726
0.2041,47.6786,0.182495,0.119371
0.2041,48.7500,0.213891,0.135055
0.2041,49.8214,0.217716,0.156659
0.2041,50.8929,0.227790,0.184572
0.2041,51.9643,0.253425,0.216995
0.2041,53.0357,0.277846,0.251565
0.2041,54.1071,0.310836,0.283308
0.2041,55.1786,0.342768,0.308092
0.2041,56.2500,0.371495,0.323488
0.2041,57.3214,0.389486,0.332699
0.2041,58.3929,0.397967,0.336519
0.2041,59.4643,0.394804,0.334782
0.2041,60.5357,0.377313,0.326059
0.2041,61.6071,0.347920,0.312181
0.2041,62.6786,0.313270,0.293616
0.2041,63.7500,0.278380,0.270605
0.2041,64.8214,0.248002,0.242416
0.2041,65.8929,0.223193,0.210632
0.2041,66.9643,0.205023,0.178311
0.2041,68.0357,0.190259,0.148753
0.2041,69.1071,0.181010,0.124385
0.2041,70.1786,0.174993,0.106497
0.2041,71.2500,0.159526,0.094734
0.2041,72.3214,0.143762,0.086976
0.2041,73.3929,0.125087,0.082143
0.2041,74.4643,0.115848,0.079047
0.2041,75.5357,0.110681,0.077204
0.2041,76.6071,0.119251,0.076519
0.2041,77.6786,0.123211,0.076777
0.2041,78.7500,0.113262,0.078457
0.2041,79.8214,0.112854,0.081436
0.2041,80.8929,0.109557,0.086060
0.2041,81.9643,0.107853,0.091250
0.2041,83.0357,0.105971,0.096523
0.2041,84.1071,0.104883,0.100410
0.2041,85.1786,0.103374,0.103090
0.2041,86.2500,0.101393,0.104676
0.2041,87.3214,0.101933,0.106249
0.2041,88.3929,0.105073,0.107005
0.2041,89.4643,0.107145,0.107479
0.2041,90.5357,0.108705,0.110011
0.2041,91.6071,0.110274,0.109973
0.2041,92.6786,0.111704,0.109642
0.2041,93.7500,0.113290,0.109809
0.2041,94.8214,0.115383,0.109347
0.2041,95.8929,0.117448,0.107869
0.2041,96.9643,0.120231,0.104745
0.2041,98.0357,0.122779,0.100716
0.2041,99.1071,0.126590,0.096703
0.2041,100.1786,0.128143,0.093762
0.2041,101.2500,0.134209,0.092264
0.2041,102.3214,0.140610,0.092299
0.2041,103.3929,0.131735,0.093807
0.2041,104.4643,0.131605,0.096868
0.2041,105.5357,0.135110,0.101769
0.2041,106.6071,0.152855,0.109204
0.2041,107.6786,0.184546,0.120116
0.2041,108.7500,0.214847,0.135653
0.2041,109.8214,0.217847,0.156609
0.2041,110.8929,0.227816,0.183124
0.2041,111.9643,0.252467,0.213471
0.2041,113.0357,0.275500,0.245421
0.2041,114.1071,0.305353,0.274443
0.2041,115.1786,0.332643,0.296660
0.2041,116.2500,0.356069,0.309938
0.2041,117.3214,0.369935,0.317499
0.2041,118.3929,0.375949,0.320319
0.2041,119.4643,0.372386,0.318223
0.2041,120.5357,0.356355,0.309870
0.2041,121.6071,0.330153,0.297014
0.2041,122.6786,0.299439,0.280065
0.2041,123.7500,0.268218,0.258950
0.2041,124.8214,0.240669,0.232826
0.2041,125.8929,0.217701,0.203113
0.2041,126.9643,0.200782,0.172731
0.2041,128.0357,0.186893,0.144679
0.2041,129.1071,0.178174,0.121372
0.2041,130.1786,0.173300,0.103902
0.2041,131.2500,0.158032,0.092259
0.2041,132.3214,0.141890,0.084623
0.2041,133.3929,0.123734,0.079796
0.2041,134.4643,0.114155,0.076672
0.2041,135.5357,0.109562,0.074822
0.2041,136.6071,0.116150,0.073980
0.2041,137.6786,0.121595,0.074063
0.2041,138.7500,0.112497,0.075412
0.2041,139.8214,0.110507,0.077990
0.2041,140.8929,0.107747,0.082062
0.2041,141.9643,0.105330,0.086876
0.2041,143.0357,0.103065,0.091859
0.2041,144.1071,0.101564,0.095741
0.2041,145.1786,0.100109,0.098324
0.2041,146.2500,0.099109,0.099745
0.2041,147.3214,0.097307,0.100864
0.2041,148.3929,0.096188,0.101729
0.2041,149.4643,0.098788,0.102381
0.2041,150.5357,0.100714,0.102695
0.2041,151.6071,0.101814,0.102773
0.2041,152.6786,0.103179,0.102490
0.2041,153.7500,0.104462,0.102180
0.2041,154.8214,0.106000,0.101362
0.2041,155.8929,0.107911,0.099394
0.2041,156.9643,0.110255,0.095878
0.2041,158.0357,0.112357,0.091515
0.2041,159.1071,0.115928,0.087201
0.2041,160.1786,0.117555,0.083835
0.2041,161.2500,0.122534,0.081807
0.2041,162.3214,0.129789,0.081128
0.2041,163.3929,0.121628,0.081723
0.2041,164.4643,0.119215,0.083559
0.2041,165.5357,0.122802,0.086754
0.2041,166.6071,0.135919,0.091741
0.2041,167.6786,0.159860,0.099401
0.2041,168.7500,0.184685,0.110989
0.2041,169.8214,0.195210,0.127719
0.2041,170.8929,0.199701,0.150244
0.2041,171.9643,0.215263,0.177775
0.2041,173.0357,0.234262,0.208501
0.2041,174.1071,0.258749,0.239161
0.2041,175.1786,0.286441,0.266182
0.2041,176.2500,0.315812,0.286321
0.2041,177.3214,0.341913,0.300409
0.2041,178.3929,0.359459,0.309727
0.2041,179.4643,0.366124,0.314804
0.2041,180.5357,0.366982,0.314898
0.2041,181.6071,0.358397,0.308719
0.2041,182.6786,0.337901,0.298289
0.2041,183.7500,0.310700,0.283448
0.2041,184.8214,0.281069,0.262492
0.2041,185.8929,0.253588,0.235030
0.2041,186.9643,0.229881,0.204275
0.2041,188.0357,0.211424,0.173766
0.2041,189.1071,0.196884,0.146619
0.2041,190.1786,0.192812,0.124592
0.2041,191.2500,0.181287,0.108400
0.2041,192.3214,0.157381,0.097292
0.2041,193.3929,0.134294,0.090013
0.2041,194.4643,0.121604,0.085299
0.2041,195.5357,0.117972,0.082281
0.2041,196.6071,0.120693,0.080571
0.2041,197.6786,0.128700,0.080071
0.2041,198.7500,0.121280,0.080812
0.2041,199.8214,0.116450,0.082885
0.2041,200.8929,0.114725,0.086273
0.2041,201.9643,0.111264,0.090601
0.2041,203.0357,0.109158,0.094997
0.2041,204.1071,0.106791,0.098513
0.2041,205.1786,0.104936,0.100525
0.2041,206.2500,0.103418,0.101366
0.2041,207.3214,0.102113,0.101708
0.2041,208.3929,0.100783,0.102021
0.2041,209.4643,0.099758,0.101975
0.2041,210.5357,0.097729,0.101696
0.2041,211.6071,0.095419,0.101089
0.2041,212.6786,0.096967,0.100239
0.2041,213.7500,0.098723,0.099163
0.2041,214.8214,0.099775,0.097796
0.2041,215.8929,0.101240,0.095238
0.2041,216.9643,0.102817,0.091396
0.2041,218.0357,0.105123,0.086471
0.2041,219.1071,0.107574,0.081732
0.2041,220.1786,0.110242,0.077740
0.2041,221.2500,0.112488,0.075222
0.2041,222.3214,0.121437,0.073937
0.2041,223.3929,0.115889,0.073909
0.2041,224.4643,0.109609,0.074822
0.2041,225.5357,0.114211,0.076784
0.2041,226.6071,0.123850,0.080039
0.2041,227.6786,0.142430,0.085021
0.2041,228.7500,0.158960,0.092894
0.2041,229.8214,0.174338,0.104888
0.2041,230.8929,0.179222,0.122747
0.2041,231.9643,0.188118,0.146436
0.2041,233.0357,0.202522,0.174785
0.2041,234.1071,0.219957,0.205395
0.2041,235.1786,0.243472,0.235157
0.2041,236.2500,0.271474,0.261150
0.2041,237.3214,0.302831,0.281968
0.2041,238.3929,0.333340,0.298538
0.2041,239.4643,0.358852,0.310968
0.2041,240.5357,0.373682,0.318809
0.2041,241.6071,0.375973,0.320366
0.2041,242.6786,0.368932,0.317003
0.2041,243.7500,0.354288,0.308869
0.2041,244.8214,0.330003,0.294959
0.2041,245.8929,0.302213,0.272248
0.2041,246.9643,0.272480,0.242971
0.2041,248.0357,0.249630,0.210983
0.2041,249.1071,0.225437,0.180738
0.2041,250.1786,0.215512,0.154412
0.2041,251.2500,0.212556,0.133673
0.2041,252.3214,0.182807,0.118344
0.2041,253.3929,0.151294,0.107631
0.2041,254.4643,0.133983,0.100399
0.2041,255.5357,0.130403,0.095569
0.2041,256.6071,0.130575,0.092591
0.2041,257.6786,0.139387,0.091123
0.2041,258.7500,0.132956,0.091087
0.2041,259.8214,0.126932,0.092591
0.2041,260.8929,0.125333,0.095501
0.2041,261.9643,0.121453,0.099494
0.2041,263.0357,0.118855,0.103465
0.2041,264.1071,0.116030,0.106569
0.2041,265.1786,0.113887,0.107997
0.2041,266.2500,0.111770,0.108443
0.2041,267.3214,0.110154,0.108214
0.2041,268.3929,0.108676,0.108492
0.2041,269.4643,0.107080,0.108469
0.2041,270.5357,0.105510,0.105941
0.2041,271.6071,0.103442,0.105432
0.2041,272.6786,0.100304,0.104650
0.2041,273.7500,0.099727,0.103059
0.2041,274.8214,0.101687,0.101468
0.2041,275.8929,0.103218,0.098771
0.2041,276.9643,0.104318,0.094934
0.2041,278.0357,0.106236,0.089701
0.2041,279.1071,0.107895,0.084581
0.2041,280.1786,0.111326,0.079988
0.2041,281.2500,0.111517,0.077083
0.2041,282.3214,0.121459,0.075402
0.2041,283.3929,0.117797,0.075171
0.2041,284.4643,0.109182,0.075849
0.2041,285.5357,0.114433,0.077640
0.2041,286.6071,0.123666,0.080694
0.2041,287.6786,0.141984,0.085443
0.2041,288.7500,0.157197,0.092978
0.2041,289.8214,0.172546,0.104420
0.2041,290.8929,0.179005,0.121826
0.2041,291.9643,0.188060,0.145701
0.2041,293.0357,0.202288,0.174917
0.2041,294.1071,0.219885,0.207052
0.2041,295.1786,0.244118,0.238940
0.2041,296.2500,0.273941,0.267473
0.2041,297.3214,0.308668,0.291043
0.2041,298.3929,0.343719,0.310228
0.2041,299.4643,0.374311,0.324786
0.2041,300.5357,0.393673,0.334265
0.2041,301.6071,0.398852,0.336801
0.2041,302.6786,0.391839,0.333739
0.2041,303.7500,0.374965,0.325310
0.2041,304.8214,0.347209,0.310686
0.2041,305.8929,0.315615,0.286439
0.2041,306.9643,0.282262,0.254872
0.2041,308.0357,0.257181,0.220199
0.2041,309.1071,0.230926,0.187492
0.2041,310.1786,0.220615,0.159181
0.2041,311.2500,0.216527,0.137135
0.2041,312.3214,0.184329,0.121035
0.2041,313.3929,0.152960,0.110002
0.2041,314.4643,0.135532,0.102626
0.2041,315.5357,0.131459,0.097724
0.2041,316.6071,0.132368,0.094670
0.2041,317.6786,0.141046,0.093199
0.2041,318.7500,0.133426,0.093194
0.2041,319.8214,0.127380,0.094777
0.2041,320.8929,0.125678,0.097842
0.2041,321.9643,0.121751,0.101924
0.2041,323.0357,0.119362,0.105978
0.2041,324.1071,0.116864,0.109009
0.2041,325.1786,0.114956,0.110450
0.2041,326.2500,0.113304,0.110975
0.2041,327.3214,0.112121,0.111148
0.2041,328.3929,0.110816,0.111363
0.2041,329.4643,0.109733,0.111245
0.2041,330.5357,0.107853,0.110923
0.2041,331.6071,0.105247,0.110317
0.2041,332.6786,0.106146,0.109468
0.2041,333.7500,0.108046,0.108527
0.2041,334.8214,0.109145,0.107442
0.2041,335.8929,0.110360,0.105234
0.2041,336.9643,0.111860,0.101565
0.2041,338.0357,0.113911,0.096664
0.2041,339.1071,0.116436,0.091765
0.2041,340.1786,0.118752,0.087674
0.2041,341.2500,0.122128,0.085127
0.2041,342.3214,0.131850,0.083949
0.2041,343.3929,0.124865,0.084195
0.2041,344.4643,0.119265,0.085655
0.2041,345.5357,0.123788,0.088422
0.2041,346.6071,0.135820,0.092855
0.2041,347.6786,0.158567,0.099763
0.2041,348.7500,0.181249,0.110580
0.2041,349.8214,0.196414,0.126850
0.2041,350.8929,0.201472,0.150130
0.2041,351.9643,0.215448,0.179807
0.2041,353.0357,0.235946,0.213947
0.2041,354.1071,0.262018,0.249077
0.2041,355.1786,0.294308,0.280960
0.2041,356.2500,0.330515,0.306120
0.2041,357.3214,0.365956,0.324302
0.2041,358.3929,0.393698,0.337294
0.2041,359.4643,0.407105,0.345007
0.2132,0.5357,0.453120,0.377112
0.2132,1.6071,0.437444,0.369956
0.2132,2.6786,0.404212,0.356086
0.2132,3.7500,0.360601,0.334936
0.2132,4.8214,0.316565,0.305229
0.2132,5.8929,0.277892,0.267958
0.2132,6.9643,0.248245,0.227601
0.2132,8.0357,0.224619,0.189077
0.2132,9.1071,0.209299,0.156120
0.2132,10.1786,0.203111,0.130755
0.2132,11.2500,0.185128,0.113418
0.2132,12.3214,0.161321,0.102011
0.2132,13.3929,0.137618,0.094621
0.2132,14.4643,0.125198,0.089888
0.2132,15.5357,0.120650,0.086918
0.2132,16.6071,0.125901,0.085326
0.2132,17.6786,0.133226,0.084998
0.2132,18.7500,0.123703,0.086065
0.2132,19.8214,0.119934,0.088595
0.2132,20.8929,0.117740,0.092653
0.2132,21.9643,0.115064,0.097541
0.2132,23.0357,0.113043,0.102448
0.2132,24.1071,0.111459,0.106143
0.2132,25.1786,0.110289,0.108334
0.2132,26.2500,0.109322,0.109405
0.2132,27.3214,0.107539,0.110294
0.2132,28.3929,0.105903,0.111108
0.2132,29.4643,0.108359,0.111682
0.2132,30.5357,0.110419,0.111962
0.2132,31.6071,0.111378,0.112035
0.2132,32.6786,0.112628,0.111753
0.2132,33.7500,0.113694,0.111518
0.2132,34.8214,0.115215,0.110904
0.2132,35.8929,0.117024,0.109395
0.2132,36.9643,0.119423,0.106275
0.2132,38.0357,0.121723,0.102154
0.2132,39.1071,0.125522,0.097964
0.2132,40.1786,0.127141,0.094773
0.2132,41.2500,0.132816,0.093041
0.2132,42.3214,0.140707,0.092879
0.2132,43.3929,0.132001,0.094156
0.2132,44.4643,0.130622,0.096973
0.2132,45.5357,0.134598,0.101576
0.2132,46.6071,0.151579,0.108599
0.2132,47.6786,0.182238,0.119281
0.2132,48.7500,0.214449,0.135236
0.2132,49.8214,0.228795,0.158450
0.2132,50.8929,0.236229,0.189327
0.2132,51.9643,0.260431,0.226332
0.2132,53.0357,0.290395,0.266619
0.2132,54.1071,0.328345,0.304774
0.2132,55.1786,0.368832,0.335039
0.2132,56.2500,0.406025,0.353653
0.2132,57.3214,0.431293,0.363719
0.2132,58.3929,0.442391,0.367678
0.2132,59.4643,0.436037,0.365268
0.2132,60.5357,0.411444,0.354591
0.2132,61.6071,0.373217,0.337302
0.2132,62.6786,0.330293,0.314348
0.2132,63.7500,0.289268,0.286151
0.2132,64.8214,0.254875,0.252872
0.2132,65.8929,0.228020,0.216667
0.2132,66.9643,0.208575,0.180998
0.2132,68.0357,0.193421,0.149248
0.2132,69.1071,0.183702,0.124212
0.2132,70.1786,0.175258,0.106256
0.2132,71.2500,0.159675,0.094362
0.2132,72.3214,0.143921,0.086610
0.2132,73.3929,0.125219,0.081778
0.2132,74.4643,0.115976,0.078686
0.2132,75.5357,0.110713,0.076860
0.2132,76.6071,0.119283,0.076188
0.2132,77.6786,0.123328,0.076436
0.2132,78.7500,0.113369,0.078126
0.2132,79.8214,0.112920,0.081153
0.2132,80.8929,0.109583,0.085789
0.2132,81.9643,0.107827,0.091013
0.2132,83.0357,0.105950,0.096309
0.2132,84.1071,0.104846,0.100228
0.2132,85.1786,0.103312,0.102929
0.2132,86.2500,0.101324,0.104535
0.2132,87.3214,0.101850,0.106116
0.2132,88.3929,0.104984,0.106883
0.2132,89.4643,0.107047,0.107362
0.2132,90.5357,0.108599,0.109897
0.2132,91.6071,0.110159,0.109863
0.2132,92.6786,0.111593,0.109526
0.2132,93.7500,0.113166,0.109702
0.2132,94.8214,0.115245,0.109227
0.2132,95.8929,0.117329,0.107753
0.2132,96.9643,0.120061,0.104612
0.2132,98.0357,0.122621,0.100587
0.2132,99.1071,0.126498,0.096568
0.2132,100.1786,0.128059,0.093625
0.2132,101.2500,0.134082,0.092127
0.2132,102.3214,0.140467,0.092158
0.2132,103.3929,0.131605,0.093664
0.2132,104.4643,0.131476,0.096745
0.2132,105.5357,0.135019,0.101666
0.2132,106.6071,0.152786,0.109150
0.2132,107.6786,0.184436,0.120304
0.2132,108.7500,0.218192,0.136891
0.2132,109.8214,0.222715,0.159714
0.2132,110.8929,0.233315,0.189345
0.2132,111.9643,0.261011,0.223892
0.2132,113.0357,0.287579,0.260886
0.2132,114.1071,0.323863,0.295007
0.2132,115.1786,0.359035,0.321641
0.2132,116.2500,0.390649,0.337934
0.2132,117.3214,0.410817,0.347358
0.2132,118.3929,0.419331,0.350816
0.2132,119.4643,0.413235,0.348215
0.2132,120.5357,0.391228,0.338072
0.2132,121.6071,0.356988,0.322363
0.2132,122.6786,0.318362,0.301437
0.2132,123.7500,0.280700,0.275639
0.2132,124.8214,0.248771,0.244602
0.2132,125.8929,0.223393,0.210394
0.2132,126.9643,0.205107,0.176416
0.2132,128.0357,0.190367,0.145960
0.2132,129.1071,0.181349,0.121404
0.2132,130.1786,0.173880,0.103727
0.2132,131.2500,0.158201,0.092009
0.2132,132.3214,0.142046,0.084325
0.2132,133.3929,0.123787,0.079482
0.2132,134.4643,0.114217,0.076355
0.2132,135.5357,0.109590,0.074503
0.2132,136.6071,0.116179,0.073680
0.2132,137.6786,0.121687,0.073757
0.2132,138.7500,0.112593,0.075119
0.2132,139.8214,0.110542,0.077708
0.2132,140.8929,0.107757,0.081812
0.2132,141.9643,0.105308,0.086646
0.2132,143.0357,0.103043,0.091664
0.2132,144.1071,0.101522,0.095567
0.2132,145.1786,0.100034,0.098180
0.2132,146.2500,0.099048,0.099604
0.2132,147.3214,0.097234,0.100749
0.2132,148.3929,0.096105,0.101621
0.2132,149.4643,0.098723,0.102271
0.2132,150.5357,0.100606,0.102599
0.2132,151.6071,0.101704,0.102667
0.2132,152.6786,0.103073,0.102380
0.2132,153.7500,0.104348,0.102073
0.2132,154.8214,0.105967,0.101249
0.2132,155.8929,0.107813,0.099300
0.2132,156.9643,0.110149,0.095748
0.2132,158.0357,0.112315,0.091356
0.2132,159.1071,0.115809,0.087058
0.2132,160.1786,0.117492,0.083681
0.2132,161.2500,0.122434,0.081660
0.2132,162.3214,0.129702,0.080955
0.2132,163.3929,0.121507,0.081549
0.2132,164.4643,0.119095,0.083380
0.2132,165.5357,0.122722,0.086591
0.2132,166.6071,0.135836,0.091614
0.2132,167.6786,0.159817,0.099291
0.2132,168.7500,0.184644,0.110967
0.2132,169.8214,0.200281,0.128449
0.2132,170.8929,0.205136,0.152641
0.2132,171.9643,0.220335,0.183078
0.2132,173.0357,0.242224,0.217807
0.2132,174.1071,0.269599,0.253408
0.2132,175.1786,0.303110,0.285525
0.2132,176.2500,0.339264,0.310245
0.2132,177.3214,0.373327,0.327411
0.2132,178.3929,0.397448,0.338630
0.2132,179.4643,0.407942,0.344644
0.2132,180.5357,0.408190,0.344694
0.2132,181.6071,0.395038,0.337227
0.2132,182.6786,0.367578,0.324501
0.2132,183.7500,0.332272,0.306268
0.2132,184.8214,0.296051,0.280649
0.2132,185.8929,0.263530,0.248216
0.2132,186.9643,0.237139,0.212721
0.2132,188.0357,0.216193,0.178433
0.2132,189.1071,0.201896,0.148614
0.2132,190.1786,0.196918,0.125088
0.2132,191.2500,0.181251,0.108328
0.2132,192.3214,0.157383,0.097153
0.2132,193.3929,0.134241,0.089836
0.2132,194.4643,0.121523,0.085097
0.2132,195.5357,0.117898,0.082088
0.2132,196.6071,0.120602,0.080375
0.2132,197.6786,0.128656,0.079880
0.2132,198.7500,0.121205,0.080596
0.2132,199.8214,0.116420,0.082699
0.2132,200.8929,0.114668,0.086106
0.2132,201.9643,0.111160,0.090462
0.2132,203.0357,0.109093,0.094823
0.2132,204.1071,0.106734,0.098391
0.2132,205.1786,0.104880,0.100401
0.2132,206.2500,0.103335,0.101276
0.2132,207.3214,0.101995,0.101585
0.2132,208.3929,0.100680,0.101925
0.2132,209.4643,0.099662,0.101868
0.2132,210.5357,0.097644,0.101596
0.2132,211.6071,0.095340,0.100968
0.2132,212.6786,0.096910,0.100124
0.2132,213.7500,0.098655,0.099029
0.2132,214.8214,0.099721,0.097645
0.2132,215.8929,0.101200,0.095064
0.2132,216.9643,0.102794,0.091197
0.2132,218.0357,0.105108,0.086246
0.2132,219.1071,0.107583,0.081471
0.2132,220.1786,0.110296,0.077463
0.2132,221.2500,0.112578,0.074923
0.2132,222.3214,0.121528,0.073631
0.2132,223.3929,0.115924,0.073592
0.2132,224.4643,0.109649,0.074503
0.2132,225.5357,0.114254,0.076471
0.2132,226.6071,0.123908,0.079724
0.2132,227.6786,0.142574,0.084722
0.2132,228.7500,0.159110,0.092642
0.2132,229.8214,0.175077,0.104711
0.2132,230.8929,0.182308,0.122831
0.2132,231.9643,0.191578,0.147795
0.2132,233.0357,0.206833,0.178589
0.2132,234.1071,0.225625,0.212795
0.2132,235.1786,0.251618,0.247025
0.2132,236.2500,0.284041,0.277896
0.2132,237.3214,0.321992,0.303334
0.2132,238.3929,0.360427,0.323786
0.2132,239.4643,0.393758,0.339052
0.2132,240.5357,0.414365,0.348621
0.2132,241.6071,0.418897,0.350624
0.2132,242.6786,0.409219,0.346742
0.2132,243.7500,0.388231,0.337136
0.2132,244.8214,0.355935,0.320307
0.2132,245.8929,0.320256,0.293000
0.2132,246.9643,0.284718,0.258315
0.2132,248.0357,0.257437,0.221068
0.2132,249.1071,0.232272,0.186497
0.2132,250.1786,0.223261,0.157026
0.2132,251.2500,0.215160,0.134588
0.2132,252.3214,0.182446,0.118421
0.2132,253.3929,0.151127,0.107546
0.2132,254.4643,0.133835,0.100296
0.2132,255.5357,0.130207,0.095483
0.2132,256.6071,0.130382,0.092505
0.2132,257.6786,0.139156,0.091076
0.2132,258.7500,0.132713,0.091035
0.2132,259.8214,0.126764,0.092537
0.2132,260.8929,0.125183,0.095454
0.2132,261.9643,0.121246,0.099426
0.2132,263.0357,0.118638,0.103390
0.2132,264.1071,0.115860,0.106486
0.2132,265.1786,0.113725,0.107917
0.2132,266.2500,0.111623,0.108340
0.2132,267.3214,0.110023,0.108118
0.2132,268.3929,0.108551,0.108381
0.2132,269.4643,0.106965,0.108359
0.2132,270.5357,0.105406,0.105825
0.2132,271.6071,0.103347,0.105307
0.2132,272.6786,0.100218,0.104519
0.2132,273.7500,0.099656,0.102917
0.2132,274.8214,0.101631,0.101298
0.2132,275.8929,0.103170,0.098596
0.2132,276.9643,0.104296,0.094720
0.2132,278.0357,0.106224,0.089462
0.2132,279.1071,0.107906,0.084298
0.2132,280.1786,0.111393,0.079706
0.2132,281.2500,0.111624,0.076752
0.2132,282.3214,0.121570,0.075059
0.2132,283.3929,0.117853,0.074842
0.2132,284.4643,0.109214,0.075509
0.2132,285.5357,0.114547,0.077278
0.2132,286.6071,0.123840,0.080307
0.2132,287.6786,0.142143,0.085069
0.2132,288.7500,0.157338,0.092599
0.2132,289.8214,0.172804,0.104146
0.2132,290.8929,0.181567,0.121654
0.2132,291.9643,0.191243,0.146082
0.2132,293.0357,0.205742,0.177404
0.2132,294.1071,0.224658,0.212787
0.2132,295.1786,0.250711,0.248940
0.2132,296.2500,0.284259,0.282552
0.2132,297.3214,0.324868,0.311288
0.2132,298.3929,0.368091,0.335001
0.2132,299.4643,0.407632,0.353083
0.2132,300.5357,0.434523,0.364662
0.2132,301.6071,0.443441,0.367966
0.2132,302.6786,0.434362,0.364840
0.2132,303.7500,0.410450,0.355640
0.2132,304.8214,0.374142,0.338012
0.2132,305.8929,0.333831,0.308433
0.2132,306.9643,0.295055,0.270486
0.2132,308.0357,0.264542,0.230014
0.2132,309.1071,0.239133,0.192623
0.2132,310.1786,0.231255,0.161221
0.2132,311.2500,0.217657,0.137515
0.2132,312.3214,0.183979,0.120968
0.2132,313.3929,0.152755,0.109885
0.2132,314.4643,0.135308,0.102531
0.2132,315.5357,0.131196,0.097678
0.2132,316.6071,0.132096,0.094669
0.2132,317.6786,0.140687,0.093232
0.2132,318.7500,0.133051,0.093250
0.2132,319.8214,0.127069,0.094828
0.2132,320.8929,0.125422,0.097874
0.2132,321.9643,0.121511,0.101943
0.2132,323.0357,0.119160,0.105962
0.2132,324.1071,0.116703,0.108973
0.2132,325.1786,0.114812,0.110389
0.2132,326.2500,0.113097,0.110903
0.2132,327.3214,0.111966,0.111066
0.2132,328.3929,0.110665,0.111266
0.2132,329.4643,0.109610,0.111146
0.2132,330.5357,0.107755,0.110821
0.2132,331.6071,0.105109,0.110194
0.2132,332.6786,0.106084,0.109335
0.2132,333.7500,0.107936,0.108397
0.2132,334.8214,0.109062,0.107287
0.2132,335.8929,0.110271,0.105066
0.2132,336.9643,0.111815,0.101381
0.2132,338.0357,0.113855,0.096438
0.2132,339.1071,0.116433,0.091532
0.2132,340.1786,0.118719,0.087426
0.2132,341.2500,0.122180,0.084852
0.2132,342.3214,0.131848,0.083672
0.2132,343.3929,0.124856,0.083931
0.2132,344.4643,0.119220,0.085381
0.2132,345.5357,0.123787,0.088172
0.2132,346.6071,0.135781,0.092587
0.2132,347.6786,0.158628,0.099549
0.2132,348.7500,0.181214,0.110410
0.2132,349.8214,0.198613,0.126805
0.2132,350.8929,0.205012,0.151076
0.2132,351.9643,0.219574,0.183004
0.2132,353.0357,0.241636,0.220742
0.2132,354.1071,0.269878,0.260686
0.2132,355.1786,0.307001,0.298182
0.2132,356.2500,0.350411,0.329030
0.2132,357.3214,0.395125,0.351784
0.2132,358.3929,0.432308,0.367825
0.2132,359.4643,0.452160,0.377060
0.2223,0.5357,0.503063,0.411724
0.2223,1.6071,0.480412,0.403195
0.2223,2.6786,0.434367,0.385851
0.2223,3.7500,0.379793,0.358839
0.2223,4.8214,0.328001,0.322047
0.2223,5.8929,0.284889,0.278326
0.2223,6.9643,0.252877,0.233180
0.2223,8.0357,0.228274,0.191329
0.2223,9.1071,0.212375,0.156416
0.2223,10.1786,0.203912,0.130598
0.2223,11.2500,0.185141,0.113192
0.2223,12.3214,0.161366,0.101725
0.2223,13.3929,0.137618,0.094340
0.2223,14.4643,0.125203,0.089584
0.2223,15.5357,0.120649,0.086604
0.2223,16.6071,0.125863,0.085015
0.2223,17.6786,0.133289,0.084673
0.2223,18.7500,0.123779,0.085784
0.2223,19.8214,0.119970,0.088275
0.2223,20.8929,0.117737,0.092382
0.2223,21.9643,0.115024,0.097309
0.2223,23.0357,0.112987,0.102239
0.2223,24.1071,0.111403,0.105949
0.2223,25.1786,0.110210,0.108153
0.2223,26.2500,0.109205,0.109252
0.2223,27.3214,0.107454,0.110172
0.2223,28.3929,0.105819,0.110989
0.2223,29.4643,0.108217,0.111560
0.2223,30.5357,0.110321,0.111843
0.2223,31.6071,0.111239,0.111903
0.2223,32.6786,0.112512,0.111642
0.2223,33.7500,0.113543,0.111404
0.2223,34.8214,0.115039,0.110780
0.2223,35.8929,0.116984,0.109276
0.2223,36.9643,0.119298,0.106152
0.2223,38.0357,0.121595,0.102020
0.2223,39.1071,0.125389,0.097825
0.2223,40.1786,0.127002,0.094639
0.2223,41.2500,0.132666,0.092902
0.2223,42.3214,0.140548,0.092734
0.2223,43.3929,0.131831,0.094004
0.2223,44.4643,0.130459,0.096820
0.2223,45.5357,0.134441,0.101426
0.2223,46.6071,0.151449,0.108473
0.2223,47.6786,0.182118,0.119174
0.2223,48.7500,0.214259,0.135243
0.2223,49.8214,0.234722,0.159446
0.2223,50.8929,0.242295,0.192471
0.2223,51.9643,0.266116,0.233265
0.2223,53.0357,0.300100,0.279013
0.2223,54.1071,0.342537,0.324264
0.2223,55.1786,0.392100,0.361368
0.2223,56.2500,0.440597,0.384777
0.2223,57.3214,0.475989,0.396701
0.2223,58.3929,0.490721,0.401206
0.2223,59.4643,0.480852,0.398073
0.2223,60.5357,0.446595,0.385164
0.2223,61.6071,0.397206,0.363624
0.2223,62.6786,0.345165,0.335135
0.2223,63.7500,0.298334,0.300735
0.2223,64.8214,0.260758,0.261971
0.2223,65.8929,0.232721,0.221285
0.2223,66.9643,0.211875,0.182491
0.2223,68.0357,0.197209,0.149133
0.2223,69.1071,0.187103,0.123936
0.2223,70.1786,0.175371,0.105828
0.2223,71.2500,0.159689,0.093938
0.2223,72.3214,0.143992,0.086212
0.2223,73.3929,0.125335,0.081375
0.2223,74.4643,0.116043,0.078337
0.2223,75.5357,0.110721,0.076524
0.2223,76.6071,0.119297,0.075876
0.2223,77.6786,0.123385,0.076141
0.2223,78.7500,0.113413,0.077849
0.2223,79.8214,0.112921,0.080883
0.2223,80.8929,0.109543,0.085545
0.2223,81.9643,0.107795,0.090798
0.2223,83.0357,0.105887,0.096122
0.2223,84.1071,0.104774,0.100058
0.2223,85.1786,0.103233,0.102774
0.2223,86.2500,0.101227,0.104391
0.2223,87.3214,0.101745,0.105982
0.2223,88.3929,0.104871,0.106759
0.2223,89.4643,0.106921,0.107243
0.2223,90.5357,0.108459,0.109788
0.2223,91.6071,0.110007,0.109762
0.2223,92.6786,0.111417,0.109440
0.2223,93.7500,0.112969,0.109628
0.2223,94.8214,0.115026,0.109175
0.2223,95.8929,0.117076,0.107725
0.2223,96.9643,0.119767,0.104624
0.2223,98.0357,0.122273,0.100635
0.2223,99.1071,0.126161,0.096640
0.2223,100.1786,0.127757,0.093716
0.2223,101.2500,0.133676,0.092226
0.2223,102.3214,0.140064,0.092222
0.2223,103.3929,0.131301,0.093697
0.2223,104.4643,0.131176,0.096708
0.2223,105.5357,0.134747,0.101569
0.2223,106.6071,0.152533,0.109025
0.2223,107.6786,0.184085,0.120224
0.2223,108.7500,0.218049,0.136890
0.2223,109.8214,0.235184,0.161211
0.2223,110.8929,0.242370,0.193607
0.2223,111.9643,0.267629,0.232722
0.2223,113.0357,0.300256,0.275726
0.2223,114.1071,0.341104,0.316970
0.2223,115.1786,0.385324,0.349700
0.2223,116.2500,0.426295,0.369388
0.2223,117.3214,0.454232,0.379171
0.2223,118.3929,0.464734,0.382383
0.2223,119.4643,0.454344,0.378834
0.2223,120.5357,0.423562,0.366462
0.2223,121.6071,0.379809,0.346790
0.2223,122.6786,0.332814,0.320869
0.2223,123.7500,0.289602,0.289495
0.2223,124.8214,0.254596,0.253427
0.2223,125.8929,0.227705,0.215164
0.2223,126.9643,0.208255,0.178233
0.2223,128.0357,0.193578,0.145955
0.2223,129.1071,0.183309,0.121168
0.2223,130.1786,0.174054,0.103391
0.2223,131.2500,0.158328,0.091610
0.2223,132.3214,0.142215,0.083929
0.2223,133.3929,0.123962,0.079088
0.2223,134.4643,0.114366,0.075970
0.2223,135.5357,0.109626,0.074147
0.2223,136.6071,0.116238,0.073315
0.2223,137.6786,0.121818,0.073414
0.2223,138.7500,0.112714,0.074783
0.2223,139.8214,0.110585,0.077399
0.2223,140.8929,0.107824,0.081524
0.2223,141.9643,0.105318,0.086400
0.2223,143.0357,0.103015,0.091449
0.2223,144.1071,0.101445,0.095382
0.2223,145.1786,0.100018,0.098024
0.2223,146.2500,0.098955,0.099466
0.2223,147.3214,0.097190,0.100620
0.2223,148.3929,0.096006,0.101472
0.2223,149.4643,0.098617,0.102169
0.2223,150.5357,0.100537,0.102467
0.2223,151.6071,0.101593,0.102550
0.2223,152.6786,0.102995,0.102274
0.2223,153.7500,0.104223,0.101969
0.2223,154.8214,0.105859,0.101098
0.2223,155.8929,0.107773,0.099129
0.2223,156.9643,0.110150,0.095583
0.2223,158.0357,0.112227,0.091160
0.2223,159.1071,0.115769,0.086857
0.2223,160.1786,0.117467,0.083448
0.2223,161.2500,0.122443,0.081402
0.2223,162.3214,0.129708,0.080724
0.2223,163.3929,0.121437,0.081312
0.2223,164.4643,0.119035,0.083137
0.2223,165.5357,0.122690,0.086360
0.2223,166.6071,0.135798,0.091376
0.2223,167.6786,0.159824,0.099113
0.2223,168.7500,0.184596,0.110839
0.2223,169.8214,0.203148,0.128582
0.2223,170.8929,0.209247,0.154096
0.2223,171.9643,0.224741,0.187039
0.2223,173.0357,0.248711,0.225547
0.2223,174.1071,0.278434,0.266131
0.2223,175.1786,0.317055,0.303890
0.2223,176.2500,0.360851,0.334084
0.2223,177.3214,0.404207,0.355325
0.2223,178.3929,0.437429,0.369030
0.2223,179.4643,0.453306,0.376142
0.2223,180.5357,0.452685,0.376172
0.2223,181.6071,0.433309,0.367291
0.2223,182.6786,0.396566,0.351689
0.2223,183.7500,0.352195,0.329061
0.2223,184.8214,0.308873,0.297866
0.2223,185.8929,0.271506,0.259891
0.2223,186.9643,0.242974,0.219644
0.2223,188.0357,0.220385,0.181800
0.2223,189.1071,0.205582,0.149700
0.2223,190.1786,0.199331,0.125096
0.2223,191.2500,0.181224,0.108184
0.2223,192.3214,0.157413,0.096939
0.2223,193.3929,0.134226,0.089592
0.2223,194.4643,0.121492,0.084854
0.2223,195.5357,0.117846,0.081835
0.2223,196.6071,0.120583,0.080094
0.2223,197.6786,0.128686,0.079612
0.2223,198.7500,0.121239,0.080363
0.2223,199.8214,0.116404,0.082444
0.2223,200.8929,0.114628,0.085891
0.2223,201.9643,0.111127,0.090225
0.2223,203.0357,0.109053,0.094680
0.2223,204.1071,0.106694,0.098213
0.2223,205.1786,0.104796,0.100275
0.2223,206.2500,0.103248,0.101107
0.2223,207.3214,0.101900,0.101496
0.2223,208.3929,0.100610,0.101783
0.2223,209.4643,0.099585,0.101755
0.2223,210.5357,0.097539,0.101510
0.2223,211.6071,0.095241,0.100839
0.2223,212.6786,0.096818,0.099990
0.2223,213.7500,0.098621,0.098892
0.2223,214.8214,0.099667,0.097471
0.2223,215.8929,0.101111,0.094879
0.2223,216.9643,0.102799,0.090980
0.2223,218.0357,0.105100,0.085999
0.2223,219.1071,0.107588,0.081200
0.2223,220.1786,0.110372,0.077149
0.2223,221.2500,0.112698,0.074597
0.2223,222.3214,0.121651,0.073282
0.2223,223.3929,0.115972,0.073254
0.2223,224.4643,0.109678,0.074140
0.2223,225.5357,0.114383,0.076103
0.2223,226.6071,0.124065,0.079341
0.2223,227.6786,0.142726,0.084349
0.2223,228.7500,0.159231,0.092266
0.2223,229.8214,0.175262,0.104396
0.2223,230.8929,0.184501,0.122620
0.2223,231.9643,0.194845,0.147927
0.2223,233.0357,0.210179,0.180701
0.2223,234.1071,0.230200,0.217993
0.2223,235.1786,0.257961,0.256465
0.2223,236.2500,0.293671,0.292523
0.2223,237.3214,0.337455,0.323598
0.2223,238.3929,0.384497,0.348989
0.2223,239.4643,0.427600,0.368045
0.2223,240.5357,0.456548,0.379656
0.2223,241.6071,0.464710,0.382468
0.2223,242.6786,0.452256,0.378534
0.2223,243.7500,0.422863,0.367934
0.2223,244.8214,0.381183,0.347229
0.2223,245.8929,0.336692,0.313785
0.2223,246.9643,0.296552,0.272309
0.2223,248.0357,0.264156,0.229435
0.2223,249.1071,0.240009,0.190631
0.2223,250.1786,0.232852,0.158611
0.2223,251.2500,0.215074,0.134667
0.2223,252.3214,0.182341,0.118377
0.2223,253.3929,0.150976,0.107428
0.2223,254.4643,0.133614,0.100200
0.2223,255.5357,0.129990,0.095409
0.2223,256.6071,0.130139,0.092461
0.2223,257.6786,0.138856,0.091046
0.2223,258.7500,0.132467,0.091031
0.2223,259.8214,0.126537,0.092545
0.2223,260.8929,0.124879,0.095437
0.2223,261.9643,0.120960,0.099401
0.2223,263.0357,0.118419,0.103355
0.2223,264.1071,0.115648,0.106410
0.2223,265.1786,0.113535,0.107844
0.2223,266.2500,0.111452,0.108257
0.2223,267.3214,0.109870,0.108017
0.2223,268.3929,0.108411,0.108275
0.2223,269.4643,0.106836,0.108248
0.2223,270.5357,0.105288,0.105707
0.2223,271.6071,0.103237,0.105186
0.2223,272.6786,0.100120,0.104388
0.2223,273.7500,0.099561,0.102782
0.2223,274.8214,0.101545,0.101147
0.2223,275.8929,0.103098,0.098430
0.2223,276.9643,0.104231,0.094527
0.2223,278.0357,0.106189,0.089252
0.2223,279.1071,0.107878,0.084070
0.2223,280.1786,0.111391,0.079438
0.2223,281.2500,0.111663,0.076477
0.2223,282.3214,0.121616,0.074781
0.2223,283.3929,0.117890,0.074522
0.2223,284.4643,0.109209,0.075181
0.2223,285.5357,0.114637,0.076914
0.2223,286.6071,0.123974,0.079911
0.2223,287.6786,0.142251,0.084663
0.2223,288.7500,0.157360,0.092160
0.2223,289.8214,0.172936,0.103729
0.2223,290.8929,0.185032,0.121296
0.2223,291.9643,0.194985,0.145948
0.2223,293.0357,0.209028,0.178560
0.2223,294.1071,0.229293,0.216987
0.2223,295.1786,0.256281,0.257547
0.2223,296.2500,0.292806,0.296446
0.2223,297.3214,0.338810,0.331301
0.2223,298.3929,0.390742,0.360612
0.2223,299.4643,0.441051,0.383127
0.2223,300.5357,0.478207,0.397162
0.2223,301.6071,0.491565,0.401379
0.2223,302.6786,0.479756,0.397934
0.2223,303.7500,0.446379,0.387237
0.2223,304.8214,0.398543,0.365136
0.2223,305.8929,0.348926,0.328777
0.2223,306.9643,0.305470,0.283555
0.2223,308.0357,0.270422,0.237384
0.2223,309.1071,0.245546,0.196022
0.2223,310.1786,0.237951,0.162374
0.2223,311.2500,0.217472,0.137522
0.2223,312.3214,0.183859,0.120888
0.2223,313.3929,0.152612,0.109769
0.2223,314.4643,0.135135,0.102400
0.2223,315.5357,0.131016,0.097542
0.2223,316.6071,0.131904,0.094544
0.2223,317.6786,0.140489,0.093117
0.2223,318.7500,0.132870,0.093131
0.2223,319.8214,0.126900,0.094714
0.2223,320.8929,0.125264,0.097765
0.2223,321.9643,0.121384,0.101835
0.2223,323.0357,0.119070,0.105849
0.2223,324.1071,0.116582,0.108864
0.2223,325.1786,0.114588,0.110275
0.2223,326.2500,0.112955,0.110798
0.2223,327.3214,0.111850,0.110952
0.2223,328.3929,0.110561,0.111154
0.2223,329.4643,0.109468,0.111013
0.2223,330.5357,0.107620,0.110699
0.2223,331.6071,0.105016,0.110069
0.2223,332.6786,0.105958,0.109213
0.2223,333.7500,0.107866,0.108233
0.2223,334.8214,0.108983,0.107112
0.2223,335.8929,0.110242,0.104890
0.2223,336.9643,0.111767,0.101156
0.2223,338.0357,0.113814,0.096207
0.2223,339.1071,0.116409,0.091252
0.2223,340.1786,0.118755,0.087124
0.2223,341.2500,0.122239,0.084532
0.2223,342.3214,0.131944,0.083354
0.2223,343.3929,0.124848,0.083598
0.2223,344.4643,0.119237,0.085080
0.2223,345.5357,0.123793,0.087826
0.2223,346.6071,0.135813,0.092292
0.2223,347.6786,0.158673,0.099249
0.2223,348.7500,0.181303,0.110153
0.2223,349.8214,0.198999,0.126598
0.2223,350.8929,0.208089,0.151123
0.2223,351.9643,0.223091,0.184760
0.2223,353.0357,0.246042,0.225553
0.2223,354.1071,0.276422,0.269976
0.2223,355.1786,0.317179,0.313609
0.2223,356.2500,0.367597,0.351516
0.2223,357.3214,0.422415,0.380539
0.2223,358.3929,0.472826,0.400640
0.2223,359.4643,0.501130,0.411671
0.2314,0.5357,0.557399,0.449677
0.2314,1.6071,0.525328,0.439595
0.2314,2.6786,0.462899,0.417334
0.2314,3.7500,0.395394,0.381910
0.2314,4.8214,0.336558,0.336220
0.2314,5.8929,0.290287,0.285736
0.2314,6.9643,0.256735,0.236380
0.2314,8.0357,0.231564,0.191935
0.2314,9.1071,0.214671,0.156222
0.2314,10.1786,0.204042,0.130299
0.2314,11.2500,0.185184,0.112853
0.2314,12.3214,0.161449,0.101380
0.2314,13.3929,0.137650,0.093974
0.2314,14.4643,0.125209,0.089245
0.2314,15.5357,0.120688,0.086265
0.2314,16.6071,0.125893,0.084682
0.2314,17.6786,0.133375,0.084302
0.2314,18.7500,0.123863,0.085442
0.2314,19.8214,0.120006,0.087984
0.2314,20.8929,0.117720,0.092081
0.2314,21.9643,0.115015,0.097036
0.2314,23.0357,0.112939,0.101982
0.2314,24.1071,0.111305,0.105759
0.2314,25.1786,0.110176,0.107993
0.2314,26.2500,0.109127,0.109114
0.2314,27.3214,0.107336,0.110008
0.2314,28.3929,0.105719,0.110839
0.2314,29.4643,0.108091,0.111417
0.2314,30.5357,0.110187,0.111707
0.2314,31.6071,0.111143,0.111788
0.2314,32.6786,0.112384,0.111513
0.2314,33.7500,0.113457,0.111231
0.2314,34.8214,0.114904,0.110625
0.2314,35.8929,0.116870,0.109113
0.2314,36.9643,0.119243,0.105966
0.2314,38.0357,0.121528,0.101805
0.2314,39.1071,0.125352,0.097600
0.2314,40.1786,0.126961,0.094387
0.2314,41.2500,0.132620,0.092651
0.2314,42.3214,0.140514,0.092486
0.2314,43.3929,0.131740,0.093762
0.2314,44.4643,0.130373,0.096583
0.2314,45.5357,0.134361,0.101197
0.2314,46.6071,0.151386,0.108255
0.2314,47.6786,0.182062,0.118997
0.2314,48.7500,0.214128,0.135105
0.2314,49.8214,0.237593,0.159565
0.2314,50.8929,0.246459,0.194069
0.2314,51.9643,0.270482,0.237833
0.2314,53.0357,0.307203,0.288581
0.2314,54.1071,0.353756,0.341643
0.2314,55.1786,0.411865,0.387498
0.2314,56.2500,0.474923,0.417516
0.2314,57.3214,0.524265,0.432449
0.2314,58.3929,0.543805,0.437930
0.2314,59.4643,0.529861,0.434134
0.2314,60.5357,0.482420,0.418375
0.2314,61.6071,0.418455,0.390652
0.2314,62.6786,0.357469,0.354208
0.2314,63.7500,0.305555,0.312375
0.2314,64.8214,0.265413,0.268315
0.2314,65.8929,0.236121,0.223972
0.2314,66.9643,0.214850,0.182792
0.2314,68.0357,0.199522,0.148910
0.2314,69.1071,0.187918,0.123581
0.2314,70.1786,0.175460,0.105428
0.2314,71.2500,0.159788,0.093514
0.2314,72.3214,0.144212,0.085809
0.2314,73.3929,0.125527,0.080989
0.2314,74.4643,0.116187,0.077935
0.2314,75.5357,0.110808,0.076150
0.2314,76.6071,0.119347,0.075476
0.2314,77.6786,0.123552,0.075769
0.2314,78.7500,0.113538,0.077483
0.2314,79.8214,0.112996,0.080535
0.2314,80.8929,0.109588,0.085239
0.2314,81.9643,0.107808,0.090516
0.2314,83.0357,0.105863,0.095880
0.2314,84.1071,0.104732,0.099845
0.2314,85.1786,0.103181,0.102591
0.2314,86.2500,0.101151,0.104233
0.2314,87.3214,0.101663,0.105836
0.2314,88.3929,0.104775,0.106621
0.2314,89.4643,0.106817,0.107111
0.2314,90.5357,0.108347,0.109662
0.2314,91.6071,0.109893,0.109633
0.2314,92.6786,0.111297,0.109307
0.2314,93.7500,0.112844,0.109496
0.2314,94.8214,0.114896,0.109044
0.2314,95.8929,0.116945,0.107581
0.2314,96.9643,0.119630,0.104480
0.2314,98.0357,0.122120,0.100471
0.2314,99.1071,0.125943,0.096474
0.2314,100.1786,0.127632,0.093542
0.2314,101.2500,0.133590,0.092025
0.2314,102.3214,0.140026,0.092068
0.2314,103.3929,0.131140,0.093505
0.2314,104.4643,0.131049,0.096528
0.2314,105.5357,0.134643,0.101408
0.2314,106.6071,0.152411,0.108859
0.2314,107.6786,0.183971,0.120097
0.2314,108.7500,0.217853,0.136814
0.2314,109.8214,0.240158,0.161924
0.2314,110.8929,0.247968,0.196231
0.2314,111.9643,0.272930,0.238956
0.2314,113.0357,0.309222,0.287450
0.2314,114.1071,0.354538,0.336193
0.2314,115.1786,0.407879,0.376329
0.2314,116.2500,0.461607,0.401127
0.2314,117.3214,0.500440,0.412884
0.2314,118.3929,0.514170,0.416667
0.2314,119.4643,0.499353,0.412271
0.2314,120.5357,0.457326,0.397343
0.2314,121.6071,0.401661,0.372704
0.2314,122.6786,0.346015,0.340540
0.2314,123.7500,0.297758,0.302616
0.2314,124.8214,0.259850,0.261189
0.2314,125.8929,0.232021,0.218725
0.2314,126.9643,0.211510,0.178963
0.2314,128.0357,0.196959,0.145745
0.2314,129.1071,0.186597,0.120815
0.2314,130.1786,0.174145,0.102961
0.2314,131.2500,0.158345,0.091175
0.2314,132.3214,0.142298,0.083505
0.2314,133.3929,0.124117,0.078695
0.2314,134.4643,0.114453,0.075615
0.2314,135.5357,0.109623,0.073811
0.2314,136.6071,0.116307,0.072996
0.2314,137.6786,0.121877,0.073109
0.2314,138.7500,0.112749,0.074492
0.2314,139.8214,0.110600,0.077166
0.2314,140.8929,0.107775,0.081256
0.2314,141.9643,0.105256,0.086212
0.2314,143.0357,0.102987,0.091215
0.2314,144.1071,0.101410,0.095219
0.2314,145.1786,0.099924,0.097874
0.2314,146.2500,0.098904,0.099303
0.2314,147.3214,0.097083,0.100488
0.2314,148.3929,0.095899,0.101381
0.2314,149.4643,0.098504,0.102051
0.2314,150.5357,0.100425,0.102336
0.2314,151.6071,0.101523,0.102456
0.2314,152.6786,0.102893,0.102130
0.2314,153.7500,0.104168,0.101819
0.2314,154.8214,0.105847,0.100927
0.2314,155.8929,0.107698,0.098929
0.2314,156.9643,0.110069,0.095383
0.2314,158.0357,0.112233,0.090942
0.2314,159.1071,0.115744,0.086565
0.2314,160.1786,0.117475,0.083167
0.2314,161.2500,0.122535,0.081111
0.2314,162.3214,0.129751,0.080397
0.2314,163.3929,0.121431,0.081007
0.2314,164.4643,0.119041,0.082844
0.2314,165.5357,0.122659,0.086061
0.2314,166.6071,0.135821,0.091098
0.2314,167.6786,0.159862,0.098855
0.2314,168.7500,0.184633,0.110618
0.2314,169.8214,0.203965,0.128437
0.2314,170.8929,0.212459,0.154483
0.2314,171.9643,0.228457,0.189384
0.2314,173.0357,0.253423,0.231159
0.2314,174.1071,0.285500,0.276474
0.2314,175.1786,0.328477,0.320606
0.2314,176.2500,0.379860,0.357725
0.2314,177.3214,0.433910,0.384634
0.2314,178.3929,0.479698,0.401684
0.2314,179.4643,0.502457,0.410110
0.2314,180.5357,0.501043,0.410154
0.2314,181.6071,0.473518,0.399616
0.2314,182.6786,0.423839,0.380181
0.2314,183.7500,0.369518,0.351510
0.2314,184.8214,0.319219,0.313389
0.2314,185.8929,0.278215,0.269328
0.2314,186.9643,0.247523,0.224606
0.2314,188.0357,0.223992,0.183729
0.2314,189.1071,0.208766,0.149847
0.2314,190.1786,0.199768,0.124923
0.2314,191.2500,0.181314,0.107935
0.2314,192.3214,0.157458,0.096667
0.2314,193.3929,0.134265,0.089293
0.2314,194.4643,0.121491,0.084548
0.2314,195.5357,0.117861,0.081507
0.2314,196.6071,0.120586,0.079796
0.2314,197.6786,0.128731,0.079284
0.2314,198.7500,0.121322,0.080064
0.2314,199.8214,0.116440,0.082163
0.2314,200.8929,0.114619,0.085598
0.2314,201.9643,0.111134,0.089999
0.2314,203.0357,0.108980,0.094443
0.2314,204.1071,0.106612,0.098050
0.2314,205.1786,0.104801,0.100097
0.2314,206.2500,0.103139,0.100989
0.2314,207.3214,0.101838,0.101359
0.2314,208.3929,0.100499,0.101646
0.2314,209.4643,0.099473,0.101631
0.2314,210.5357,0.097478,0.101385
0.2314,211.6071,0.095173,0.100714
0.2314,212.6786,0.096711,0.099865
0.2314,213.7500,0.098513,0.098760
0.2314,214.8214,0.099573,0.097305
0.2314,215.8929,0.101076,0.094708
0.2314,216.9643,0.102718,0.090808
0.2314,218.0357,0.105086,0.085787
0.2314,219.1071,0.107532,0.080962
0.2314,220.1786,0.110392,0.076890
0.2314,221.2500,0.112745,0.074331
0.2314,222.3214,0.121666,0.072993
0.2314,223.3929,0.115972,0.072934
0.2314,224.4643,0.109718,0.073821
0.2314,225.5357,0.114458,0.075737
0.2314,226.6071,0.124201,0.078960
0.2314,227.6786,0.142803,0.083925
0.2314,228.7500,0.159230,0.091828
0.2314,229.8214,0.175349,0.103972
0.2314,230.8929,0.188030,0.122280
0.2314,231.9643,0.198422,0.147732
0.2314,233.0357,0.213474,0.181637
0.2314,234.1071,0.234686,0.221881
0.2314,235.1786,0.263362,0.264692
0.2314,236.2500,0.302200,0.306265
0.2314,237.3214,0.351365,0.343969
0.2314,238.3929,0.407343,0.375549
0.2314,239.4643,0.462789,0.399318
0.2314,240.5357,0.502469,0.413272
0.2314,241.6071,0.514215,0.416752
0.2314,242.6786,0.497719,0.412087
0.2314,243.7500,0.456886,0.399226
0.2314,244.8214,0.402675,0.373170
0.2314,245.8929,0.349343,0.332194
0.2314,246.9643,0.304961,0.283384
0.2314,248.0357,0.269197,0.235260
0.2314,249.1071,0.245409,0.193057
0.2314,250.1786,0.237245,0.159183
0.2314,251.2500,0.214907,0.134599
0.2314,252.3214,0.182258,0.118239
0.2314,253.3929,0.150867,0.107269
0.2314,254.4643,0.133503,0.099987
0.2314,255.5357,0.129887,0.095229
0.2314,256.6071,0.130035,0.092262
0.2314,257.6786,0.138797,0.090842
0.2314,258.7500,0.132409,0.090848
0.2314,259.8214,0.126411,0.092340
0.2314,260.8929,0.124702,0.095270
0.2314,261.9643,0.120802,0.099229
0.2314,263.0357,0.118291,0.103185
0.2314,264.1071,0.115524,0.106274
0.2314,265.1786,0.113410,0.107698
0.2314,266.2500,0.111330,0.108115
0.2314,267.3214,0.109752,0.107886
0.2314,268.3929,0.108299,0.108149
0.2314,269.4643,0.106727,0.108119
0.2314,270.5357,0.105186,0.105573
0.2314,271.6071,0.103148,0.105047
0.2314,272.6786,0.100038,0.104236
0.2314,273.7500,0.099496,0.102615
0.2314,274.8214,0.101491,0.100965
0.2314,275.8929,0.103074,0.098210
0.2314,276.9643,0.104218,0.094276
0.2314,278.0357,0.106201,0.088970
0.2314,279.1071,0.107937,0.083726
0.2314,280.1786,0.111483,0.079092
0.2314,281.2500,0.111809,0.076084
0.2314,282.3214,0.121804,0.074384
0.2314,283.3929,0.117966,0.074130
0.2314,284.4643,0.109308,0.074774
0.2314,285.5357,0.114823,0.076511
0.2314,286.6071,0.124153,0.079517
0.2314,287.6786,0.142479,0.084221
0.2314,288.7500,0.157474,0.091751
0.2314,289.8214,0.173040,0.103338
0.2314,290.8929,0.185375,0.120943
0.2314,291.9643,0.197088,0.145677
0.2314,293.0357,0.211854,0.178672
0.2314,294.1071,0.232413,0.219257
0.2314,295.1786,0.260682,0.263175
0.2314,296.2500,0.299492,0.307138
0.2314,297.3214,0.350086,0.349223
0.2314,298.3929,0.410573,0.386662
0.2314,299.4643,0.474712,0.415785
0.2314,300.5357,0.525903,0.433071
0.2314,301.6071,0.544704,0.438162
0.2314,302.6786,0.529455,0.433970
0.2314,303.7500,0.482920,0.420688
0.2314,304.8214,0.419698,0.392383
0.2314,305.8929,0.361007,0.347298
0.2314,306.9643,0.313007,0.293918
0.2314,308.0357,0.275063,0.242408
0.2314,309.1071,0.250111,0.197888
0.2314,310.1786,0.241300,0.162613
0.2314,311.2500,0.217313,0.137407
0.2314,312.3214,0.183784,0.120727
0.2314,313.3929,0.152524,0.109570
0.2314,314.4643,0.135042,0.102183
0.2314,315.5357,0.130906,0.097327
0.2314,316.6071,0.131807,0.094318
0.2314,317.6786,0.140437,0.092873
0.2314,318.7500,0.132835,0.092899
0.2314,319.8214,0.126806,0.094489
0.2314,320.8929,0.125209,0.097550
0.2314,321.9643,0.121316,0.101634
0.2314,323.0357,0.118988,0.105667
0.2314,324.1071,0.116426,0.108700
0.2314,325.1786,0.114518,0.110137
0.2314,326.2500,0.112813,0.110650
0.2314,327.3214,0.111715,0.110815
0.2314,328.3929,0.110419,0.111014
0.2314,329.4643,0.109379,0.110876
0.2314,330.5357,0.107486,0.110593
0.2314,331.6071,0.104965,0.109919
0.2314,332.6786,0.105833,0.109049
0.2314,333.7500,0.107780,0.108062
0.2314,334.8214,0.108912,0.106945
0.2314,335.8929,0.110186,0.104670
0.2314,336.9643,0.111719,0.100922
0.2314,338.0357,0.113774,0.095947
0.2314,339.1071,0.116422,0.090959
0.2314,340.1786,0.118799,0.086793
0.2314,341.2500,0.122348,0.084190
0.2314,342.3214,0.132026,0.083015
0.2314,343.3929,0.124899,0.083227
0.2314,344.4643,0.119245,0.084714
0.2314,345.5357,0.123816,0.087492
0.2314,346.6071,0.135860,0.091922
0.2314,347.6786,0.158733,0.098874
0.2314,348.7500,0.181374,0.109786
0.2314,349.8214,0.199118,0.126283
0.2314,350.8929,0.210060,0.150900
0.2314,351.9643,0.226324,0.185011
0.2314,353.0357,0.249487,0.228083
0.2314,354.1071,0.281201,0.276299
0.2314,355.1786,0.324675,0.326007
0.2314,356.2500,0.381173,0.372427
0.2314,357.3214,0.447146,0.410211
0.2314,358.3929,0.514196,0.436232
0.2314,359.4643,0.554283,0.449532
0.2405,0.5357,0.615145,0.490828
0.2405,1.6071,0.570277,0.478681
0.2405,2.6786,0.487623,0.449737
0.2405,3.7500,0.407197,0.403087
0.2405,4.8214,0.343060,0.346995
0.2405,5.8929,0.295137,0.290040
0.2405,6.9643,0.259591,0.237098
0.2405,8.0357,0.235257,0.191630
0.2405,9.1071,0.218652,0.155757
0.2405,10.1786,0.203991,0.129780
0.2405,11.2500,0.185176,0.112346
0.2405,12.3214,0.161444,0.100919
0.2405,13.3929,0.137701,0.093582
0.2405,14.4643,0.125215,0.088888
0.2405,15.5357,0.120687,0.085936
0.2405,16.6071,0.125885,0.084343
0.2405,17.6786,0.133394,0.084028
0.2405,18.7500,0.123838,0.085148
0.2405,19.8214,0.119985,0.087723
0.2405,20.8929,0.117655,0.091833
0.2405,21.9643,0.114926,0.096820
0.2405,23.0357,0.112858,0.101819
0.2405,24.1071,0.111209,0.105561
0.2405,25.1786,0.110028,0.107840
0.2405,26.2500,0.109025,0.108911
0.2405,27.3214,0.107235,0.109886
0.2405,28.3929,0.105577,0.110683
0.2405,29.4643,0.107985,0.111274
0.2405,30.5357,0.110090,0.111589
0.2405,31.6071,0.111008,0.111644
0.2405,32.6786,0.112297,0.111357
0.2405,33.7500,0.113287,0.111075
0.2405,34.8214,0.114840,0.110463
0.2405,35.8929,0.116749,0.108891
0.2405,36.9643,0.119216,0.105734
0.2405,38.0357,0.121521,0.101508
0.2405,39.1071,0.125290,0.097323
0.2405,40.1786,0.126987,0.094074
0.2405,41.2500,0.132684,0.092322
0.2405,42.3214,0.140571,0.092154
0.2405,43.3929,0.131737,0.093436
0.2405,44.4643,0.130323,0.096264
0.2405,45.5357,0.134345,0.100887
0.2405,46.6071,0.151363,0.107952
0.2405,47.6786,0.182073,0.118707
0.2405,48.7500,0.214094,0.134840
0.2405,49.8214,0.238213,0.159359
0.2405,50.8929,0.249368,0.194274
0.2405,51.9643,0.274394,0.240100
0.2405,53.0357,0.312458,0.294864
0.2405,54.1071,0.362282,0.355831
0.2405,55.1786,0.427527,0.413010
0.2405,56.2500,0.508291,0.452715
0.2405,57.3214,0.576164,0.472101
0.2405,58.3929,0.602249,0.478545
0.2405,59.4643,0.582879,0.473983
0.2405,60.5357,0.517397,0.454204
0.2405,61.6071,0.435442,0.417317
0.2405,62.6786,0.366295,0.370111
0.2405,63.7500,0.310478,0.320469
0.2405,64.8214,0.268886,0.271841
0.2405,65.8929,0.238784,0.224677
0.2405,66.9643,0.217316,0.182530
0.2405,68.0357,0.201294,0.148496
0.2405,69.1071,0.188086,0.123099
0.2405,70.1786,0.175550,0.104947
0.2405,71.2500,0.159917,0.093062
0.2405,72.3214,0.144445,0.085331
0.2405,73.3929,0.125719,0.080558
0.2405,74.4643,0.116389,0.077503
0.2405,75.5357,0.110893,0.075736
0.2405,76.6071,0.119455,0.075064
0.2405,77.6786,0.123681,0.075359
0.2405,78.7500,0.113732,0.077095
0.2405,79.8214,0.113092,0.080164
0.2405,80.8929,0.109631,0.084884
0.2405,81.9643,0.107815,0.090225
0.2405,83.0357,0.105853,0.095619
0.2405,84.1071,0.104690,0.099622
0.2405,85.1786,0.103117,0.102394
0.2405,86.2500,0.101076,0.104056
0.2405,87.3214,0.101571,0.105675
0.2405,88.3929,0.104676,0.106472
0.2405,89.4643,0.106708,0.106966
0.2405,90.5357,0.108233,0.109518
0.2405,91.6071,0.109776,0.109488
0.2405,92.6786,0.111178,0.109161
0.2405,93.7500,0.112727,0.109338
0.2405,94.8214,0.114783,0.108868
0.2405,95.8929,0.116832,0.107398
0.2405,96.9643,0.119536,0.104272
0.2405,98.0357,0.122018,0.100239
0.2405,99.1071,0.125850,0.096226
0.2405,100.1786,0.127430,0.093277
0.2405,101.2500,0.133599,0.091764
0.2405,102.3214,0.140116,0.091784
0.2405,103.3929,0.131120,0.093226
0.2405,104.4643,0.130986,0.096271
0.2405,105.5357,0.134596,0.101160
0.2405,106.6071,0.152364,0.108615
0.2405,107.6786,0.183958,0.119893
0.2405,108.7500,0.217732,0.136643
0.2405,109.8214,0.242562,0.161881
0.2405,110.8929,0.251715,0.197465
0.2405,111.9643,0.277150,0.242894
0.2405,113.0357,0.315895,0.296314
0.2405,114.1071,0.365281,0.353356
0.2405,115.1786,0.427111,0.403241
0.2405,116.2500,0.497411,0.435251
0.2405,117.3214,0.551189,0.450003
0.2405,118.3929,0.569019,0.454580
0.2405,119.4643,0.548494,0.449350
0.2405,120.5357,0.490815,0.430842
0.2405,121.6071,0.419944,0.398662
0.2405,122.6786,0.356021,0.357453
0.2405,123.7500,0.303574,0.312077
0.2405,124.8214,0.263882,0.265842
0.2405,125.8929,0.234973,0.220275
0.2405,126.9643,0.214112,0.178841
0.2405,128.0357,0.199156,0.145442
0.2405,129.1071,0.186739,0.120416
0.2405,130.1786,0.174189,0.102532
0.2405,131.2500,0.158491,0.090757
0.2405,132.3214,0.142490,0.083048
0.2405,133.3929,0.124333,0.078305
0.2405,134.4643,0.114627,0.075197
0.2405,135.5357,0.109740,0.073406
0.2405,136.6071,0.116340,0.072562
0.2405,137.6786,0.122006,0.072729
0.2405,138.7500,0.112929,0.074109
0.2405,139.8214,0.110749,0.076754
0.2405,140.8929,0.107829,0.080972
0.2405,141.9643,0.105277,0.085859
0.2405,143.0357,0.102948,0.091004
0.2405,144.1071,0.101396,0.094970
0.2405,145.1786,0.099852,0.097672
0.2405,146.2500,0.098818,0.099152
0.2405,147.3214,0.097031,0.100343
0.2405,148.3929,0.095793,0.101243
0.2405,149.4643,0.098436,0.101913
0.2405,150.5357,0.100356,0.102199
0.2405,151.6071,0.101412,0.102312
0.2405,152.6786,0.102823,0.101980
0.2405,153.7500,0.104059,0.101655
0.2405,154.8214,0.105747,0.100773
0.2405,155.8929,0.107666,0.098722
0.2405,156.9643,0.110069,0.095161
0.2405,158.0357,0.112186,0.090674
0.2405,159.1071,0.115773,0.086277
0.2405,160.1786,0.117500,0.082830
0.2405,161.2500,0.122627,0.080774
0.2405,162.3214,0.129845,0.080055
0.2405,163.3929,0.121464,0.080665
0.2405,164.4643,0.119043,0.082491
0.2405,165.5357,0.122694,0.085736
0.2405,166.6071,0.135869,0.090746
0.2405,167.6786,0.159907,0.098530
0.2405,168.7500,0.184676,0.110293
0.2405,169.8214,0.204115,0.128172
0.2405,170.8929,0.214798,0.154305
0.2405,171.9643,0.231830,0.190105
0.2405,173.0357,0.257368,0.234453
0.2405,174.1071,0.290978,0.283946
0.2405,175.1786,0.337122,0.334766
0.2405,176.2500,0.395381,0.380595
0.2405,177.3214,0.462109,0.415653
0.2405,178.3929,0.523828,0.437413
0.2405,179.4643,0.555904,0.447325
0.2405,180.5357,0.553485,0.447301
0.2405,181.6071,0.514668,0.434699
0.2405,182.6786,0.448863,0.409702
0.2405,183.7500,0.383298,0.372557
0.2405,184.8214,0.326943,0.326018
0.2405,185.8929,0.283130,0.275834
0.2405,186.9643,0.251068,0.227322
0.2405,188.0357,0.227314,0.184101
0.2405,189.1071,0.210797,0.149646
0.2405,190.1786,0.199876,0.124630
0.2405,191.2500,0.181359,0.107609
0.2405,192.3214,0.157548,0.096297
0.2405,193.3929,0.134274,0.088960
0.2405,194.4643,0.121535,0.084182
0.2405,195.5357,0.117877,0.081154
0.2405,196.6071,0.120627,0.079439
0.2405,197.6786,0.128836,0.078958
0.2405,198.7500,0.121439,0.079696
0.2405,199.8214,0.116472,0.081844
0.2405,200.8929,0.114619,0.085303
0.2405,201.9643,0.111118,0.089731
0.2405,203.0357,0.108947,0.094221
0.2405,204.1071,0.106563,0.097829
0.2405,205.1786,0.104709,0.099918
0.2405,206.2500,0.103084,0.100818
0.2405,207.3214,0.101767,0.101208
0.2405,208.3929,0.100388,0.101538
0.2405,209.4643,0.099404,0.101493
0.2405,210.5357,0.097365,0.101248
0.2405,211.6071,0.095074,0.100576
0.2405,212.6786,0.096659,0.099714
0.2405,213.7500,0.098427,0.098572
0.2405,214.8214,0.099551,0.097141
0.2405,215.8929,0.101061,0.094499
0.2405,216.9643,0.102672,0.090508
0.2405,218.0357,0.105120,0.085482
0.2405,219.1071,0.107579,0.080627
0.2405,220.1786,0.110483,0.076529
0.2405,221.2500,0.112886,0.073923
0.2405,222.3214,0.121910,0.072575
0.2405,223.3929,0.116068,0.072538
0.2405,224.4643,0.109749,0.073410
0.2405,225.5357,0.114632,0.075335
0.2405,226.6071,0.124392,0.078575
0.2405,227.6786,0.143018,0.083490
0.2405,228.7500,0.159323,0.091401
0.2405,229.8214,0.175428,0.103552
0.2405,230.8929,0.188191,0.121897
0.2405,231.9643,0.200583,0.147442
0.2405,233.0357,0.216129,0.181570
0.2405,234.1071,0.237693,0.223669
0.2405,235.1786,0.267603,0.269700
0.2405,236.2500,0.308338,0.316279
0.2405,237.3214,0.362014,0.361699
0.2405,238.3929,0.426663,0.402362
0.2405,239.4643,0.497998,0.433370
0.2405,240.5357,0.552785,0.450503
0.2405,241.6071,0.569037,0.454662
0.2405,242.6786,0.547359,0.449020
0.2405,243.7500,0.490962,0.432812
0.2405,244.8214,0.420762,0.399158
0.2405,245.8929,0.359492,0.348515
0.2405,246.9643,0.311384,0.291663
0.2405,248.0357,0.273355,0.238907
0.2405,249.1071,0.248858,0.194055
0.2405,250.1786,0.239420,0.159127
0.2405,251.2500,0.214797,0.134428
0.2405,252.3214,0.182257,0.118011
0.2405,253.3929,0.150855,0.107025
0.2405,254.4643,0.133458,0.099738
0.2405,255.5357,0.129827,0.094951
0.2405,256.6071,0.130008,0.091974
0.2405,257.6786,0.138967,0.090567
0.2405,258.7500,0.132395,0.090554
0.2405,259.8214,0.126218,0.092075
0.2405,260.8929,0.124602,0.095001
0.2405,261.9643,0.120731,0.098991
0.2405,263.0357,0.118176,0.102988
0.2405,264.1071,0.115415,0.106067
0.2405,265.1786,0.113309,0.107531
0.2405,266.2500,0.111216,0.107961
0.2405,267.3214,0.109635,0.107730
0.2405,268.3929,0.108187,0.108002
0.2405,269.4643,0.106613,0.107976
0.2405,270.5357,0.105078,0.105428
0.2405,271.6071,0.103047,0.104894
0.2405,272.6786,0.099947,0.104078
0.2405,273.7500,0.099422,0.102437
0.2405,274.8214,0.101437,0.100768
0.2405,275.8929,0.103032,0.097986
0.2405,276.9643,0.104210,0.094015
0.2405,278.0357,0.106211,0.088668
0.2405,279.1071,0.107985,0.083399
0.2405,280.1786,0.111589,0.078708
0.2405,281.2500,0.111993,0.075697
0.2405,282.3214,0.121936,0.073974
0.2405,283.3929,0.118050,0.073701
0.2405,284.4643,0.109441,0.074373
0.2405,285.5357,0.115026,0.076079
0.2405,286.6071,0.124363,0.079064
0.2405,287.6786,0.142748,0.083782
0.2405,288.7500,0.157611,0.091268
0.2405,289.8214,0.173109,0.102817
0.2405,290.8929,0.185597,0.120461
0.2405,291.9643,0.198711,0.145279
0.2405,293.0357,0.214354,0.178399
0.2405,294.1071,0.234909,0.219658
0.2405,295.1786,0.263960,0.266268
0.2405,296.2500,0.304031,0.314444
0.2405,297.3214,0.358111,0.363872
0.2405,298.3929,0.426033,0.411826
0.2405,299.4643,0.507042,0.450642
0.2405,300.5357,0.577069,0.472767
0.2405,301.6071,0.603315,0.478952
0.2405,302.6786,0.583220,0.474049
0.2405,303.7500,0.518743,0.456894
0.2405,304.8214,0.436985,0.419381
0.2405,305.8929,0.370249,0.362709
0.2405,306.9643,0.318687,0.300806
0.2405,308.0357,0.278994,0.244913
0.2405,309.1071,0.253042,0.198182
0.2405,310.1786,0.242159,0.162409
0.2405,311.2500,0.217258,0.137153
0.2405,312.3214,0.183789,0.120443
0.2405,313.3929,0.152507,0.109273
0.2405,314.4643,0.135021,0.101884
0.2405,315.5357,0.130868,0.097018
0.2405,316.6071,0.131793,0.094002
0.2405,317.6786,0.140469,0.092557
0.2405,318.7500,0.132875,0.092570
0.2405,319.8214,0.126832,0.094192
0.2405,320.8929,0.125140,0.097268
0.2405,321.9643,0.121303,0.101381
0.2405,323.0357,0.118941,0.105427
0.2405,324.1071,0.116319,0.108504
0.2405,325.1786,0.114404,0.109936
0.2405,326.2500,0.112741,0.110500
0.2405,327.3214,0.111580,0.110659
0.2405,328.3929,0.110330,0.110871
0.2405,329.4643,0.109244,0.110765
0.2405,330.5357,0.107388,0.110399
0.2405,331.6071,0.104782,0.109805
0.2405,332.6786,0.105764,0.108892
0.2405,333.7500,0.107647,0.107925
0.2405,334.8214,0.108817,0.106761
0.2405,335.8929,0.110090,0.104501
0.2405,336.9643,0.111605,0.100722
0.2405,338.0357,0.113732,0.095703
0.2405,339.1071,0.116387,0.090716
0.2405,340.1786,0.118766,0.086531
0.2405,341.2500,0.122340,0.083881
0.2405,342.3214,0.132083,0.082696
0.2405,343.3929,0.124878,0.082932
0.2405,344.4643,0.119276,0.084375
0.2405,345.5357,0.123866,0.087101
0.2405,346.6071,0.135912,0.091514
0.2405,347.6786,0.158805,0.098415
0.2405,348.7500,0.181375,0.109278
0.2405,349.8214,0.199110,0.125751
0.2405,350.8929,0.213646,0.150418
0.2405,351.9643,0.229689,0.184683
0.2405,353.0357,0.252417,0.228442
0.2405,354.1071,0.285856,0.279916
0.2405,355.1786,0.330649,0.335292
0.2405,356.2500,0.391717,0.391190
0.2405,357.3214,0.468051,0.440417
0.2405,358.3929,0.554820,0.474528
0.2405,359.4643,0.610500,0.490729
0.2496,0.5357,0.680070,0.538677
0.2496,1.6071,0.617508,0.523292
0.2496,2.6786,0.508968,0.482582
0.2496,3.7500,0.415490,0.419385
0.2496,4.8214,0.347720,0.352566
0.2496,5.8929,0.298093,0.291114
0.2496,6.9643,0.262316,0.236820
0.2496,8.0357,0.236886,0.191225
0.2496,9.1071,0.218759,0.155279
0.2496,10.1786,0.204054,0.129289
0.2496,11.2500,0.185240,0.111864
0.2496,12.3214,0.161580,0.100449
0.2496,13.3929,0.137812,0.093152
0.2496,14.4643,0.125310,0.088442
0.2496,15.5357,0.120733,0.085490
0.2496,16.6071,0.125965,0.083933
0.2496,17.6786,0.133548,0.083585
0.2496,18.7500,0.124014,0.084719
0.2496,19.8214,0.120034,0.087303
0.2496,20.8929,0.117693,0.091479
0.2496,21.9643,0.114941,0.096482
0.2496,23.0357,0.112818,0.101506
0.2496,24.1071,0.111153,0.105329
0.2496,25.1786,0.109949,0.107621
0.2496,26.2500,0.108947,0.108739
0.2496,27.3214,0.107094,0.109675
0.2496,28.3929,0.105485,0.110542
0.2496,29.4643,0.107878,0.111148
0.2496,30.5357,0.109903,0.111387
0.2496,31.6071,0.110912,0.111475
0.2496,32.6786,0.112155,0.111153
0.2496,33.7500,0.113208,0.110950
0.2496,34.8214,0.114719,0.110200
0.2496,35.8929,0.116628,0.108672
0.2496,36.9643,0.119188,0.105501
0.2496,38.0357,0.121454,0.101243
0.2496,39.1071,0.125290,0.096967
0.2496,40.1786,0.127032,0.093699
0.2496,41.2500,0.132765,0.091992
0.2496,42.3214,0.140658,0.091737
0.2496,43.3929,0.131745,0.093071
0.2496,44.4643,0.130340,0.095890
0.2496,45.5357,0.134330,0.100533
0.2496,46.6071,0.151378,0.107582
0.2496,47.6786,0.182085,0.118320
0.2496,48.7500,0.214085,0.134453
0.2496,49.8214,0.238279,0.158992
0.2496,50.8929,0.251451,0.193981
0.2496,51.9643,0.277374,0.240204
0.2496,53.0357,0.316261,0.297427
0.2496,54.1071,0.368453,0.365175
0.2496,55.1786,0.438597,0.436028
0.2496,56.2500,0.539255,0.490095
0.2496,57.3214,0.631261,0.516548
0.2496,58.3929,0.666704,0.524427
0.2496,59.4643,0.639309,0.519006
0.2496,60.5357,0.549762,0.492650
0.2496,61.6071,0.447674,0.441793
0.2496,62.6786,0.372447,0.381355
0.2496,63.7500,0.314221,0.324726
0.2496,64.8214,0.271525,0.272716
0.2496,65.8929,0.240820,0.224358
0.2496,66.9643,0.219292,0.182039
0.2496,68.0357,0.202170,0.147916
0.2496,69.1071,0.188450,0.122514
0.2496,70.1786,0.175659,0.104348
0.2496,71.2500,0.160156,0.092479
0.2496,72.3214,0.144806,0.084841
0.2496,73.3929,0.125967,0.080069
0.2496,74.4643,0.116601,0.077048
0.2496,75.5357,0.111065,0.075305
0.2496,76.6071,0.119547,0.074648
0.2496,77.6786,0.123782,0.074946
0.2496,78.7500,0.113868,0.076690
0.2496,79.8214,0.113204,0.079792
0.2496,80.8929,0.109682,0.084553
0.2496,81.9643,0.107832,0.089916
0.2496,83.0357,0.105825,0.095348
0.2496,84.1071,0.104641,0.099380
0.2496,85.1786,0.103053,0.102192
0.2496,86.2500,0.100992,0.103862
0.2496,87.3214,0.101470,0.105504
0.2496,88.3929,0.104567,0.106310
0.2496,89.4643,0.106590,0.106808
0.2496,90.5357,0.108111,0.109362
0.2496,91.6071,0.109657,0.109327
0.2496,92.6786,0.111060,0.108992
0.2496,93.7500,0.112620,0.109158
0.2496,94.8214,0.114679,0.108677
0.2496,95.8929,0.116730,0.107179
0.2496,96.9643,0.119463,0.104026
0.2496,98.0357,0.121936,0.099963
0.2496,99.1071,0.125791,0.095912
0.2496,100.1786,0.127380,0.092935
0.2496,101.2500,0.133522,0.091417
0.2496,102.3214,0.140345,0.091436
0.2496,103.3929,0.131137,0.092882
0.2496,104.4643,0.131008,0.095909
0.2496,105.5357,0.134571,0.100831
0.2496,106.6071,0.152377,0.108296
0.2496,107.6786,0.183969,0.119562
0.2496,108.7500,0.217731,0.136335
0.2496,109.8214,0.242840,0.161622
0.2496,110.8929,0.254590,0.197374
0.2496,111.9643,0.280918,0.244361
0.2496,113.0357,0.320843,0.301595
0.2496,114.1071,0.373329,0.366967
0.2496,115.1786,0.442538,0.429571
0.2496,116.2500,0.532031,0.472254
0.2496,117.3214,0.605768,0.491519
0.2496,118.3929,0.629452,0.496829
0.2496,119.4643,0.600719,0.490481
0.2496,120.5357,0.522283,0.466453
0.2496,121.6071,0.433584,0.423118
0.2496,122.6786,0.363083,0.370485
0.2496,123.7500,0.307714,0.317978
0.2496,124.8214,0.266822,0.267941
0.2496,125.8929,0.237273,0.220245
0.2496,126.9643,0.216505,0.178464
0.2496,128.0357,0.200278,0.144965
0.2496,129.1071,0.187034,0.119891
0.2496,130.1786,0.174292,0.102025
0.2496,131.2500,0.158655,0.090202
0.2496,132.3214,0.142807,0.082612
0.2496,133.3929,0.124502,0.077820
0.2496,134.4643,0.114863,0.074785
0.2496,135.5357,0.109907,0.072951
0.2496,136.6071,0.116423,0.072220
0.2496,137.6786,0.122155,0.072290
0.2496,138.7500,0.113093,0.073679
0.2496,139.8214,0.110854,0.076393
0.2496,140.8929,0.107840,0.080632
0.2496,141.9643,0.105304,0.085555
0.2496,143.0357,0.102954,0.090746
0.2496,144.1071,0.101382,0.094754
0.2496,145.1786,0.099772,0.097470
0.2496,146.2500,0.098774,0.098988
0.2496,147.3214,0.096876,0.100157
0.2496,148.3929,0.095725,0.101058
0.2496,149.4643,0.098315,0.101762
0.2496,150.5357,0.100221,0.102092
0.2496,151.6071,0.101319,0.102139
0.2496,152.6786,0.102657,0.101863
0.2496,153.7500,0.103964,0.101497
0.2496,154.8214,0.105600,0.100602
0.2496,155.8929,0.107594,0.098567
0.2496,156.9643,0.109964,0.094932
0.2496,158.0357,0.112113,0.090479
0.2496,159.1071,0.115716,0.086043
0.2496,160.1786,0.117478,0.082598
0.2496,161.2500,0.122610,0.080484
0.2496,162.3214,0.129847,0.079787
0.2496,163.3929,0.121440,0.080362
0.2496,164.4643,0.119049,0.082175
0.2496,165.5357,0.122716,0.085377
0.2496,166.6071,0.135857,0.090357
0.2496,167.6786,0.159932,0.098052
0.2496,168.7500,0.184613,0.109806
0.2496,169.8214,0.204034,0.127668
0.2496,170.8929,0.219259,0.153850
0.2496,171.9643,0.235825,0.189808
0.2496,173.0357,0.260267,0.235252
0.2496,174.1071,0.296051,0.288360
0.2496,175.1786,0.343745,0.345707
0.2496,176.2500,0.407230,0.401770
0.2496,177.3214,0.486452,0.447533
0.2496,178.3929,0.567611,0.475533
0.2496,179.4643,0.612205,0.487331
0.2496,180.5357,0.608579,0.487371
0.2496,181.6071,0.555042,0.472280
0.2496,182.6786,0.470205,0.439975
0.2496,183.7500,0.394182,0.391871
0.2496,184.8214,0.333237,0.335782
0.2496,185.8929,0.288114,0.279706
0.2496,186.9643,0.254119,0.227814
0.2496,188.0357,0.231060,0.183779
0.2496,189.1071,0.215047,0.149186
0.2496,190.1786,0.199864,0.124105
0.2496,191.2500,0.181325,0.107101
0.2496,192.3214,0.157567,0.095850
0.2496,193.3929,0.134325,0.088539
0.2496,194.4643,0.121552,0.083835
0.2496,195.5357,0.117901,0.080831
0.2496,196.6071,0.120624,0.079136
0.2496,197.6786,0.128863,0.078660
0.2496,198.7500,0.121423,0.079438
0.2496,199.8214,0.116431,0.081578
0.2496,200.8929,0.114583,0.085103
0.2496,201.9643,0.111013,0.089501
0.2496,203.0357,0.108875,0.094049
0.2496,204.1071,0.106491,0.097643
0.2496,205.1786,0.104569,0.099754
0.2496,206.2500,0.102951,0.100700
0.2496,207.3214,0.101633,0.101051
0.2496,208.3929,0.100295,0.101400
0.2496,209.4643,0.099276,0.101349
0.2496,210.5357,0.097237,0.101058
0.2496,211.6071,0.094960,0.100431
0.2496,212.6786,0.096544,0.099562
0.2496,213.7500,0.098383,0.098371
0.2496,214.8214,0.099472,0.096939
0.2496,215.8929,0.101002,0.094283
0.2496,216.9643,0.102725,0.090249
0.2496,218.0357,0.105093,0.085178
0.2496,219.1071,0.107689,0.080275
0.2496,220.1786,0.110531,0.076162
0.2496,221.2500,0.113102,0.073545
0.2496,222.3214,0.121994,0.072136
0.2496,223.3929,0.116157,0.072147
0.2496,224.4643,0.109922,0.072954
0.2496,225.5357,0.114806,0.074923
0.2496,226.6071,0.124615,0.078100
0.2496,227.6786,0.143329,0.082978
0.2496,228.7500,0.159482,0.090939
0.2496,229.8214,0.175472,0.103027
0.2496,230.8929,0.188446,0.121345
0.2496,231.9643,0.201821,0.147005
0.2496,233.0357,0.218600,0.181229
0.2496,234.1071,0.240017,0.223743
0.2496,235.1786,0.270563,0.272057
0.2496,236.2500,0.312693,0.322658
0.2496,237.3214,0.369596,0.375686
0.2496,238.3929,0.441437,0.428154
0.2496,239.4643,0.531626,0.469958
0.2496,240.5357,0.606848,0.491920
0.2496,241.6071,0.629422,0.496852
0.2496,242.6786,0.600590,0.490281
0.2496,243.7500,0.523525,0.468929
0.2496,244.8214,0.434585,0.424093
0.2496,245.8929,0.367078,0.361008
0.2496,246.9643,0.315970,0.296463
0.2496,248.0357,0.276989,0.240209
0.2496,249.1071,0.251729,0.193931
0.2496,250.1786,0.239546,0.158870
0.2496,251.2500,0.214795,0.134094
0.2496,252.3214,0.182268,0.117698
0.2496,253.3929,0.150849,0.106683
0.2496,254.4643,0.133479,0.099410
0.2496,255.5357,0.129835,0.094589
0.2496,256.6071,0.130025,0.091623
0.2496,257.6786,0.139174,0.090202
0.2496,258.7500,0.132304,0.090216
0.2496,259.8214,0.126184,0.091733
0.2496,260.8929,0.124551,0.094694
0.2496,261.9643,0.120663,0.098713
0.2496,263.0357,0.118108,0.102731
0.2496,264.1071,0.115325,0.105855
0.2496,265.1786,0.113207,0.107332
0.2496,266.2500,0.111106,0.107773
0.2496,267.3214,0.109525,0.107566
0.2496,268.3929,0.108064,0.107840
0.2496,269.4643,0.106494,0.107818
0.2496,270.5357,0.104963,0.105269
0.2496,271.6071,0.102938,0.104732
0.2496,272.6786,0.099853,0.103905
0.2496,273.7500,0.099336,0.102246
0.2496,274.8214,0.101377,0.100549
0.2496,275.8929,0.102988,0.097749
0.2496,276.9643,0.104189,0.093740
0.2496,278.0357,0.106234,0.088355
0.2496,279.1071,0.108047,0.083052
0.2496,280.1786,0.111723,0.078336
0.2496,281.2500,0.112121,0.075295
0.2496,282.3214,0.122044,0.073563
0.2496,283.3929,0.118126,0.073287
0.2496,284.4643,0.109631,0.073929
0.2496,285.5357,0.115255,0.075625
0.2496,286.6071,0.124615,0.078597
0.2496,287.6786,0.143121,0.083252
0.2496,288.7500,0.157878,0.090702
0.2496,289.8214,0.173255,0.102240
0.2496,290.8929,0.185940,0.119870
0.2496,291.9643,0.199481,0.144672
0.2496,293.0357,0.216052,0.177904
0.2496,294.1071,0.236981,0.219320
0.2496,295.1786,0.266534,0.266904
0.2496,296.2500,0.307564,0.318131
0.2496,297.3214,0.363645,0.373822
0.2496,298.3929,0.436896,0.434166
0.2496,299.4643,0.536091,0.487501
0.2496,300.5357,0.630772,0.517377
0.2496,301.6071,0.667932,0.524926
0.2496,302.6786,0.640555,0.518961
0.2496,303.7500,0.552822,0.495841
0.2496,304.8214,0.450050,0.444574
0.2496,305.8929,0.376881,0.373361
0.2496,306.9643,0.322621,0.303798
0.2496,308.0357,0.282130,0.245140
0.2496,309.1071,0.255350,0.197887
0.2496,310.1786,0.242208,0.162058
0.2496,311.2500,0.217217,0.136775
0.2496,312.3214,0.183824,0.120061
0.2496,313.3929,0.152474,0.108902
0.2496,314.4643,0.135041,0.101519
0.2496,315.5357,0.130842,0.096628
0.2496,316.6071,0.131794,0.093621
0.2496,317.6786,0.140555,0.092204
0.2496,318.7500,0.132950,0.092198
0.2496,319.8214,0.126870,0.093816
0.2496,320.8929,0.125146,0.096962
0.2496,321.9643,0.121290,0.101062
0.2496,323.0357,0.118833,0.105200
0.2496,324.1071,0.116263,0.108239
0.2496,325.1786,0.114276,0.109762
0.2496,326.2500,0.112613,0.110289
0.2496,327.3214,0.111486,0.110490
0.2496,328.3929,0.110188,0.110708
0.2496,329.4643,0.109102,0.110602
0.2496,330.5357,0.107238,0.110273
0.2496,331.6071,0.104724,0.109592
0.2496,332.6786,0.105630,0.108743
0.2496,333.7500,0.107569,0.107720
0.2496,334.8214,0.108738,0.106573
0.2496,335.8929,0.109999,0.104231
0.2496,336.9643,0.111598,0.100416
0.2496,338.0357,0.113748,0.095385
0.2496,339.1071,0.116403,0.090334
0.2496,340.1786,0.118835,0.086104
0.2496,341.2500,0.122525,0.083477
0.2496,342.3214,0.132227,0.082275
0.2496,343.3929,0.124971,0.082471
0.2496,344.4643,0.119322,0.083922
0.2496,345.5357,0.123923,0.086701
0.2496,346.6071,0.136071,0.091067
0.2496,347.6786,0.158934,0.097938
0.2496,348.7500,0.181459,0.108784
0.2496,349.8214,0.199122,0.125253
0.2496,350.8929,0.213738,0.149919
0.2496,351.9643,0.231347,0.184241
0.2496,353.0357,0.254802,0.228110
0.2496,354.1071,0.288466,0.280479
0.2496,355.1786,0.334772,0.339464
0.2496,356.2500,0.398681,0.404287
0.2496,357.3214,0.484737,0.469392
0.2496,358.3929,0.596030,0.517283
0.2496,359.4643,0.672978,0.538399
0.2527,0.5357,0.703312,0.556339
0.2527,1.6071,0.633474,0.539357
0.2527,2.6786,0.514975,0.493264
0.2527,3.7500,0.417523,0.423424
0.2527,4.8214,0.348977,0.353324
0.2527,5.8929,0.298945,0.291019
0.2527,6.9643,0.262839,0.236660
0.2527,8.0357,0.237415,0.191031
0.2527,9.1071,0.218821,0.155077
0.2527,10.1786,0.204061,0.129098
0.2527,11.2500,0.185278,0.111668
0.2527,12.3214,0.161654,0.100296
0.2527,13.3929,0.137833,0.092978
0.2527,14.4643,0.125319,0.088307
0.2527,15.5357,0.120774,0.085334
0.2527,16.6071,0.125986,0.083775
0.2527,17.6786,0.133603,0.083437
0.2527,18.7500,0.124055,0.084566
0.2527,19.8214,0.120078,0.087167
0.2527,20.8929,0.117693,0.091340
0.2527,21.9643,0.114925,0.096359
0.2527,23.0357,0.112802,0.101442
0.2527,24.1071,0.111129,0.105214
0.2527,25.1786,0.109926,0.107552
0.2527,26.2500,0.108908,0.108684
0.2527,27.3214,0.107063,0.109614
0.2527,28.3929,0.105438,0.110459
0.2527,29.4643,0.107797,0.111058
0.2527,30.5357,0.109911,0.111348
0.2527,31.6071,0.110829,0.111430
0.2527,32.6786,0.112126,0.111108
0.2527,33.7500,0.113172,0.110856
0.2527,34.8214,0.114691,0.110157
0.2527,35.8929,0.116607,0.108577
0.2527,36.9643,0.119115,0.105406
0.2527,38.0357,0.121447,0.101147
0.2527,39.1071,0.125296,0.096833
0.2527,40.1786,0.126988,0.093619
0.2527,41.2500,0.132848,0.091819
0.2527,42.3214,0.140671,0.091631
0.2527,43.3929,0.131735,0.092932
0.2527,44.4643,0.130394,0.095714
0.2527,45.5357,0.134335,0.100381
0.2527,46.6071,0.151400,0.107457
0.2527,47.6786,0.182118,0.118161
0.2527,48.7500,0.214077,0.134287
0.2527,49.8214,0.238279,0.158824
0.2527,50.8929,0.251867,0.193833
0.2527,51.9643,0.278324,0.240088
0.2527,53.0357,0.317449,0.297520
0.2527,54.1071,0.370138,0.367108
0.2527,55.1786,0.441455,0.442853
0.2527,56.2500,0.548971,0.503132
0.2527,57.3214,0.650496,0.532922
0.2527,58.3929,0.690026,0.541437
0.2527,59.4643,0.658963,0.535595
0.2527,60.5357,0.559853,0.506021
0.2527,61.6071,0.450813,0.448986
0.2527,62.6786,0.374009,0.383710
0.2527,63.7500,0.315143,0.325300
0.2527,64.8214,0.272329,0.272652
0.2527,65.8929,0.241421,0.224206
0.2527,66.9643,0.219559,0.181838
0.2527,68.0357,0.202253,0.147695
0.2527,69.1071,0.188506,0.122309
0.2527,70.1786,0.175736,0.104137
0.2527,71.2500,0.160196,0.092328
0.2527,72.3214,0.144944,0.084641
0.2527,73.3929,0.126080,0.079906
0.2527,74.4643,0.116672,0.076905
0.2527,75.5357,0.111135,0.075139
0.2527,76.6071,0.119560,0.074505
0.2527,77.6786,0.123823,0.074782
0.2527,78.7500,0.113927,0.076553
0.2527,79.8214,0.113265,0.079652
0.2527,80.8929,0.109721,0.084417
0.2527,81.9643,0.107833,0.089800
0.2527,83.0357,0.105817,0.095242
0.2527,84.1071,0.104642,0.099294
0.2527,85.1786,0.103027,0.102101
0.2527,86.2500,0.100966,0.103798
0.2527,87.3214,0.101438,0.105437
0.2527,88.3929,0.104527,0.106250
0.2527,89.4643,0.106550,0.106750
0.2527,90.5357,0.108070,0.109306
0.2527,91.6071,0.109615,0.109268
0.2527,92.6786,0.111019,0.108930
0.2527,93.7500,0.112581,0.109092
0.2527,94.8214,0.114642,0.108603
0.2527,95.8929,0.116713,0.107103
0.2527,96.9643,0.119417,0.103924
0.2527,98.0357,0.121933,0.099873
0.2527,99.1071,0.125783,0.095792
0.2527,100.1786,0.127362,0.092822
0.2527,101.2500,0.133513,0.091286
0.2527,102.3214,0.140382,0.091302
0.2527,103.3929,0.131156,0.092750
0.2527,104.4643,0.131007,0.095809
0.2527,105.5357,0.134592,0.100685
0.2527,106.6071,0.152374,0.108167
0.2527,107.6786,0.183980,0.119411
0.2527,108.7500,0.217733,0.136224
0.2527,109.8214,0.242853,0.161521
0.2527,110.8929,0.255397,0.197255
0.2527,111.9643,0.281877,0.244362
0.2527,113.0357,0.322116,0.302552
0.2527,114.1071,0.375539,0.370404
0.2527,115.1786,0.446745,0.437847
0.2527,116.2500,0.543146,0.485180
0.2527,117.3214,0.624837,0.506498
0.2527,118.3929,0.651096,0.512259
0.2527,119.4643,0.618827,0.505440
0.2527,120.5357,0.532149,0.478874
0.2527,121.6071,0.437221,0.430770
0.2527,122.6786,0.364982,0.373920
0.2527,123.7500,0.308935,0.319245
0.2527,124.8214,0.267764,0.268139
0.2527,125.8929,0.238023,0.220128
0.2527,126.9643,0.217153,0.178299
0.2527,128.0357,0.200704,0.144737
0.2527,129.1071,0.187162,0.119727
0.2527,130.1786,0.174294,0.101756
0.2527,131.2500,0.158714,0.090025
0.2527,132.3214,0.142913,0.082414
0.2527,133.3929,0.124634,0.077663
0.2527,134.4643,0.114907,0.074672
0.2527,135.5357,0.109941,0.072825
0.2527,136.6071,0.116414,0.072032
0.2527,137.6786,0.122213,0.072142
0.2527,138.7500,0.113137,0.073569
0.2527,139.8214,0.110887,0.076267
0.2527,140.8929,0.107860,0.080502
0.2527,141.9643,0.105366,0.085470
0.2527,143.0357,0.102901,0.090662
0.2527,144.1071,0.101323,0.094671
0.2527,145.1786,0.099816,0.097426
0.2527,146.2500,0.098703,0.098864
0.2527,147.3214,0.096854,0.100118
0.2527,148.3929,0.095710,0.101019
0.2527,149.4643,0.098285,0.101729
0.2527,150.5357,0.100155,0.102014
0.2527,151.6071,0.101295,0.102098
0.2527,152.6786,0.102618,0.101781
0.2527,153.7500,0.103940,0.101449
0.2527,154.8214,0.105576,0.100546
0.2527,155.8929,0.107578,0.098466
0.2527,156.9643,0.109964,0.094875
0.2527,158.0357,0.112113,0.090370
0.2527,159.1071,0.115716,0.085919
0.2527,160.1786,0.117503,0.082475
0.2527,161.2500,0.122635,0.080352
0.2527,162.3214,0.129922,0.079654
0.2527,163.3929,0.121470,0.080218
0.2527,164.4643,0.119075,0.082035
0.2527,165.5357,0.122741,0.085230
0.2527,166.6071,0.135910,0.090222
0.2527,167.6786,0.159982,0.097911
0.2527,168.7500,0.184652,0.109652
0.2527,169.8214,0.204094,0.127514
0.2527,170.8929,0.219374,0.153722
0.2527,171.9643,0.236429,0.189708
0.2527,173.0357,0.261280,0.235221
0.2527,174.1071,0.297337,0.289168
0.2527,175.1786,0.345644,0.348312
0.2527,176.2500,0.410517,0.408004
0.2527,177.3214,0.494208,0.458529
0.2527,178.3929,0.583104,0.489653
0.2527,179.4643,0.632928,0.502344
0.2527,180.5357,0.628703,0.502346
0.2527,181.6071,0.568955,0.485988
0.2527,182.6786,0.476682,0.450015
0.2527,183.7500,0.397065,0.397189
0.2527,184.8214,0.334862,0.337878
0.2527,185.8929,0.289141,0.280295
0.2527,186.9643,0.255119,0.227731
0.2527,188.0357,0.231681,0.183682
0.2527,189.1071,0.215062,0.149034
0.2527,190.1786,0.199843,0.123964
0.2527,191.2500,0.181361,0.106947
0.2527,192.3214,0.157601,0.095702
0.2527,193.3929,0.134330,0.088405
0.2527,194.4643,0.121583,0.083688
0.2527,195.5357,0.117919,0.080688
0.2527,196.6071,0.120638,0.079006
0.2527,197.6786,0.128945,0.078495
0.2527,198.7500,0.121456,0.079301
0.2527,199.8214,0.116475,0.081449
0.2527,200.8929,0.114562,0.084937
0.2527,201.9643,0.111045,0.089420
0.2527,203.0357,0.108867,0.093920
0.2527,204.1071,0.106483,0.097602
0.2527,205.1786,0.104553,0.099691
0.2527,206.2500,0.102935,0.100612
0.2527,207.3214,0.101610,0.100975
0.2527,208.3929,0.100230,0.101353
0.2527,209.4643,0.099253,0.101315
0.2527,210.5357,0.097214,0.101025
0.2527,211.6071,0.094930,0.100352
0.2527,212.6786,0.096537,0.099482
0.2527,213.7500,0.098312,0.098376
0.2527,214.8214,0.099465,0.096851
0.2527,215.8929,0.100995,0.094153
0.2527,216.9643,0.102672,0.090206
0.2527,218.0357,0.105106,0.085093
0.2527,219.1071,0.107709,0.080145
0.2527,220.1786,0.110621,0.076042
0.2527,221.2500,0.113114,0.073382
0.2527,222.3214,0.122033,0.072041
0.2527,223.3929,0.116216,0.071953
0.2527,224.4643,0.109949,0.072834
0.2527,225.5357,0.114924,0.074759
0.2527,226.6071,0.124694,0.077943
0.2527,227.6786,0.143382,0.082843
0.2527,228.7500,0.159599,0.090709
0.2527,229.8214,0.175497,0.102826
0.2527,230.8929,0.188568,0.121181
0.2527,231.9643,0.202241,0.146804
0.2527,233.0357,0.219279,0.181036
0.2527,234.1071,0.240723,0.223625
0.2527,235.1786,0.271458,0.272289
0.2527,236.2500,0.313949,0.324006
0.2527,237.3214,0.371641,0.379351
0.2527,238.3929,0.445388,0.436227
0.2527,239.4643,0.542224,0.482670
0.2527,240.5357,0.625430,0.506851
0.2527,241.6071,0.650800,0.512088
0.2527,242.6786,0.618823,0.505011
0.2527,243.7500,0.533737,0.481309
0.2527,244.8214,0.438219,0.431719
0.2527,245.8929,0.369115,0.364070
0.2527,246.9643,0.317178,0.297258
0.2527,248.0357,0.277981,0.240163
0.2527,249.1071,0.252460,0.193862
0.2527,250.1786,0.239544,0.158755
0.2527,251.2500,0.214792,0.133958
0.2527,252.3214,0.182280,0.117571
0.2527,253.3929,0.150874,0.106539
0.2527,254.4643,0.133477,0.099263
0.2527,255.5357,0.129856,0.094473
0.2527,256.6071,0.130061,0.091484
0.2527,257.6786,0.139170,0.090079
0.2527,258.7500,0.132354,0.090062
0.2527,259.8214,0.126185,0.091597
0.2527,260.8929,0.124534,0.094586
0.2527,261.9643,0.120651,0.098602
0.2527,263.0357,0.118065,0.102625
0.2527,264.1071,0.115306,0.105774
0.2527,265.1786,0.113165,0.107245
0.2527,266.2500,0.111067,0.107705
0.2527,267.3214,0.109478,0.107501
0.2527,268.3929,0.108021,0.107778
0.2527,269.4643,0.106449,0.107757
0.2527,270.5357,0.104919,0.105205
0.2527,271.6071,0.102901,0.104666
0.2527,272.6786,0.099817,0.103832
0.2527,273.7500,0.099304,0.102175
0.2527,274.8214,0.101352,0.100464
0.2527,275.8929,0.102982,0.097646
0.2527,276.9643,0.104181,0.093636
0.2527,278.0357,0.106255,0.088231
0.2527,279.1071,0.108078,0.082921
0.2527,280.1786,0.111781,0.078188
0.2527,281.2500,0.112152,0.075149
0.2527,282.3214,0.122103,0.073424
0.2527,283.3929,0.118164,0.073139
0.2527,284.4643,0.109679,0.073763
0.2527,285.5357,0.115318,0.075496
0.2527,286.6071,0.124691,0.078427
0.2527,287.6786,0.143214,0.083083
0.2527,288.7500,0.157941,0.090516
0.2527,289.8214,0.173325,0.102054
0.2527,290.8929,0.185988,0.119652
0.2527,291.9643,0.199564,0.144452
0.2527,293.0357,0.216281,0.177703
0.2527,294.1071,0.237587,0.219156
0.2527,295.1786,0.267228,0.266807
0.2527,296.2500,0.308300,0.318521
0.2527,297.3214,0.365025,0.375765
0.2527,298.3929,0.439661,0.440520
0.2527,299.4643,0.545015,0.500243
0.2527,300.5357,0.649571,0.533988
0.2527,301.6071,0.691639,0.542255
0.2527,302.6786,0.661051,0.535838
0.2527,303.7500,0.564030,0.509792
0.2527,304.8214,0.453490,0.452364
0.2527,305.8929,0.378722,0.375700
0.2527,306.9643,0.323855,0.303981
0.2527,308.0357,0.283075,0.245019
0.2527,309.1071,0.255752,0.197745
0.2527,310.1786,0.242247,0.161894
0.2527,311.2500,0.217215,0.136615
0.2527,312.3214,0.183851,0.119906
0.2527,313.3929,0.152497,0.108754
0.2527,314.4643,0.135034,0.101371
0.2527,315.5357,0.130835,0.096507
0.2527,316.6071,0.131785,0.093481
0.2527,317.6786,0.140628,0.092045
0.2527,318.7500,0.132975,0.092083
0.2527,319.8214,0.126877,0.093736
0.2527,320.8929,0.125153,0.096827
0.2527,321.9643,0.121229,0.100972
0.2527,323.0357,0.118813,0.105057
0.2527,324.1071,0.116250,0.108190
0.2527,325.1786,0.114197,0.109668
0.2527,326.2500,0.112585,0.110245
0.2527,327.3214,0.111457,0.110446
0.2527,328.3929,0.110105,0.110623
0.2527,329.4643,0.109109,0.110557
0.2527,330.5357,0.107200,0.110189
0.2527,331.6071,0.104643,0.109552
0.2527,332.6786,0.105599,0.108654
0.2527,333.7500,0.107537,0.107665
0.2527,334.8214,0.108706,0.106497
0.2527,335.8929,0.109975,0.104154
0.2527,336.9643,0.111590,0.100323
0.2527,338.0357,0.113740,0.095269
0.2527,339.1071,0.116395,0.090196
0.2527,340.1786,0.118888,0.086001
0.2527,341.2500,0.122557,0.083299
0.2527,342.3214,0.132306,0.082128
0.2527,343.3929,0.124980,0.082313
0.2527,344.4643,0.119364,0.083781
0.2527,345.5357,0.123949,0.086540
0.2527,346.6071,0.136109,0.090894
0.2527,347.6786,0.159047,0.097778
0.2527,348.7500,0.181484,0.108602
0.2527,349.8214,0.199128,0.125048
0.2527,350.8929,0.213812,0.149710
0.2527,351.9643,0.231796,0.184027
0.2527,353.0357,0.255441,0.227950
0.2527,354.1071,0.289214,0.280365
0.2527,355.1786,0.335952,0.339923
0.2527,356.2500,0.400459,0.407289
0.2527,357.3214,0.489143,0.478502
0.2527,358.3929,0.609660,0.532536
0.2527,359.4643,0.695127,0.556033
0.2539,0.5357,0.713169,0.563914
0.2539,1.6071,0.640087,0.546147
0.2539,2.6786,0.517294,0.497603
0.2539,3.7500,0.418310,0.424906
0.2539,4.8214,0.349462,0.353517
0.2539,5.8929,0.299251,0.290967
0.2539,6.9643,0.263080,0.236589
0.2539,8.0357,0.237633,0.190943
0.2539,9.1071,0.218830,0.154985
0.2539,10.1786,0.204062,0.129018
0.2539,11.2500,0.185305,0.111606
0.2539,12.3214,0.161691,0.100207
0.2539,13.3929,0.137841,0.092923
0.2539,14.4643,0.125346,0.088236
0.2539,15.5357,0.120772,0.085271
0.2539,16.6071,0.125999,0.083714
0.2539,17.6786,0.133623,0.083348
0.2539,18.7500,0.124089,0.084516
0.2539,19.8214,0.120086,0.087108
0.2539,20.8929,0.117693,0.091275
0.2539,21.9643,0.114925,0.096344
0.2539,23.0357,0.112786,0.101371
0.2539,24.1071,0.111156,0.105209
0.2539,25.1786,0.109910,0.107486
0.2539,26.2500,0.108854,0.108657
0.2539,27.3214,0.107088,0.109593
0.2539,28.3929,0.105381,0.110446
0.2539,29.4643,0.107818,0.111038
0.2539,30.5357,0.109851,0.111322
0.2539,31.6071,0.110807,0.111377
0.2539,32.6786,0.112096,0.111131
0.2539,33.7500,0.113109,0.110801
0.2539,34.8214,0.114670,0.110138
0.2539,35.8929,0.116586,0.108565
0.2539,36.9643,0.119094,0.105394
0.2539,38.0357,0.121427,0.101135
0.2539,39.1071,0.125277,0.096809
0.2539,40.1786,0.126956,0.093601
0.2539,41.2500,0.132771,0.091790
0.2539,42.3214,0.140626,0.091656
0.2539,43.3929,0.131682,0.092893
0.2539,44.4643,0.130334,0.095714
0.2539,45.5357,0.134336,0.100328
0.2539,46.6071,0.151322,0.107390
0.2539,47.6786,0.182017,0.118067
0.2539,48.7500,0.213959,0.134161
0.2539,49.8214,0.238145,0.158677
0.2539,50.8929,0.253813,0.193686
0.2539,51.9643,0.279336,0.239978
0.2539,53.0357,0.317705,0.297492
0.2539,54.1071,0.371210,0.367938
0.2539,55.1786,0.442599,0.445990
0.2539,56.2500,0.552988,0.508992
0.2539,57.3214,0.658426,0.539951
0.2539,58.3929,0.699708,0.548494
0.2539,59.4643,0.666829,0.542404
0.2539,60.5357,0.563611,0.511284
0.2539,61.6071,0.451820,0.451531
0.2539,62.6786,0.374456,0.384421
0.2539,63.7500,0.315434,0.325406
0.2539,64.8214,0.272572,0.272594
0.2539,65.8929,0.241658,0.224140
0.2539,66.9643,0.219602,0.181742
0.2539,68.0357,0.202314,0.147606
0.2539,69.1071,0.188538,0.122210
0.2539,70.1786,0.175733,0.104086
0.2539,71.2500,0.160255,0.092215
0.2539,72.3214,0.144973,0.084579
0.2539,73.3929,0.126113,0.079847
0.2539,74.4643,0.116709,0.076833
0.2539,75.5357,0.111151,0.075069
0.2539,76.6071,0.119587,0.074438
0.2539,77.6786,0.123855,0.074724
0.2539,78.7500,0.113927,0.076495
0.2539,79.8214,0.113294,0.079592
0.2539,80.8929,0.109739,0.084357
0.2539,81.9643,0.107842,0.089744
0.2539,83.0357,0.105818,0.095202
0.2539,84.1071,0.104640,0.099249
0.2539,85.1786,0.103020,0.102075
0.2539,86.2500,0.100949,0.103762
0.2539,87.3214,0.101425,0.105409
0.2539,88.3929,0.104511,0.106221
0.2539,89.4643,0.106533,0.106724
0.2539,90.5357,0.108051,0.109279
0.2539,91.6071,0.109595,0.109245
0.2539,92.6786,0.111000,0.108902
0.2539,93.7500,0.112561,0.109062
0.2539,94.8214,0.114625,0.108573
0.2539,95.8929,0.116698,0.107065
0.2539,96.9643,0.119420,0.103886
0.2539,98.0357,0.121916,0.099814
0.2539,99.1071,0.125759,0.095768
0.2539,100.1786,0.127371,0.092761
0.2539,101.2500,0.133538,0.091216
0.2539,102.3214,0.140368,0.091247
0.2539,103.3929,0.131189,0.092713
0.2539,104.4643,0.131017,0.095738
0.2539,105.5357,0.134594,0.100641
0.2539,106.6071,0.152367,0.108099
0.2539,107.6786,0.183992,0.119379
0.2539,108.7500,0.217752,0.136173
0.2539,109.8214,0.242838,0.161446
0.2539,110.8929,0.255733,0.197224
0.2539,111.9643,0.282265,0.244330
0.2539,113.0357,0.322599,0.302828
0.2539,114.1071,0.376387,0.371694
0.2539,115.1786,0.448372,0.441163
0.2539,116.2500,0.547677,0.490569
0.2539,117.3214,0.632831,0.512906
0.2539,118.3929,0.660272,0.518848
0.2539,119.4643,0.626381,0.511821
0.2539,120.5357,0.536092,0.484061
0.2539,121.6071,0.438613,0.433782
0.2539,122.6786,0.365722,0.375164
0.2539,123.7500,0.309427,0.319666
0.2539,124.8214,0.268144,0.268157
0.2539,125.8929,0.238333,0.220054
0.2539,126.9643,0.217299,0.178267
0.2539,128.0357,0.200785,0.144663
0.2539,129.1071,0.187184,0.119571
0.2539,130.1786,0.174344,0.101709
0.2539,131.2500,0.158743,0.089961
0.2539,132.3214,0.143028,0.082341
0.2539,133.3929,0.124608,0.077588
0.2539,134.4643,0.114987,0.074588
0.2539,135.5357,0.109948,0.072737
0.2539,136.6071,0.116463,0.071989
0.2539,137.6786,0.122209,0.072089
0.2539,138.7500,0.113156,0.073523
0.2539,139.8214,0.110907,0.076210
0.2539,140.8929,0.107866,0.080439
0.2539,141.9643,0.105318,0.085452
0.2539,143.0357,0.102954,0.090596
0.2539,144.1071,0.101323,0.094652
0.2539,145.1786,0.099809,0.097363
0.2539,146.2500,0.098696,0.098894
0.2539,147.3214,0.096846,0.100099
0.2539,148.3929,0.095695,0.100966
0.2539,149.4643,0.098233,0.101709
0.2539,150.5357,0.100147,0.102001
0.2539,151.6071,0.101280,0.102078
0.2539,152.6786,0.102618,0.101767
0.2539,153.7500,0.103924,0.101388
0.2539,154.8214,0.105568,0.100518
0.2539,155.8929,0.107578,0.098438
0.2539,156.9643,0.109956,0.094832
0.2539,158.0357,0.112113,0.090327
0.2539,159.1071,0.115716,0.085860
0.2539,160.1786,0.117511,0.082409
0.2539,161.2500,0.122677,0.080302
0.2539,162.3214,0.129919,0.079571
0.2539,163.3929,0.121496,0.080165
0.2539,164.4643,0.119104,0.081985
0.2539,165.5357,0.122747,0.085166
0.2539,166.6071,0.135924,0.090149
0.2539,167.6786,0.159973,0.097868
0.2539,168.7500,0.184671,0.109597
0.2539,169.8214,0.204088,0.127443
0.2539,170.8929,0.219352,0.153666
0.2539,171.9643,0.236709,0.189668
0.2539,173.0357,0.261686,0.235183
0.2539,174.1071,0.297826,0.289434
0.2539,175.1786,0.346389,0.349258
0.2539,176.2500,0.411781,0.410450
0.2539,177.3214,0.497307,0.463081
0.2539,178.3929,0.589567,0.495673
0.2539,179.4643,0.641741,0.508792
0.2539,180.5357,0.637246,0.508758
0.2539,181.6071,0.574733,0.491797
0.2539,182.6786,0.479250,0.454150
0.2539,183.7500,0.398154,0.399266
0.2539,184.8214,0.335476,0.338622
0.2539,185.8929,0.289546,0.280465
0.2539,186.9643,0.255513,0.227692
0.2539,188.0357,0.231949,0.183628
0.2539,189.1071,0.215074,0.148971
0.2539,190.1786,0.199844,0.123893
0.2539,191.2500,0.181359,0.106893
0.2539,192.3214,0.157615,0.095644
0.2539,193.3929,0.134360,0.088332
0.2539,194.4643,0.121580,0.083642
0.2539,195.5357,0.117939,0.080633
0.2539,196.6071,0.120643,0.078923
0.2539,197.6786,0.128947,0.078467
0.2539,198.7500,0.121498,0.079234
0.2539,199.8214,0.116472,0.081382
0.2539,200.8929,0.114592,0.084912
0.2539,201.9643,0.111013,0.089369
0.2539,203.0357,0.108859,0.093884
0.2539,204.1071,0.106459,0.097544
0.2539,205.1786,0.104545,0.099663
0.2539,206.2500,0.102927,0.100591
0.2539,207.3214,0.101610,0.100996
0.2539,208.3929,0.100264,0.101303
0.2539,209.4643,0.099210,0.101295
0.2539,210.5357,0.097214,0.101011
0.2539,211.6071,0.094930,0.100339
0.2539,212.6786,0.096522,0.099476
0.2539,213.7500,0.098319,0.098364
0.2539,214.8214,0.099457,0.096838
0.2539,215.8929,0.100995,0.094141
0.2539,216.9643,0.102725,0.090147
0.2539,218.0357,0.105113,0.085081
0.2539,219.1071,0.107660,0.080139
0.2539,220.1786,0.110634,0.075979
0.2539,221.2500,0.113165,0.073324
0.2539,222.3214,0.122077,0.072041
0.2539,223.3929,0.116197,0.071904
0.2539,224.4643,0.110017,0.072784
0.2539,225.5357,0.114998,0.074664
0.2539,226.6071,0.124733,0.077913
0.2539,227.6786,0.143556,0.082760
0.2539,228.7500,0.159623,0.090639
0.2539,229.8214,0.175519,0.102769
0.2539,230.8929,0.188615,0.121082
0.2539,231.9643,0.202571,0.146725
0.2539,233.0357,0.219640,0.180940
0.2539,234.1071,0.241173,0.223581
0.2539,235.1786,0.271916,0.272283
0.2539,236.2500,0.314455,0.324276
0.2539,237.3214,0.372248,0.380200
0.2539,238.3929,0.446390,0.438085
0.2539,239.4643,0.544548,0.485483
0.2539,240.5357,0.629371,0.510068
0.2539,241.6071,0.655252,0.515269
0.2539,242.6786,0.622413,0.507935
0.2539,243.7500,0.535544,0.483625
0.2539,244.8214,0.438722,0.433048
0.2539,245.8929,0.369154,0.364554
0.2539,246.9643,0.317202,0.297363
0.2539,248.0357,0.277953,0.240144
0.2539,249.1071,0.252432,0.193826
0.2539,250.1786,0.239497,0.158681
0.2539,251.2500,0.214794,0.133887
0.2539,252.3214,0.182291,0.117482
0.2539,253.3929,0.150894,0.106424
0.2539,254.4643,0.133553,0.099145
0.2539,255.5357,0.129895,0.094300
0.2539,256.6071,0.130139,0.091342
0.2539,257.6786,0.139278,0.089872
0.2539,258.7500,0.132526,0.089894
0.2539,259.8214,0.126298,0.091422
0.2539,260.8929,0.124644,0.094413
0.2539,261.9643,0.120726,0.098463
0.2539,263.0357,0.118125,0.102518
0.2539,264.1071,0.115338,0.105676
0.2539,265.1786,0.113202,0.107175
0.2539,266.2500,0.111062,0.107650
0.2539,267.3214,0.109482,0.107448
0.2539,268.3929,0.108020,0.107733
0.2539,269.4643,0.106439,0.107726
0.2539,270.5357,0.104903,0.105156
0.2539,271.6071,0.102894,0.104628
0.2539,272.6786,0.099809,0.103796
0.2539,273.7500,0.099281,0.102130
0.2539,274.8214,0.101332,0.100432
0.2539,275.8929,0.102965,0.097618
0.2539,276.9643,0.104148,0.093604
0.2539,278.0357,0.106205,0.088207
0.2539,279.1071,0.108062,0.082911
0.2539,280.1786,0.111726,0.078196
0.2539,281.2500,0.112063,0.075189
0.2539,282.3214,0.121945,0.073477
0.2539,283.3929,0.118027,0.073195
0.2539,284.4643,0.109549,0.073847
0.2539,285.5357,0.115172,0.075541
0.2539,286.6071,0.124605,0.078483
0.2539,287.6786,0.143127,0.083093
0.2539,288.7500,0.157867,0.090529
0.2539,289.8214,0.173263,0.101969
0.2539,290.8929,0.185943,0.119576
0.2539,291.9643,0.199582,0.144321
0.2539,293.0357,0.216553,0.177562
0.2539,294.1071,0.238103,0.219008
0.2539,295.1786,0.267609,0.266700
0.2539,296.2500,0.308955,0.318483
0.2539,297.3214,0.365961,0.376632
0.2539,298.3929,0.441297,0.444053
0.2539,299.4643,0.550335,0.508159
0.2539,300.5357,0.661395,0.544711
0.2539,301.6071,0.706809,0.553503
0.2539,302.6786,0.674003,0.546676
0.2539,303.7500,0.570810,0.518486
0.2539,304.8214,0.455172,0.456921
0.2539,305.8929,0.379588,0.376907
0.2539,306.9643,0.324373,0.304062
0.2539,308.0357,0.283379,0.244970
0.2539,309.1071,0.255796,0.197681
0.2539,310.1786,0.242247,0.161827
0.2539,311.2500,0.217205,0.136538
0.2539,312.3214,0.183785,0.119866
0.2539,313.3929,0.152481,0.108683
0.2539,314.4643,0.135022,0.101287
0.2539,315.5357,0.130878,0.096473
0.2539,316.6071,0.131759,0.093439
0.2539,317.6786,0.140528,0.091939
0.2539,318.7500,0.132987,0.092031
0.2539,319.8214,0.126877,0.093617
0.2539,320.8929,0.125133,0.096760
0.2539,321.9643,0.121209,0.100954
0.2539,323.0357,0.118753,0.105039
0.2539,324.1071,0.116236,0.108126
0.2539,325.1786,0.114247,0.109650
0.2539,326.2500,0.112521,0.110177
0.2539,327.3214,0.111457,0.110433
0.2539,328.3929,0.110098,0.110597
0.2539,329.4643,0.109094,0.110505
0.2539,330.5357,0.107200,0.110169
0.2539,331.6071,0.104628,0.109561
0.2539,332.6786,0.105591,0.108634
0.2539,333.7500,0.107522,0.107604
0.2539,334.8214,0.108698,0.106476
0.2539,335.8929,0.109967,0.104089
0.2539,336.9643,0.111582,0.100309
0.2539,338.0357,0.113731,0.095226
0.2539,339.1071,0.116403,0.090145
0.2539,340.1786,0.118896,0.085902
0.2539,341.2500,0.122566,0.083281
0.2539,342.3214,0.132304,0.082046
0.2539,343.3929,0.125014,0.082252
0.2539,344.4643,0.119370,0.083711
0.2539,345.5357,0.123977,0.086461
0.2539,346.6071,0.136148,0.090831
0.2539,347.6786,0.159054,0.097696
0.2539,348.7500,0.181519,0.108533
0.2539,349.8214,0.199157,0.124955
0.2539,350.8929,0.213844,0.149612
0.2539,351.9643,0.231905,0.183940
0.2539,353.0357,0.255691,0.227866
0.2539,354.1071,0.289547,0.280314
0.2539,355.1786,0.336411,0.340005
0.2539,356.2500,0.401145,0.408344
0.2539,357.3214,0.490771,0.482127
0.2539,358.3929,0.615229,0.538952
0.2539,359.4643,0.704466,0.563588
0.2546,0.5357,0.717998,0.567640
0.2546,1.6071,0.643294,0.549478
0.2546,2.6786,0.518370,0.499684
0.2546,3.7500,0.418665,0.425573
0.2546,4.8214,0.349704,0.353577
0.2546,5.8929,0.299378,0.290941
0.2546,6.9643,0.263203,0.236552
0.2546,8.0357,0.237730,0.190896
0.2546,9.1071,0.218853,0.154955
0.2546,10.1786,0.204059,0.128959
0.2546,11.2500,0.185327,0.111560
0.2546,12.3214,0.161683,0.100193
0.2546,13.3929,0.137888,0.092878
0.2546,14.4643,0.125330,0.088191
0.2546,15.5357,0.120786,0.085247
0.2546,16.6071,0.126012,0.083677
0.2546,17.6786,0.133623,0.083334
0.2546,18.7500,0.124097,0.084479
0.2546,19.8214,0.120078,0.087097
0.2546,20.8929,0.117731,0.091253
0.2546,21.9643,0.114917,0.096287
0.2546,23.0357,0.112794,0.101385
0.2546,24.1071,0.111113,0.105165
0.2546,25.1786,0.109902,0.107503
0.2546,26.2500,0.108892,0.108617
0.2546,27.3214,0.107032,0.109580
0.2546,28.3929,0.105381,0.110432
0.2546,29.4643,0.107818,0.111031
0.2546,30.5357,0.109836,0.111315
0.2546,31.6071,0.110853,0.111364
0.2546,32.6786,0.112049,0.111083
0.2546,33.7500,0.113102,0.110794
0.2546,34.8214,0.114663,0.110177
0.2546,35.8929,0.116579,0.108507
0.2546,36.9643,0.119088,0.105388
0.2546,38.0357,0.121353,0.101081
0.2546,39.1071,0.125257,0.096853
0.2546,40.1786,0.126949,0.093539
0.2546,41.2500,0.132759,0.091836
0.2546,42.3214,0.140620,0.091592
0.2546,43.3929,0.131670,0.092882
0.2546,44.4643,0.130328,0.095704
0.2546,45.5357,0.134263,0.100312
0.2546,46.6071,0.151380,0.107323
0.2546,47.6786,0.181961,0.118012
0.2546,48.7500,0.213970,0.134110
0.2546,49.8214,0.238140,0.158622
0.2546,50.8929,0.254140,0.193634
0.2546,51.9643,0.279672,0.239934
0.2546,53.0357,0.317981,0.297488
0.2546,54.1071,0.371699,0.368414
0.2546,55.1786,0.443329,0.447975
0.2546,56.2500,0.555714,0.512978
0.2546,57.3214,0.664101,0.544993
0.2546,58.3929,0.706763,0.553667
0.2546,59.4643,0.672611,0.547427
0.2546,60.5357,0.566385,0.515125
0.2546,61.6071,0.452561,0.453330
0.2546,62.6786,0.374837,0.384940
0.2546,63.7500,0.315738,0.325426
0.2546,64.8214,0.272758,0.272537
0.2546,65.8929,0.241834,0.224081
0.2546,66.9643,0.219704,0.181687
0.2546,68.0357,0.202329,0.147571
0.2546,69.1071,0.188539,0.122139
0.2546,70.1786,0.175723,0.104020
0.2546,71.2500,0.160239,0.092203
0.2546,72.3214,0.144981,0.084547
0.2546,73.3929,0.126114,0.079826
0.2546,74.4643,0.116677,0.076816
0.2546,75.5357,0.111141,0.075076
0.2546,76.6071,0.119549,0.074411
0.2546,77.6786,0.123834,0.074741
0.2546,78.7500,0.113887,0.076482
0.2546,79.8214,0.113256,0.079597
0.2546,80.8929,0.109691,0.084364
0.2546,81.9643,0.107811,0.089737
0.2546,83.0357,0.105796,0.095204
0.2546,84.1071,0.104607,0.099239
0.2546,85.1786,0.103004,0.102063
0.2546,86.2500,0.100923,0.103754
0.2546,87.3214,0.101409,0.105394
0.2546,88.3929,0.104499,0.106206
0.2546,89.4643,0.106517,0.106702
0.2546,90.5357,0.108039,0.109264
0.2546,91.6071,0.109580,0.109224
0.2546,92.6786,0.111000,0.108874
0.2546,93.7500,0.112557,0.109034
0.2546,94.8214,0.114633,0.108534
0.2546,95.8929,0.116696,0.107011
0.2546,96.9643,0.119440,0.103841
0.2546,98.0357,0.121955,0.099754
0.2546,99.1071,0.125797,0.095682
0.2546,100.1786,0.127406,0.092685
0.2546,101.2500,0.133615,0.091143
0.2546,102.3214,0.140433,0.091159
0.2546,103.3929,0.131197,0.092627
0.2546,104.4643,0.131056,0.095669
0.2546,105.5357,0.134616,0.100574
0.2546,106.6071,0.152395,0.108057
0.2546,107.6786,0.184012,0.119322
0.2546,108.7500,0.217717,0.136131
0.2546,109.8214,0.242836,0.161413
0.2546,110.8929,0.255747,0.197199
0.2546,111.9643,0.282242,0.244340
0.2546,113.0357,0.322632,0.302863
0.2546,114.1071,0.376468,0.371943
0.2546,115.1786,0.448642,0.441932
0.2546,116.2500,0.548752,0.491958
0.2546,117.3214,0.634861,0.514566
0.2546,118.3929,0.662767,0.520601
0.2546,119.4643,0.628494,0.513595
0.2546,120.5357,0.537275,0.485551
0.2546,121.6071,0.439072,0.434699
0.2546,122.6786,0.366053,0.375551
0.2546,123.7500,0.309640,0.319773
0.2546,124.8214,0.268374,0.268148
0.2546,125.8929,0.238531,0.220057
0.2546,126.9643,0.217491,0.178212
0.2546,128.0357,0.200791,0.144650
0.2546,129.1071,0.187256,0.119560
0.2546,130.1786,0.174401,0.101628
0.2546,131.2500,0.158737,0.089933
0.2546,132.3214,0.143035,0.082305
0.2546,133.3929,0.124723,0.077604
0.2546,134.4643,0.114969,0.074487
0.2546,135.5357,0.109992,0.072743
0.2546,136.6071,0.116487,0.071995
0.2546,137.6786,0.122240,0.072041
0.2546,138.7500,0.113182,0.073517
0.2546,139.8214,0.110920,0.076210
0.2546,140.8929,0.107873,0.080433
0.2546,141.9643,0.105318,0.085397
0.2546,143.0357,0.102954,0.090590
0.2546,144.1071,0.101323,0.094646
0.2546,145.1786,0.099765,0.097356
0.2546,146.2500,0.098745,0.098888
0.2546,147.3214,0.096846,0.100051
0.2546,148.3929,0.095649,0.100999
0.2546,149.4643,0.098270,0.101671
0.2546,150.5357,0.100147,0.101994
0.2546,151.6071,0.101280,0.102064
0.2546,152.6786,0.102610,0.101760
0.2546,153.7500,0.103924,0.101414
0.2546,154.8214,0.105568,0.100480
0.2546,155.8929,0.107570,0.098446
0.2546,156.9643,0.109915,0.094782
0.2546,158.0357,0.112113,0.090305
0.2546,159.1071,0.115724,0.085857
0.2546,160.1786,0.117547,0.082379
0.2546,161.2500,0.122660,0.080265
0.2546,162.3214,0.129960,0.079557
0.2546,163.3929,0.121488,0.080127
0.2546,164.4643,0.119087,0.081960
0.2546,165.5357,0.122752,0.085128
0.2546,166.6071,0.135939,0.090146
0.2546,167.6786,0.159957,0.097823
0.2546,168.7500,0.184690,0.109545
0.2546,169.8214,0.204072,0.127430
0.2546,170.8929,0.219348,0.153625
0.2546,171.9643,0.236836,0.189648
0.2546,173.0357,0.261889,0.235167
0.2546,174.1071,0.298064,0.289536
0.2546,175.1786,0.346666,0.349687
0.2546,176.2500,0.412420,0.411605
0.2546,177.3214,0.498790,0.465301
0.2546,178.3929,0.592717,0.498638
0.2546,179.4643,0.646084,0.511978
0.2546,180.5357,0.641452,0.511929
0.2546,181.6071,0.577563,0.494656
0.2546,182.6786,0.480470,0.456166
0.2546,183.7500,0.398665,0.400247
0.2546,184.8214,0.335773,0.338971
0.2546,185.8929,0.289726,0.280522
0.2546,186.9643,0.255704,0.227675
0.2546,188.0357,0.232084,0.183601
0.2546,189.1071,0.215097,0.148948
0.2546,190.1786,0.199849,0.123861
0.2546,191.2500,0.181357,0.106855
0.2546,192.3214,0.157615,0.095606
0.2546,193.3929,0.134368,0.088311
0.2546,194.4643,0.121594,0.083597
0.2546,195.5357,0.117922,0.080608
0.2546,196.6071,0.120656,0.078915
0.2546,197.6786,0.128945,0.078422
0.2546,198.7500,0.121522,0.079196
0.2546,199.8214,0.116500,0.081378
0.2546,200.8929,0.114562,0.084856
0.2546,201.9643,0.111045,0.089354
0.2546,203.0357,0.108859,0.093892
0.2546,204.1071,0.106416,0.097530
0.2546,205.1786,0.104565,0.099649
0.2546,206.2500,0.102889,0.100551
0.2546,207.3214,0.101602,0.100982
0.2546,208.3929,0.100264,0.101332
0.2546,209.4643,0.099210,0.101258
0.2546,210.5357,0.097214,0.101005
0.2546,211.6071,0.094922,0.100372
0.2546,212.6786,0.096529,0.099469
0.2546,213.7500,0.098312,0.098314
0.2546,214.8214,0.099457,0.096832
0.2546,215.8929,0.100995,0.094135
0.2546,216.9643,0.102732,0.090141
0.2546,218.0357,0.105106,0.085020
0.2546,219.1071,0.107722,0.080133
0.2546,220.1786,0.110641,0.075979
0.2546,221.2500,0.113126,0.073324
0.2546,222.3214,0.122101,0.071982
0.2546,223.3929,0.116215,0.071904
0.2546,224.4643,0.110054,0.072740
0.2546,225.5357,0.114973,0.074669
0.2546,226.6071,0.124836,0.077867
0.2546,227.6786,0.143558,0.082718
0.2546,228.7500,0.159664,0.090602
0.2546,229.8214,0.175565,0.102740
0.2546,230.8929,0.188670,0.121057
0.2546,231.9643,0.202691,0.146659
0.2546,233.0357,0.219778,0.180889
0.2546,234.1071,0.241351,0.223557
0.2546,235.1786,0.272134,0.272272
0.2546,236.2500,0.314650,0.324375
0.2546,237.3214,0.372572,0.380570
0.2546,238.3929,0.446830,0.438941
0.2546,239.4643,0.545612,0.486821
0.2546,240.5357,0.631237,0.511629
0.2546,241.6071,0.657404,0.516813
0.2546,242.6786,0.624189,0.509393
0.2546,243.7500,0.536458,0.484777
0.2546,244.8214,0.439065,0.433683
0.2546,245.8929,0.369209,0.364779
0.2546,246.9643,0.317191,0.297450
0.2546,248.0357,0.277939,0.240142
0.2546,249.1071,0.252424,0.193800
0.2546,250.1786,0.239458,0.158668
0.2546,251.2500,0.214778,0.133852
0.2546,252.3214,0.182303,0.117449
0.2546,253.3929,0.150914,0.106382
0.2546,254.4643,0.133575,0.099064
0.2546,255.5357,0.129917,0.094252
0.2546,256.6071,0.130162,0.091230
0.2546,257.6786,0.139344,0.089805
0.2546,258.7500,0.132584,0.089781
0.2546,259.8214,0.126385,0.091346
0.2546,260.8929,0.124708,0.094325
0.2546,261.9643,0.120751,0.098407
0.2546,263.0357,0.118148,0.102454
0.2546,264.1071,0.115353,0.105632
0.2546,265.1786,0.113207,0.107140
0.2546,266.2500,0.111072,0.107621
0.2546,267.3214,0.109480,0.107424
0.2546,268.3929,0.108019,0.107712
0.2546,269.4643,0.106436,0.107714
0.2546,270.5357,0.104888,0.105136
0.2546,271.6071,0.102882,0.104615
0.2546,272.6786,0.099793,0.103786
0.2546,273.7500,0.099258,0.102123
0.2546,274.8214,0.101312,0.100427
0.2546,275.8929,0.102937,0.097608
0.2546,276.9643,0.104102,0.093603
0.2546,278.0357,0.106185,0.088218
0.2546,279.1071,0.108015,0.082912
0.2546,280.1786,0.111699,0.078209
0.2546,281.2500,0.112009,0.075187
0.2546,282.3214,0.121902,0.073471
0.2546,283.3929,0.117981,0.073202
0.2546,284.4643,0.109510,0.073850
0.2546,285.5357,0.115162,0.075532
0.2546,286.6071,0.124576,0.078469
0.2546,287.6786,0.143098,0.083091
0.2546,288.7500,0.157872,0.090475
0.2546,289.8214,0.173236,0.101929
0.2546,290.8929,0.185937,0.119505
0.2546,291.9643,0.199629,0.144252
0.2546,293.0357,0.216699,0.177480
0.2546,294.1071,0.238310,0.218949
0.2546,295.1786,0.267788,0.266649
0.2546,296.2500,0.309213,0.318468
0.2546,297.3214,0.366334,0.376980
0.2546,298.3929,0.441974,0.445614
0.2546,299.4643,0.552730,0.511924
0.2546,300.5357,0.667077,0.550001
0.2546,301.6071,0.714268,0.558979
0.2546,302.6786,0.680325,0.552056
0.2546,303.7500,0.574063,0.522866
0.2546,304.8214,0.455925,0.459190
0.2546,305.8929,0.380051,0.377450
0.2546,306.9643,0.324473,0.304062
0.2546,308.0357,0.283716,0.244926
0.2546,309.1071,0.256703,0.197621
0.2546,310.1786,0.242095,0.161759
0.2546,311.2500,0.217049,0.136489
0.2546,312.3214,0.183698,0.119817
0.2546,313.3929,0.152457,0.108612
0.2546,314.4643,0.135004,0.101326
0.2546,315.5357,0.130805,0.096402
0.2546,316.6071,0.131747,0.093427
0.2546,317.6786,0.140577,0.091933
0.2546,318.7500,0.132917,0.092019
0.2546,319.8214,0.126864,0.093611
0.2546,320.8929,0.125065,0.096754
0.2546,321.9643,0.121182,0.100893
0.2546,323.0357,0.118746,0.105033
0.2546,324.1071,0.116236,0.108113
0.2546,325.1786,0.114240,0.109599
0.2546,326.2500,0.112514,0.110214
0.2546,327.3214,0.111449,0.110378
0.2546,328.3929,0.110098,0.110631
0.2546,329.4643,0.109050,0.110452
0.2546,330.5357,0.107228,0.110200
0.2546,331.6071,0.104628,0.109518
0.2546,332.6786,0.105544,0.108586
0.2546,333.7500,0.107552,0.107631
0.2546,334.8214,0.108654,0.106430
0.2546,335.8929,0.110002,0.104105
0.2546,336.9643,0.111574,0.100288
0.2546,338.0357,0.113708,0.095204
0.2546,339.1071,0.116433,0.090116
0.2546,340.1786,0.118896,0.085872
0.2546,341.2500,0.122574,0.083244
0.2546,342.3214,0.132319,0.082008
0.2546,343.3929,0.125027,0.082229
0.2546,344.4643,0.119362,0.083694
0.2546,345.5357,0.124000,0.086423
0.2546,346.6071,0.136132,0.090796
0.2546,347.6786,0.159108,0.097659
0.2546,348.7500,0.181511,0.108473
0.2546,349.8214,0.199169,0.124916
0.2546,350.8929,0.213866,0.149568
0.2546,351.9643,0.231956,0.183894
0.2546,353.0357,0.255823,0.227831
0.2546,354.1071,0.289716,0.280279
0.2546,355.1786,0.336619,0.340025
0.2546,356.2500,0.401469,0.408803
0.2546,357.3214,0.491520,0.483863
0.2546,358.3929,0.617919,0.542081
0.2546,359.4643,0.709028,0.567307
0.2553,0.5357,0.723613,0.571987
0.2553,1.6071,0.646997,0.553343
0.2553,2.6786,0.519570,0.502060
0.2553,3.7500,0.419066,0.426299
0.2553,4.8214,0.349967,0.353620
0.2553,5.8929,0.299537,0.290912
0.2553,6.9643,0.263313,0.236508
0.2553,8.0357,0.237836,0.190842
0.2553,9.1071,0.218883,0.154893
0.2553,10.1786,0.204064,0.128917
0.2553,11.2500,0.185333,0.111515
0.2553,12.3214,0.161706,0.100149
0.2553,13.3929,0.137895,0.092835
0.2553,14.4643,0.125352,0.088164
0.2553,15.5357,0.120778,0.085215
0.2553,16.6071,0.126024,0.083624
0.2553,17.6786,0.133644,0.083320
0.2553,18.7500,0.124106,0.084435
0.2553,19.8214,0.120094,0.087035
0.2553,20.8929,0.117723,0.091250
0.2553,21.9643,0.114893,0.096258
0.2553,23.0357,0.112778,0.101328
0.2553,24.1071,0.111148,0.105181
0.2553,25.1786,0.109894,0.107458
0.2553,26.2500,0.108846,0.108596
0.2553,27.3214,0.107072,0.109573
0.2553,28.3929,0.105366,0.110419
0.2553,29.4643,0.107767,0.111018
0.2553,30.5357,0.109836,0.111309
0.2553,31.6071,0.110846,0.111357
0.2553,32.6786,0.112042,0.111070
0.2553,33.7500,0.113144,0.110788
0.2553,34.8214,0.114605,0.110120
0.2553,35.8929,0.116572,0.108547
0.2553,36.9643,0.119074,0.105328
0.2553,38.0357,0.121333,0.101069
0.2553,39.1071,0.125189,0.096841
0.2553,40.1786,0.126943,0.093533
0.2553,41.2500,0.132753,0.091773
0.2553,42.3214,0.140559,0.091533
0.2553,43.3929,0.131731,0.092871
0.2553,44.4643,0.130273,0.095698
0.2553,45.5357,0.134263,0.100251
0.2553,46.6071,0.151386,0.107262
0.2553,47.6786,0.181978,0.118012
0.2553,48.7500,0.213943,0.134058
0.2553,49.8214,0.238091,0.158562
0.2553,50.8929,0.254487,0.193578
0.2553,51.9643,0.280015,0.239901
0.2553,53.0357,0.318321,0.297463
0.2553,54.1071,0.372240,0.368923
0.2553,55.1786,0.444097,0.450267
0.2553,56.2500,0.559007,0.517772
0.2553,57.3214,0.671029,0.551149
0.2553,58.3929,0.715331,0.560001
0.2553,59.4643,0.679564,0.553606
0.2553,60.5357,0.569657,0.519733
0.2553,61.6071,0.453379,0.455362
0.2553,62.6786,0.375389,0.385295
0.2553,63.7500,0.316111,0.325383
0.2553,64.8214,0.273014,0.272469
0.2553,65.8929,0.242175,0.223967
0.2553,66.9643,0.219888,0.181603
0.2553,68.0357,0.202341,0.147475
0.2553,69.1071,0.188485,0.122086
0.2553,70.1786,0.175654,0.104005
0.2553,71.2500,0.160177,0.092220
0.2553,72.3214,0.144882,0.084635
0.2553,73.3929,0.125994,0.079925
0.2553,74.4643,0.116574,0.076936
0.2553,75.5357,0.110937,0.075178
0.2553,76.6071,0.119444,0.074559
0.2553,77.6786,0.123776,0.074828
0.2553,78.7500,0.113768,0.076544
0.2553,79.8214,0.113269,0.079610
0.2553,80.8929,0.109733,0.084343
0.2553,81.9643,0.107828,0.089715
0.2553,83.0357,0.105799,0.095145
0.2553,84.1071,0.104622,0.099193
0.2553,85.1786,0.103007,0.102011
0.2553,86.2500,0.100931,0.103711
0.2553,87.3214,0.101419,0.105355
0.2553,88.3929,0.104508,0.106171
0.2553,89.4643,0.106517,0.106664
0.2553,90.5357,0.108045,0.109240
0.2553,91.6071,0.109593,0.109193
0.2553,92.6786,0.111000,0.108849
0.2553,93.7500,0.112555,0.108995
0.2553,94.8214,0.114660,0.108491
0.2553,95.8929,0.116724,0.106977
0.2553,96.9643,0.119459,0.103772
0.2553,98.0357,0.122009,0.099675
0.2553,99.1071,0.125876,0.095579
0.2553,100.1786,0.127485,0.092586
0.2553,101.2500,0.133700,0.091032
0.2553,102.3214,0.140491,0.091069
0.2553,103.3929,0.131244,0.092526
0.2553,104.4643,0.131078,0.095565
0.2553,105.5357,0.134624,0.100522
0.2553,106.6071,0.152435,0.107984
0.2553,107.6786,0.184004,0.119283
0.2553,108.7500,0.217722,0.136083
0.2553,109.8214,0.242805,0.161400
0.2553,110.8929,0.255726,0.197167
0.2553,111.9643,0.282235,0.244339
0.2553,113.0357,0.322645,0.302944
0.2553,114.1071,0.376506,0.372240
0.2553,115.1786,0.449058,0.442752
0.2553,116.2500,0.549903,0.493360
0.2553,117.3214,0.637068,0.516306
0.2553,118.3929,0.665312,0.522462
0.2553,119.4643,0.630630,0.515434
0.2553,120.5357,0.538429,0.487077
0.2553,121.6071,0.439586,0.435567
0.2553,122.6786,0.366340,0.375870
0.2553,123.7500,0.309802,0.319834
0.2553,124.8214,0.268520,0.268123
0.2553,125.8929,0.238755,0.220026
0.2553,126.9643,0.217630,0.178169
0.2553,128.0357,0.200845,0.144540
0.2553,129.1071,0.187275,0.119549
0.2553,130.1786,0.174406,0.101609
0.2553,131.2500,0.158796,0.089911
0.2553,132.3214,0.143120,0.082274
0.2553,133.3929,0.124791,0.077506
0.2553,134.4643,0.114963,0.074503
0.2553,135.5357,0.110041,0.072704
0.2553,136.6071,0.116517,0.071940
0.2553,137.6786,0.122211,0.072047
0.2553,138.7500,0.113220,0.073459
0.2553,139.8214,0.110933,0.076204
0.2553,140.8929,0.107936,0.080377
0.2553,141.9643,0.105325,0.085391
0.2553,143.0357,0.102901,0.090584
0.2553,144.1071,0.101323,0.094640
0.2553,145.1786,0.099816,0.097350
0.2553,146.2500,0.098696,0.098838
0.2553,147.3214,0.096846,0.100086
0.2553,148.3929,0.095688,0.100993
0.2553,149.4643,0.098233,0.101658
0.2553,150.5357,0.100182,0.101987
0.2553,151.6071,0.101231,0.102057
0.2553,152.6786,0.102610,0.101747
0.2553,153.7500,0.103932,0.101375
0.2553,154.8214,0.105560,0.100490
0.2553,155.8929,0.107562,0.098402
0.2553,156.9643,0.109940,0.094768
0.2553,158.0357,0.112113,0.090276
0.2553,159.1071,0.115724,0.085828
0.2553,160.1786,0.117519,0.082343
0.2553,161.2500,0.122701,0.080245
0.2553,162.3214,0.129944,0.079520
0.2553,163.3929,0.121514,0.080096
0.2553,164.4643,0.119079,0.081922
0.2553,165.5357,0.122758,0.085113
0.2553,166.6071,0.135923,0.090093
0.2553,167.6786,0.159987,0.097794
0.2553,168.7500,0.184682,0.109528
0.2553,169.8214,0.204089,0.127371
0.2553,170.8929,0.219363,0.153595
0.2553,171.9643,0.236985,0.189607
0.2553,173.0357,0.262121,0.235149
0.2553,174.1071,0.298316,0.289637
0.2553,175.1786,0.347040,0.350157
0.2553,176.2500,0.413086,0.412921
0.2553,177.3214,0.500476,0.467854
0.2553,178.3929,0.596355,0.502089
0.2553,179.4643,0.651119,0.515685
0.2553,180.5357,0.646333,0.515616
0.2553,181.6071,0.580797,0.497976
0.2553,182.6786,0.481850,0.458465
0.2553,183.7500,0.399235,0.401347
0.2553,184.8214,0.336107,0.339337
0.2553,185.8929,0.289925,0.280579
0.2553,186.9643,0.255916,0.227647
0.2553,188.0357,0.232243,0.183568
0.2553,189.1071,0.215093,0.148908
0.2553,190.1786,0.199853,0.123826
0.2553,191.2500,0.181371,0.106824
0.2553,192.3214,0.157621,0.095561
0.2553,193.3929,0.134383,0.088283
0.2553,194.4643,0.121599,0.083571
0.2553,195.5357,0.117936,0.080563
0.2553,196.6071,0.120648,0.078892
0.2553,197.6786,0.128950,0.078377
0.2553,198.7500,0.121531,0.079184
0.2553,199.8214,0.116500,0.081323
0.2553,200.8929,0.114600,0.084846
0.2553,201.9643,0.111013,0.089326
0.2553,203.0357,0.108850,0.093849
0.2553,204.1071,0.106443,0.097538
0.2553,205.1786,0.104521,0.099603
0.2553,206.2500,0.102919,0.100577
0.2553,207.3214,0.101602,0.100968
0.2553,208.3929,0.100222,0.101290
0.2553,209.4643,0.099238,0.101282
0.2553,210.5357,0.097214,0.100998
0.2553,211.6071,0.094922,0.100326
0.2553,212.6786,0.096529,0.099463
0.2553,213.7500,0.098312,0.098308
0.2553,214.8214,0.099457,0.096825
0.2553,215.8929,0.100995,0.094129
0.2553,216.9643,0.102679,0.090128
0.2553,218.0357,0.105106,0.085020
0.2553,219.1071,0.107729,0.080127
0.2553,220.1786,0.110654,0.075921
0.2553,221.2500,0.113216,0.073318
0.2553,222.3214,0.122066,0.071929
0.2553,223.3929,0.116239,0.071910
0.2553,224.4643,0.110098,0.072740
0.2553,225.5357,0.115017,0.074624
0.2553,226.6071,0.124838,0.077770
0.2553,227.6786,0.143630,0.082739
0.2553,228.7500,0.159722,0.090516
0.2553,229.8214,0.175622,0.102658
0.2553,230.8929,0.188642,0.121046
0.2553,231.9643,0.202815,0.146597
0.2553,233.0357,0.219990,0.180903
0.2553,234.1071,0.241515,0.223474
0.2553,235.1786,0.272373,0.272253
0.2553,236.2500,0.314921,0.324469
0.2553,237.3214,0.372851,0.380978
0.2553,238.3929,0.447355,0.439908
0.2553,239.4643,0.546818,0.488365
0.2553,240.5357,0.633435,0.513429
0.2553,241.6071,0.659860,0.518635
0.2553,242.6786,0.626249,0.511034
0.2553,243.7500,0.537496,0.486126
0.2553,244.8214,0.439538,0.434433
0.2553,245.8929,0.369253,0.365067
0.2553,246.9643,0.317198,0.297508
0.2553,248.0357,0.277925,0.240135
0.2553,249.1071,0.252425,0.193796
0.2553,250.1786,0.239385,0.158628
0.2553,251.2500,0.214775,0.133822
0.2553,252.3214,0.182307,0.117392
0.2553,253.3929,0.150906,0.106333
0.2553,254.4643,0.133589,0.098990
0.2553,255.5357,0.129948,0.094168
0.2553,256.6071,0.130217,0.091140
0.2553,257.6786,0.139370,0.089687
0.2553,258.7500,0.132714,0.089686
0.2553,259.8214,0.126438,0.091224
0.2553,260.8929,0.124754,0.094244
0.2553,261.9643,0.120796,0.098314
0.2553,263.0357,0.118180,0.102397
0.2553,264.1071,0.115379,0.105573
0.2553,265.1786,0.113227,0.107105
0.2553,266.2500,0.111081,0.107577
0.2553,267.3214,0.109471,0.107395
0.2553,268.3929,0.108016,0.107692
0.2553,269.4643,0.106427,0.107699
0.2553,270.5357,0.104867,0.105113
0.2553,271.6071,0.102864,0.104599
0.2553,272.6786,0.099773,0.103774
0.2553,273.7500,0.099222,0.102112
0.2553,274.8214,0.101278,0.100419
0.2553,275.8929,0.102904,0.097608
0.2553,276.9643,0.104088,0.093598
0.2553,278.0357,0.106127,0.088214
0.2553,279.1071,0.107969,0.082921
0.2553,280.1786,0.111656,0.078221
0.2553,281.2500,0.111975,0.075196
0.2553,282.3214,0.121832,0.073493
0.2553,283.3929,0.117925,0.073200
0.2553,284.4643,0.109492,0.073862
0.2553,285.5357,0.115108,0.075510
0.2553,286.6071,0.124557,0.078464
0.2553,287.6786,0.143098,0.083043
0.2553,288.7500,0.157843,0.090454
0.2553,289.8214,0.173256,0.101856
0.2553,290.8929,0.185915,0.119441
0.2553,291.9643,0.199661,0.144163
0.2553,293.0357,0.216880,0.177376
0.2553,294.1071,0.238549,0.218874
0.2553,295.1786,0.268010,0.266586
0.2553,296.2500,0.309471,0.318419
0.2553,297.3214,0.366714,0.377296
0.2553,298.3929,0.442681,0.447259
0.2553,299.4643,0.555373,0.516254
0.2553,300.5357,0.673551,0.556054
0.2553,301.6071,0.722906,0.565360
0.2553,302.6786,0.687607,0.558341
0.2553,303.7500,0.577781,0.528021
0.2553,304.8214,0.456788,0.461834
0.2553,305.8929,0.380660,0.378037
0.2553,306.9643,0.324686,0.304032
0.2553,308.0357,0.284239,0.244858
0.2553,309.1071,0.257541,0.197535
0.2553,310.1786,0.242042,0.161670
0.2553,311.2500,0.217037,0.136410
0.2553,312.3214,0.183690,0.119726
0.2553,313.3929,0.152415,0.108627
0.2553,314.4643,0.134962,0.101244
0.2553,315.5357,0.130769,0.096425
0.2553,316.6071,0.131717,0.093351
0.2553,317.6786,0.140518,0.091969
0.2553,318.7500,0.132962,0.092002
0.2553,319.8214,0.126788,0.093599
0.2553,320.8929,0.125045,0.096742
0.2553,321.9643,0.121101,0.100887
0.2553,323.0357,0.118726,0.104973
0.2553,324.1071,0.116215,0.108154
0.2553,325.1786,0.114183,0.109593
0.2553,326.2500,0.112563,0.110158
0.2553,327.3214,0.111395,0.110372
0.2553,328.3929,0.110137,0.110624
0.2553,329.4643,0.109042,0.110446
0.2553,330.5357,0.107185,0.110149
0.2553,331.6071,0.104613,0.109505
0.2553,332.6786,0.105576,0.108613
0.2553,333.7500,0.107506,0.107617
0.2553,334.8214,0.108690,0.106410
0.2553,335.8929,0.109959,0.104060
0.2553,336.9643,0.111574,0.100267
0.2553,338.0357,0.113731,0.095175
0.2553,339.1071,0.116403,0.090087
0.2553,340.1786,0.118896,0.085861
0.2553,341.2500,0.122616,0.083199
0.2553,342.3214,0.132333,0.081971
0.2553,343.3929,0.125018,0.082206
0.2553,344.4643,0.119376,0.083641
0.2553,345.5357,0.124005,0.086382
0.2553,346.6071,0.136164,0.090743
0.2553,347.6786,0.159108,0.097623
0.2553,348.7500,0.181554,0.108435
0.2553,349.8214,0.199166,0.124855
0.2553,350.8929,0.213905,0.149517
0.2553,351.9643,0.232006,0.183840
0.2553,353.0357,0.255978,0.227781
0.2553,354.1071,0.289886,0.280251
0.2553,355.1786,0.336866,0.340016
0.2553,356.2500,0.401832,0.409297
0.2553,357.3214,0.492340,0.485831
0.2553,358.3929,0.621019,0.545724
0.2553,359.4643,0.714333,0.571652
0.2562,0.5357,0.730955,0.577705
0.2562,1.6071,0.651789,0.558407
0.2562,2.6786,0.521066,0.505122
0.2562,3.7500,0.419571,0.427156
0.2562,4.8214,0.350271,0.353640
0.2562,5.8929,0.299798,0.290860
0.2562,6.9643,0.263546,0.236451
0.2562,8.0357,0.237866,0.190776
0.2562,9.1071,0.218903,0.154813
0.2562,10.1786,0.204080,0.128854
0.2562,11.2500,0.185346,0.111455
0.2562,12.3214,0.161713,0.100090
0.2562,13.3929,0.137919,0.092777
0.2562,14.4643,0.125358,0.088108
0.2562,15.5357,0.120807,0.085183
0.2562,16.6071,0.126016,0.083579
0.2562,17.6786,0.133680,0.083260
0.2562,18.7500,0.124114,0.084407
0.2562,19.8214,0.120094,0.086983
0.2562,20.8929,0.117693,0.091207
0.2562,21.9643,0.114925,0.096222
0.2562,23.0357,0.112778,0.101306
0.2562,24.1071,0.111132,0.105153
0.2562,25.1786,0.109894,0.107437
0.2562,26.2500,0.108838,0.108583
0.2562,27.3214,0.107017,0.109553
0.2562,28.3929,0.105408,0.110405
0.2562,29.4643,0.107752,0.110967
0.2562,30.5357,0.109829,0.111296
0.2562,31.6071,0.110846,0.111338
0.2562,32.6786,0.112034,0.111057
0.2562,33.7500,0.113088,0.110726
0.2562,34.8214,0.114656,0.110107
0.2562,35.8929,0.116514,0.108528
0.2562,36.9643,0.119047,0.105269
0.2562,38.0357,0.121326,0.101051
0.2562,39.1071,0.125189,0.096780
0.2562,40.1786,0.126936,0.093470
0.2562,41.2500,0.132765,0.091721
0.2562,42.3214,0.140576,0.091533
0.2562,43.3929,0.131644,0.092774
0.2562,44.4643,0.130316,0.095660
0.2562,45.5357,0.134245,0.100222
0.2562,46.6071,0.151312,0.107236
0.2562,47.6786,0.182025,0.117928
0.2562,48.7500,0.213938,0.133993
0.2562,49.8214,0.238090,0.158515
0.2562,50.8929,0.254470,0.193531
0.2562,51.9643,0.280217,0.239858
0.2562,53.0357,0.318677,0.297426
0.2562,54.1071,0.372740,0.369395
0.2562,55.1786,0.445004,0.452949
0.2562,56.2500,0.563168,0.523852
0.2562,57.3214,0.680161,0.559276
0.2562,58.3929,0.726757,0.568516
0.2562,59.4643,0.688795,0.561840
0.2562,60.5357,0.573910,0.525853
0.2562,61.6071,0.454399,0.458003
0.2562,62.6786,0.376007,0.385813
0.2562,63.7500,0.316562,0.325351
0.2562,64.8214,0.273327,0.272386
0.2562,65.8929,0.242549,0.223880
0.2562,66.9643,0.220128,0.181489
0.2562,68.0357,0.202366,0.147345
0.2562,69.1071,0.188464,0.122043
0.2562,70.1786,0.175643,0.103968
0.2562,71.2500,0.160140,0.092179
0.2562,72.3214,0.144833,0.084601
0.2562,73.3929,0.125925,0.079935
0.2562,74.4643,0.116512,0.076931
0.2562,75.5357,0.110876,0.075206
0.2562,76.6071,0.119364,0.074552
0.2562,77.6786,0.123699,0.074840
0.2562,78.7500,0.113708,0.076540
0.2562,79.8214,0.113207,0.079620
0.2562,80.8929,0.109699,0.084352
0.2562,81.9643,0.107778,0.089699
0.2562,83.0357,0.105749,0.095140
0.2562,84.1071,0.104591,0.099196
0.2562,85.1786,0.102989,0.102003
0.2562,86.2500,0.100895,0.103696
0.2562,87.3214,0.101407,0.105341
0.2562,88.3929,0.104491,0.106152
0.2562,89.4643,0.106497,0.106636
0.2562,90.5357,0.108042,0.109221
0.2562,91.6071,0.109594,0.109165
0.2562,92.6786,0.110998,0.108807
0.2562,93.7500,0.112576,0.108956
0.2562,94.8214,0.114667,0.108436
0.2562,95.8929,0.116749,0.106907
0.2562,96.9643,0.119520,0.103677
0.2562,98.0357,0.122045,0.099572
0.2562,99.1071,0.125923,0.095467
0.2562,100.1786,0.127616,0.092457
0.2562,101.2500,0.133819,0.090901
0.2562,102.3214,0.140557,0.090906
0.2562,103.3929,0.131307,0.092407
0.2562,104.4643,0.131101,0.095465
0.2562,105.5357,0.134669,0.100434
0.2562,106.6071,0.152427,0.107906
0.2562,107.6786,0.184016,0.119205
0.2562,108.7500,0.217730,0.136039
0.2562,109.8214,0.242716,0.161373
0.2562,110.8929,0.255704,0.197150
0.2562,111.9643,0.282238,0.244326
0.2562,113.0357,0.322658,0.303031
0.2562,114.1071,0.376568,0.372605
0.2562,115.1786,0.449674,0.443842
0.2562,116.2500,0.551432,0.495210
0.2562,117.3214,0.639897,0.518600
0.2562,118.3929,0.668649,0.524879
0.2562,119.4643,0.633404,0.517831
0.2562,120.5357,0.539901,0.489025
0.2562,121.6071,0.440114,0.436656
0.2562,122.6786,0.366652,0.376247
0.2562,123.7500,0.310083,0.319884
0.2562,124.8214,0.268808,0.268096
0.2562,125.8929,0.238995,0.219951
0.2562,126.9643,0.217762,0.178087
0.2562,128.0357,0.200899,0.144563
0.2562,129.1071,0.187317,0.119437
0.2562,130.1786,0.174439,0.101611
0.2562,131.2500,0.158878,0.089779
0.2562,132.3214,0.143223,0.082254
0.2562,133.3929,0.124753,0.077477
0.2562,134.4643,0.115098,0.074469
0.2562,135.5357,0.110043,0.072660
0.2562,136.6071,0.116503,0.071843
0.2562,137.6786,0.122314,0.072047
0.2562,138.7500,0.113201,0.073406
0.2562,139.8214,0.110972,0.076147
0.2562,140.8929,0.107943,0.080371
0.2562,141.9643,0.105325,0.085385
0.2562,143.0357,0.102961,0.090571
0.2562,144.1071,0.101323,0.094581
0.2562,145.1786,0.099765,0.097338
0.2562,146.2500,0.098689,0.098869
0.2562,147.3214,0.096846,0.100038
0.2562,148.3929,0.095688,0.100980
0.2562,149.4643,0.098225,0.101651
0.2562,150.5357,0.100182,0.101974
0.2562,151.6071,0.101231,0.102051
0.2562,152.6786,0.102650,0.101733
0.2562,153.7500,0.103879,0.101354
0.2562,154.8214,0.105560,0.100445
0.2562,155.8929,0.107538,0.098411
0.2562,156.9643,0.109940,0.094732
0.2562,158.0357,0.112105,0.090240
0.2562,159.1071,0.115724,0.085791
0.2562,160.1786,0.117555,0.082316
0.2562,161.2500,0.122726,0.080193
0.2562,162.3214,0.129932,0.079483
0.2562,163.3929,0.121519,0.080044
0.2562,164.4643,0.119085,0.081875
0.2562,165.5357,0.122763,0.085072
0.2562,166.6071,0.135945,0.090050
0.2562,167.6786,0.159993,0.097734
0.2562,168.7500,0.184680,0.109468
0.2562,169.8214,0.204078,0.127341
0.2562,170.8929,0.219383,0.153533
0.2562,171.9643,0.237159,0.189574
0.2562,173.0357,0.262404,0.235111
0.2562,174.1071,0.298530,0.289735
0.2562,175.1786,0.347566,0.350716
0.2562,176.2500,0.413951,0.414569
0.2562,177.3214,0.502607,0.471174
0.2562,178.3929,0.601101,0.506618
0.2562,179.4643,0.657734,0.520573
0.2562,180.5357,0.652729,0.520480
0.2562,181.6071,0.585037,0.502332
0.2562,182.6786,0.483592,0.461455
0.2562,183.7500,0.399949,0.402724
0.2562,184.8214,0.336543,0.339780
0.2562,185.8929,0.290271,0.280630
0.2562,186.9643,0.256113,0.227621
0.2562,188.0357,0.232410,0.183521
0.2562,189.1071,0.215124,0.148856
0.2562,190.1786,0.199842,0.123772
0.2562,191.2500,0.181369,0.106778
0.2562,192.3214,0.157651,0.095517
0.2562,193.3929,0.134390,0.088233
0.2562,194.4643,0.121583,0.083529
0.2562,195.5357,0.117942,0.080544
0.2562,196.6071,0.120661,0.078824
0.2562,197.6786,0.128969,0.078325
0.2562,198.7500,0.121547,0.079156
0.2562,199.8214,0.116508,0.081272
0.2562,200.8929,0.114592,0.084810
0.2562,201.9643,0.111013,0.089289
0.2562,203.0357,0.108875,0.093849
0.2562,204.1071,0.106400,0.097487
0.2562,205.1786,0.104497,0.099614
0.2562,206.2500,0.102919,0.100523
0.2562,207.3214,0.101594,0.100962
0.2562,208.3929,0.100215,0.101276
0.2562,209.4643,0.099238,0.101275
0.2562,210.5357,0.097214,0.100946
0.2562,211.6071,0.094915,0.100359
0.2562,212.6786,0.096482,0.099450
0.2562,213.7500,0.098354,0.098295
0.2562,214.8214,0.099465,0.096813
0.2562,215.8929,0.100995,0.094122
0.2562,216.9643,0.102679,0.090075
0.2562,218.0357,0.105113,0.085008
0.2562,219.1071,0.107729,0.080065
0.2562,220.1786,0.110737,0.075915
0.2562,221.2500,0.113190,0.073318
0.2562,222.3214,0.122110,0.071876
0.2562,223.3929,0.116276,0.071861
0.2562,224.4643,0.110099,0.072697
0.2562,225.5357,0.115084,0.074585
0.2562,226.6071,0.124859,0.077735
0.2562,227.6786,0.143739,0.082656
0.2562,228.7500,0.159734,0.090499
0.2562,229.8214,0.175713,0.102591
0.2562,230.8929,0.188678,0.120933
0.2562,231.9643,0.202939,0.146558
0.2562,233.0357,0.220138,0.180825
0.2562,234.1071,0.241822,0.223468
0.2562,235.1786,0.272668,0.272220
0.2562,236.2500,0.315222,0.324573
0.2562,237.3214,0.373254,0.381458
0.2562,238.3929,0.447956,0.441121
0.2562,239.4643,0.548389,0.490363
0.2562,240.5357,0.636236,0.515786
0.2562,241.6071,0.663093,0.520971
0.2562,242.6786,0.628901,0.513242
0.2562,243.7500,0.538880,0.487867
0.2562,244.8214,0.439956,0.435444
0.2562,245.8929,0.369552,0.365399
0.2562,246.9643,0.317235,0.297619
0.2562,248.0357,0.277918,0.240093
0.2562,249.1071,0.252374,0.193779
0.2562,250.1786,0.239294,0.158601
0.2562,251.2500,0.214749,0.133785
0.2562,252.3214,0.182311,0.117331
0.2562,253.3929,0.150929,0.106238
0.2562,254.4643,0.133598,0.098916
0.2562,255.5357,0.129993,0.094047
0.2562,256.6071,0.130249,0.091021
0.2562,257.6786,0.139460,0.089541
0.2562,258.7500,0.132824,0.089546
0.2562,259.8214,0.126553,0.091103
0.2562,260.8929,0.124816,0.094110
0.2562,261.9643,0.120859,0.098211
0.2562,263.0357,0.118220,0.102294
0.2562,264.1071,0.115395,0.105514
0.2562,265.1786,0.113250,0.107041
0.2562,266.2500,0.111092,0.107528
0.2562,267.3214,0.109460,0.107360
0.2562,268.3929,0.108008,0.107656
0.2562,269.4643,0.106414,0.107681
0.2562,270.5357,0.104838,0.105084
0.2562,271.6071,0.102838,0.104581
0.2562,272.6786,0.099747,0.103755
0.2562,273.7500,0.099175,0.102105
0.2562,274.8214,0.101235,0.100403
0.2562,275.8929,0.102867,0.097602
0.2562,276.9643,0.104030,0.093594
0.2562,278.0357,0.106079,0.088215
0.2562,279.1071,0.107909,0.082924
0.2562,280.1786,0.111584,0.078238
0.2562,281.2500,0.111907,0.075212
0.2562,282.3214,0.121777,0.073487
0.2562,283.3929,0.117848,0.073220
0.2562,284.4643,0.109427,0.073850
0.2562,285.5357,0.115093,0.075511
0.2562,286.6071,0.124496,0.078422
0.2562,287.6786,0.143081,0.083018
0.2562,288.7500,0.157822,0.090376
0.2562,289.8214,0.173247,0.101805
0.2562,290.8929,0.185917,0.119325
0.2562,291.9643,0.199699,0.144047
0.2562,293.0357,0.217139,0.177257
0.2562,294.1071,0.238691,0.218737
0.2562,295.1786,0.268352,0.266475
0.2562,296.2500,0.309886,0.318395
0.2562,297.3214,0.367259,0.377590
0.2562,298.3929,0.443609,0.449354
0.2562,299.4643,0.558784,0.521929
0.2562,300.5357,0.682140,0.564228
0.2562,301.6071,0.734429,0.573987
0.2562,302.6786,0.697286,0.566696
0.2562,303.7500,0.582570,0.534589
0.2562,304.8214,0.457731,0.464950
0.2562,305.8929,0.381310,0.378581
0.2562,306.9643,0.325052,0.303986
0.2562,308.0357,0.284642,0.244795
0.2562,309.1071,0.257768,0.197463
0.2562,310.1786,0.242074,0.161590
0.2562,311.2500,0.217027,0.136332
0.2562,312.3214,0.183651,0.119652
0.2562,313.3929,0.152433,0.108576
0.2562,314.4643,0.134914,0.101239
0.2562,315.5357,0.130787,0.096315
0.2562,316.6071,0.131723,0.093346
0.2562,317.6786,0.140481,0.091905
0.2562,318.7500,0.132898,0.091944
0.2562,319.8214,0.126775,0.093582
0.2562,320.8929,0.125032,0.096680
0.2562,321.9643,0.121087,0.100876
0.2562,323.0357,0.118692,0.105003
0.2562,324.1071,0.116156,0.108049
0.2562,325.1786,0.114226,0.109619
0.2562,326.2500,0.112556,0.110151
0.2562,327.3214,0.111387,0.110317
0.2562,328.3929,0.110083,0.110612
0.2562,329.4643,0.109035,0.110426
0.2562,330.5357,0.107177,0.110136
0.2562,331.6071,0.104613,0.109492
0.2562,332.6786,0.105560,0.108600
0.2562,333.7500,0.107498,0.107563
0.2562,334.8214,0.108682,0.106396
0.2562,335.8929,0.109951,0.104063
0.2562,336.9643,0.111574,0.100209
0.2562,338.0357,0.113731,0.095139
0.2562,339.1071,0.116403,0.090050
0.2562,340.1786,0.118904,0.085824
0.2562,341.2500,0.122624,0.083147
0.2562,342.3214,0.132362,0.081927
0.2562,343.3929,0.125018,0.082146
0.2562,344.4643,0.119405,0.083602
0.2562,345.5357,0.124005,0.086333
0.2562,346.6071,0.136203,0.090711
0.2562,347.6786,0.159130,0.097556
0.2562,348.7500,0.181575,0.108367
0.2562,349.8214,0.199183,0.124784
0.2562,350.8929,0.213932,0.149444
0.2562,351.9643,0.232090,0.183767
0.2562,353.0357,0.256162,0.227711
0.2562,354.1071,0.290117,0.280201
0.2562,355.1786,0.337177,0.340002
0.2562,356.2500,0.402282,0.409863
0.2562,357.3214,0.493349,0.488349
0.2562,358.3929,0.625034,0.550473
0.2562,359.4643,0.721261,0.577350
0.2574,0.5357,0.740357,0.585077
0.2574,1.6071,0.657851,0.564898
0.2574,2.6786,0.522839,0.508933
0.2574,3.7500,0.420171,0.428119
0.2574,4.8214,0.350675,0.353613
0.2574,5.8929,0.300079,0.290803
0.2574,6.9643,0.263794,0.236359
0.2574,8.0357,0.237942,0.190689
0.2574,9.1071,0.218945,0.154722
0.2574,10.1786,0.204090,0.128761
0.2574,11.2500,0.185381,0.111371
0.2574,12.3214,0.161767,0.100024
0.2574,13.3929,0.137949,0.092704
0.2574,14.4643,0.125364,0.088064
0.2574,15.5357,0.120813,0.085092
0.2574,16.6071,0.126029,0.083526
0.2574,17.6786,0.133678,0.083209
0.2574,18.7500,0.124164,0.084316
0.2574,19.8214,0.120094,0.086950
0.2574,20.8929,0.117723,0.091156
0.2574,21.9643,0.114885,0.096179
0.2574,23.0357,0.112811,0.101264
0.2574,24.1071,0.111089,0.105125
0.2574,25.1786,0.109886,0.107409
0.2574,26.2500,0.108822,0.108562
0.2574,27.3214,0.107009,0.109498
0.2574,28.3929,0.105351,0.110385
0.2574,29.4643,0.107787,0.110947
0.2574,30.5357,0.109821,0.111276
0.2574,31.6071,0.110792,0.111325
0.2574,32.6786,0.112027,0.110996
0.2574,33.7500,0.113129,0.110751
0.2574,34.8214,0.114591,0.110038
0.2574,35.8929,0.116507,0.108470
0.2574,36.9643,0.118960,0.105245
0.2574,38.0357,0.121360,0.101033
0.2574,39.1071,0.125126,0.096718
0.2574,40.1786,0.126930,0.093402
0.2574,41.2500,0.132707,0.091657
0.2574,42.3214,0.140574,0.091474
0.2574,43.3929,0.131674,0.092726
0.2574,44.4643,0.130291,0.095556
0.2574,45.5357,0.134287,0.100182
0.2574,46.6071,0.151309,0.107139
0.2574,47.6786,0.182027,0.117839
0.2574,48.7500,0.213896,0.133940
0.2574,49.8214,0.238111,0.158428
0.2574,50.8929,0.254591,0.193440
0.2574,51.9643,0.280547,0.239792
0.2574,53.0357,0.319102,0.297360
0.2574,54.1071,0.373382,0.369796
0.2574,55.1786,0.446095,0.456179
0.2574,56.2500,0.568270,0.531658
0.2574,57.3214,0.691812,0.569837
0.2574,58.3929,0.741563,0.579578
0.2574,59.4643,0.700541,0.572501
0.2574,60.5357,0.579064,0.533578
0.2574,61.6071,0.455509,0.461067
0.2574,62.6786,0.376664,0.386255
0.2574,63.7500,0.317104,0.325279
0.2574,64.8214,0.273790,0.272290
0.2574,65.8929,0.242789,0.223699
0.2574,66.9643,0.220446,0.181340
0.2574,68.0357,0.202436,0.147228
0.2574,69.1071,0.188458,0.121888
0.2574,70.1786,0.175607,0.103873
0.2574,71.2500,0.160122,0.092131
0.2574,72.3214,0.144784,0.084552
0.2574,73.3929,0.125902,0.079893
0.2574,74.4643,0.116461,0.076934
0.2574,75.5357,0.110810,0.075196
0.2574,76.6071,0.119267,0.074560
0.2574,77.6786,0.123605,0.074840
0.2574,78.7500,0.113617,0.076562
0.2574,79.8214,0.113147,0.079630
0.2574,80.8929,0.109612,0.084361
0.2574,81.9643,0.107707,0.089705
0.2574,83.0357,0.105694,0.095132
0.2574,84.1071,0.104543,0.099186
0.2574,85.1786,0.102936,0.101989
0.2574,86.2500,0.100837,0.103679
0.2574,87.3214,0.101369,0.105323
0.2574,88.3929,0.104462,0.106128
0.2574,89.4643,0.106460,0.106600
0.2574,90.5357,0.108025,0.109200
0.2574,91.6071,0.109586,0.109126
0.2574,92.6786,0.110985,0.108764
0.2574,93.7500,0.112585,0.108889
0.2574,94.8214,0.114703,0.108366
0.2574,95.8929,0.116787,0.106810
0.2574,96.9643,0.119555,0.103579
0.2574,98.0357,0.122135,0.099428
0.2574,99.1071,0.126017,0.095315
0.2574,100.1786,0.127714,0.092268
0.2574,101.2500,0.134003,0.090724
0.2574,102.3214,0.140656,0.090758
0.2574,103.3929,0.131330,0.092242
0.2574,104.4643,0.131162,0.095327
0.2574,105.5357,0.134714,0.100301
0.2574,106.6071,0.152459,0.107836
0.2574,107.6786,0.184012,0.119129
0.2574,108.7500,0.217685,0.135982
0.2574,109.8214,0.242639,0.161306
0.2574,110.8929,0.255675,0.197155
0.2574,111.9643,0.282217,0.244266
0.2574,113.0357,0.322685,0.303165
0.2574,114.1071,0.376902,0.373088
0.2574,115.1786,0.450331,0.445181
0.2574,116.2500,0.553357,0.497570
0.2574,117.3214,0.643523,0.521557
0.2574,118.3929,0.672854,0.527977
0.2574,119.4643,0.636877,0.520872
0.2574,120.5357,0.541731,0.491464
0.2574,121.6071,0.440795,0.437974
0.2574,122.6786,0.367071,0.376692
0.2574,123.7500,0.310372,0.319909
0.2574,124.8214,0.269127,0.268054
0.2574,125.8929,0.239270,0.219902
0.2574,126.9643,0.218010,0.178034
0.2574,128.0357,0.200900,0.144480
0.2574,129.1071,0.187386,0.119348
0.2574,130.1786,0.174478,0.101506
0.2574,131.2500,0.158931,0.089777
0.2574,132.3214,0.143285,0.082129
0.2574,133.3929,0.124923,0.077463
0.2574,134.4643,0.115069,0.074385
0.2574,135.5357,0.110124,0.072622
0.2574,136.6071,0.116558,0.071801
0.2574,137.6786,0.122323,0.072000
0.2574,138.7500,0.113239,0.073360
0.2574,139.8214,0.111031,0.076090
0.2574,140.8929,0.107949,0.080359
0.2574,141.9643,0.105338,0.085318
0.2574,143.0357,0.102961,0.090559
0.2574,144.1071,0.101323,0.094569
0.2574,145.1786,0.099765,0.097331
0.2574,146.2500,0.098689,0.098813
0.2574,147.3214,0.096846,0.100019
0.2574,148.3929,0.095688,0.100967
0.2574,149.4643,0.098218,0.101638
0.2574,150.5357,0.100182,0.101961
0.2574,151.6071,0.101223,0.102037
0.2574,152.6786,0.102642,0.101678
0.2574,153.7500,0.103879,0.101366
0.2574,154.8214,0.105544,0.100424
0.2574,155.8929,0.107530,0.098353
0.2574,156.9643,0.109923,0.094725
0.2574,158.0357,0.112105,0.090204
0.2574,159.1071,0.115724,0.085733
0.2574,160.1786,0.117555,0.082257
0.2574,161.2500,0.122734,0.080126
0.2574,162.3214,0.129981,0.079439
0.2574,163.3929,0.121502,0.079983
0.2574,164.4643,0.119105,0.081820
0.2574,165.5357,0.122769,0.085008
0.2574,166.6071,0.135944,0.089985
0.2574,167.6786,0.159992,0.097706
0.2574,168.7500,0.184708,0.109406
0.2574,169.8214,0.204079,0.127257
0.2574,170.8929,0.219395,0.153486
0.2574,171.9643,0.237396,0.189499
0.2574,173.0357,0.262774,0.235071
0.2574,174.1071,0.298877,0.289813
0.2574,175.1786,0.348136,0.351353
0.2574,176.2500,0.414937,0.416579
0.2574,177.3214,0.505262,0.475364
0.2574,178.3929,0.607131,0.512437
0.2574,179.4643,0.666209,0.526868
0.2574,180.5357,0.660923,0.526755
0.2574,181.6071,0.590387,0.507932
0.2574,182.6786,0.485726,0.465199
0.2574,183.7500,0.400827,0.404381
0.2574,184.8214,0.337086,0.340267
0.2574,185.8929,0.290600,0.280661
0.2574,186.9643,0.256369,0.227571
0.2574,188.0357,0.232651,0.183460
0.2574,189.1071,0.215144,0.148793
0.2574,190.1786,0.199844,0.123701
0.2574,191.2500,0.181374,0.106702
0.2574,192.3214,0.157657,0.095482
0.2574,193.3929,0.134412,0.088167
0.2574,194.4643,0.121611,0.083465
0.2574,195.5357,0.117948,0.080468
0.2574,196.6071,0.120657,0.078771
0.2574,197.6786,0.128997,0.078296
0.2574,198.7500,0.121555,0.079065
0.2574,199.8214,0.116508,0.081263
0.2574,200.8929,0.114600,0.084759
0.2574,201.9643,0.111036,0.089246
0.2574,203.0357,0.108834,0.093784
0.2574,204.1071,0.106392,0.097452
0.2574,205.1786,0.104473,0.099600
0.2574,206.2500,0.102904,0.100502
0.2574,207.3214,0.101586,0.100941
0.2574,208.3929,0.100215,0.101256
0.2574,209.4643,0.099238,0.101262
0.2574,210.5357,0.097199,0.100933
0.2574,211.6071,0.094922,0.100346
0.2574,212.6786,0.096474,0.099437
0.2574,213.7500,0.098354,0.098239
0.2574,214.8214,0.099465,0.096807
0.2574,215.8929,0.100995,0.094104
0.2574,216.9643,0.102679,0.090062
0.2574,218.0357,0.105120,0.084995
0.2574,219.1071,0.107742,0.080008
0.2574,220.1786,0.110764,0.075903
0.2574,221.2500,0.113190,0.073214
0.2574,222.3214,0.122165,0.071881
0.2574,223.3929,0.116330,0.071813
0.2574,224.4643,0.110119,0.072603
0.2574,225.5357,0.115177,0.074551
0.2574,226.6071,0.124964,0.077654
0.2574,227.6786,0.143813,0.082589
0.2574,228.7500,0.159840,0.090435
0.2574,229.8214,0.175705,0.102544
0.2574,230.8929,0.188812,0.120897
0.2574,231.9643,0.202967,0.146426
0.2574,233.0357,0.220342,0.180771
0.2574,234.1071,0.242159,0.223390
0.2574,235.1786,0.273013,0.272189
0.2574,236.2500,0.315495,0.324658
0.2574,237.3214,0.373718,0.382006
0.2574,238.3929,0.448784,0.442605
0.2574,239.4643,0.550393,0.492869
0.2574,240.5357,0.639734,0.518773
0.2574,241.6071,0.667212,0.523993
0.2574,242.6786,0.632306,0.516067
0.2574,243.7500,0.540597,0.490132
0.2574,244.8214,0.440520,0.436668
0.2574,245.8929,0.370027,0.365839
0.2574,246.9643,0.317275,0.297718
0.2574,248.0357,0.277920,0.240102
0.2574,249.1071,0.252294,0.193743
0.2574,250.1786,0.239181,0.158567
0.2574,251.2500,0.214716,0.133728
0.2574,252.3214,0.182299,0.117256
0.2574,253.3929,0.150941,0.106161
0.2574,254.4643,0.133634,0.098768
0.2574,255.5357,0.130046,0.093909
0.2574,256.6071,0.130296,0.090856
0.2574,257.6786,0.139559,0.089378
0.2574,258.7500,0.132990,0.089362
0.2574,259.8214,0.126660,0.090936
0.2574,260.8929,0.124903,0.093951
0.2574,261.9643,0.120927,0.098067
0.2574,263.0357,0.118292,0.102196
0.2574,264.1071,0.115424,0.105409
0.2574,265.1786,0.113267,0.106963
0.2574,266.2500,0.111100,0.107476
0.2574,267.3214,0.109451,0.107307
0.2574,268.3929,0.107999,0.107620
0.2574,269.4643,0.106397,0.107657
0.2574,270.5357,0.104796,0.105046
0.2574,271.6071,0.102803,0.104552
0.2574,272.6786,0.099707,0.103735
0.2574,273.7500,0.099132,0.102081
0.2574,274.8214,0.101185,0.100394
0.2574,275.8929,0.102823,0.097592
0.2574,276.9643,0.103983,0.093589
0.2574,278.0357,0.105994,0.088227
0.2574,279.1071,0.107838,0.082940
0.2574,280.1786,0.111505,0.078241
0.2574,281.2500,0.111806,0.075226
0.2574,282.3214,0.121675,0.073526
0.2574,283.3929,0.117757,0.073232
0.2574,284.4643,0.109383,0.073845
0.2574,285.5357,0.115012,0.075506
0.2574,286.6071,0.124481,0.078381
0.2574,287.6786,0.143032,0.082954
0.2574,288.7500,0.157841,0.090304
0.2574,289.8214,0.173210,0.101703
0.2574,290.8929,0.185927,0.119197
0.2574,291.9643,0.199806,0.143890
0.2574,293.0357,0.217403,0.177067
0.2574,294.1071,0.238953,0.218602
0.2574,295.1786,0.268754,0.266346
0.2574,296.2500,0.310427,0.318295
0.2574,297.3214,0.367900,0.377789
0.2574,298.3929,0.444688,0.451769
0.2574,299.4643,0.562933,0.529124
0.2574,300.5357,0.693118,0.574913
0.2574,301.6071,0.749367,0.585240
0.2574,302.6786,0.709673,0.577524
0.2574,303.7500,0.588560,0.542906
0.2574,304.8214,0.458778,0.468626
0.2574,305.8929,0.381930,0.379008
0.2574,306.9643,0.325528,0.303905
0.2574,308.0357,0.284984,0.244717
0.2574,309.1071,0.257992,0.197357
0.2574,310.1786,0.242073,0.161498
0.2574,311.2500,0.217039,0.136241
0.2574,312.3214,0.183704,0.119615
0.2574,313.3929,0.152418,0.108473
0.2574,314.4643,0.134889,0.101133
0.2574,315.5357,0.130811,0.096320
0.2574,316.6071,0.131686,0.093286
0.2574,317.6786,0.140468,0.091793
0.2574,318.7500,0.132898,0.091927
0.2574,319.8214,0.126769,0.093519
0.2574,320.8929,0.124963,0.096613
0.2574,321.9643,0.121067,0.100803
0.2574,323.0357,0.118625,0.104943
0.2574,324.1071,0.116121,0.108071
0.2574,325.1786,0.114205,0.109562
0.2574,326.2500,0.112492,0.110083
0.2574,327.3214,0.111380,0.110340
0.2574,328.3929,0.110122,0.110558
0.2574,329.4643,0.109027,0.110407
0.2574,330.5357,0.107170,0.110116
0.2574,331.6071,0.104563,0.109442
0.2574,332.6786,0.105553,0.108573
0.2574,333.7500,0.107490,0.107543
0.2574,334.8214,0.108674,0.106368
0.2574,335.8929,0.109943,0.104042
0.2574,336.9643,0.111566,0.100174
0.2574,338.0357,0.113731,0.095096
0.2574,339.1071,0.116403,0.089999
0.2574,340.1786,0.118940,0.085758
0.2574,341.2500,0.122641,0.083113
0.2574,342.3214,0.132368,0.081852
0.2574,343.3929,0.125044,0.082093
0.2574,344.4643,0.119397,0.083540
0.2574,345.5357,0.124042,0.086262
0.2574,346.6071,0.136218,0.090638
0.2574,347.6786,0.159176,0.097483
0.2574,348.7500,0.181597,0.108284
0.2574,349.8214,0.199207,0.124698
0.2574,350.8929,0.213985,0.149346
0.2574,351.9643,0.232167,0.183666
0.2574,353.0357,0.256398,0.227626
0.2574,354.1071,0.290422,0.280138
0.2574,355.1786,0.337568,0.339953
0.2574,356.2500,0.402817,0.410468
0.2574,357.3214,0.494548,0.491454
0.2574,358.3929,0.630097,0.556551
0.2574,359.4643,0.730119,0.584692
0.2589,0.5357,0.751984,0.594259
0.2589,1.6071,0.665241,0.572943
0.2589,2.6786,0.524840,0.513483
0.2589,3.7500,0.420865,0.429078
0.2589,4.8214,0.351140,0.353546
0.2589,5.8929,0.300420,0.290719
0.2589,6.9643,0.264071,0.236252
0.2589,8.0357,0.238059,0.190561
0.2589,9.1071,0.219003,0.154612
0.2589,10.1786,0.204111,0.128651
0.2589,11.2500,0.185432,0.111266
0.2589,12.3214,0.161804,0.099929
0.2589,13.3929,0.137973,0.092626
0.2589,14.4643,0.125392,0.087958
0.2589,15.5357,0.120819,0.085036
0.2589,16.6071,0.126062,0.083450
0.2589,17.6786,0.133707,0.083112
0.2589,18.7500,0.124172,0.084259
0.2589,19.8214,0.120103,0.086909
0.2589,20.8929,0.117731,0.091063
0.2589,21.9643,0.114917,0.096156
0.2589,23.0357,0.112762,0.101221
0.2589,24.1071,0.111089,0.105059
0.2589,25.1786,0.109870,0.107350
0.2589,26.2500,0.108853,0.108528
0.2589,27.3214,0.107001,0.109512
0.2589,28.3929,0.105343,0.110322
0.2589,29.4643,0.107736,0.110928
0.2589,30.5357,0.109814,0.111218
0.2589,31.6071,0.110778,0.111299
0.2589,32.6786,0.112013,0.110977
0.2589,33.7500,0.113066,0.110682
0.2589,34.8214,0.114570,0.110013
0.2589,35.8929,0.116472,0.108440
0.2589,36.9643,0.118939,0.105173
0.2589,38.0357,0.121286,0.100961
0.2589,39.1071,0.125113,0.096639
0.2589,40.1786,0.126873,0.093339
0.2589,41.2500,0.132778,0.091594
0.2589,42.3214,0.140547,0.091363
0.2589,43.3929,0.131672,0.092629
0.2589,44.4643,0.130285,0.095462
0.2589,45.5357,0.134238,0.100092
0.2589,46.6071,0.151323,0.107063
0.2589,47.6786,0.181996,0.117771
0.2589,48.7500,0.213942,0.133820
0.2589,49.8214,0.238115,0.158295
0.2589,50.8929,0.254594,0.193330
0.2589,51.9643,0.280841,0.239692
0.2589,53.0357,0.319427,0.297274
0.2589,54.1071,0.373946,0.369908
0.2589,55.1786,0.447231,0.459646
0.2589,56.2500,0.574369,0.541139
0.2589,57.3214,0.706211,0.583121
0.2589,58.3929,0.760239,0.593697
0.2589,59.4643,0.715093,0.586094
0.2589,60.5357,0.585266,0.543124
0.2589,61.6071,0.456677,0.464423
0.2589,62.6786,0.377457,0.386461
0.2589,63.7500,0.317749,0.325186
0.2589,64.8214,0.274243,0.272099
0.2589,65.8929,0.243139,0.223536
0.2589,66.9643,0.220772,0.181119
0.2589,68.0357,0.202525,0.147030
0.2589,69.1071,0.188454,0.121739
0.2589,70.1786,0.175624,0.103742
0.2589,71.2500,0.160085,0.092018
0.2589,72.3214,0.144772,0.084502
0.2589,73.3929,0.125834,0.079846
0.2589,74.4643,0.116397,0.076915
0.2589,75.5357,0.110727,0.075199
0.2589,76.6071,0.119161,0.074578
0.2589,77.6786,0.123480,0.074856
0.2589,78.7500,0.113525,0.076586
0.2589,79.8214,0.113058,0.079656
0.2589,80.8929,0.109514,0.084360
0.2589,81.9643,0.107595,0.089712
0.2589,83.0357,0.105632,0.095133
0.2589,84.1071,0.104492,0.099170
0.2589,85.1786,0.102860,0.101969
0.2589,86.2500,0.100790,0.103659
0.2589,87.3214,0.101320,0.105293
0.2589,88.3929,0.104418,0.106095
0.2589,89.4643,0.106409,0.106552
0.2589,90.5357,0.108002,0.109168
0.2589,91.6071,0.109568,0.109079
0.2589,92.6786,0.110969,0.108705
0.2589,93.7500,0.112603,0.108819
0.2589,94.8214,0.114733,0.108275
0.2589,95.8929,0.116809,0.106698
0.2589,96.9643,0.119631,0.103428
0.2589,98.0357,0.122232,0.099270
0.2589,99.1071,0.126102,0.095125
0.2589,100.1786,0.127875,0.092056
0.2589,101.2500,0.134197,0.090504
0.2589,102.3214,0.140755,0.090525
0.2589,103.3929,0.131432,0.092045
0.2589,104.4643,0.131207,0.095173
0.2589,105.5357,0.134729,0.100139
0.2589,106.6071,0.152474,0.107707
0.2589,107.6786,0.184012,0.119033
0.2589,108.7500,0.217636,0.135936
0.2589,109.8214,0.242497,0.161280
0.2589,110.8929,0.255538,0.197107
0.2589,111.9643,0.282226,0.244251
0.2589,113.0357,0.322731,0.303259
0.2589,114.1071,0.377546,0.373657
0.2589,115.1786,0.451061,0.446799
0.2589,116.2500,0.555708,0.500519
0.2589,117.3214,0.647903,0.525161
0.2589,118.3929,0.677999,0.531780
0.2589,119.4643,0.641057,0.524580
0.2589,120.5357,0.543900,0.494395
0.2589,121.6071,0.441642,0.439517
0.2589,122.6786,0.367547,0.377175
0.2589,123.7500,0.310842,0.319925
0.2589,124.8214,0.269328,0.268021
0.2589,125.8929,0.239640,0.219780
0.2589,126.9643,0.218204,0.177940
0.2589,128.0357,0.200971,0.144366
0.2589,129.1071,0.187414,0.119336
0.2589,130.1786,0.174604,0.101415
0.2589,131.2500,0.159014,0.089675
0.2589,132.3214,0.143371,0.082077
0.2589,133.3929,0.124988,0.077336
0.2589,134.4643,0.115186,0.074312
0.2589,135.5357,0.110162,0.072590
0.2589,136.6071,0.116637,0.071769
0.2589,137.6786,0.122344,0.071899
0.2589,138.7500,0.113291,0.073302
0.2589,139.8214,0.111033,0.076084
0.2589,140.8929,0.107983,0.080297
0.2589,141.9643,0.105400,0.085263
0.2589,143.0357,0.102908,0.090493
0.2589,144.1071,0.101330,0.094550
0.2589,145.1786,0.099816,0.097313
0.2589,146.2500,0.098689,0.098794
0.2589,147.3214,0.096839,0.100006
0.2589,148.3929,0.095688,0.100954
0.2589,149.4643,0.098218,0.101618
0.2589,150.5357,0.100124,0.101910
0.2589,151.6071,0.101264,0.102010
0.2589,152.6786,0.102595,0.101699
0.2589,153.7500,0.103909,0.101312
0.2589,154.8214,0.105500,0.100389
0.2589,155.8929,0.107498,0.098347
0.2589,156.9643,0.109915,0.094653
0.2589,158.0357,0.112097,0.090146
0.2589,159.1071,0.115724,0.085701
0.2589,160.1786,0.117563,0.082183
0.2589,161.2500,0.122785,0.080068
0.2589,162.3214,0.129992,0.079349
0.2589,163.3929,0.121528,0.079936
0.2589,164.4643,0.119102,0.081742
0.2589,165.5357,0.122766,0.084928
0.2589,166.6071,0.135958,0.089921
0.2589,167.6786,0.160044,0.097609
0.2589,168.7500,0.184698,0.109344
0.2589,169.8214,0.204081,0.127176
0.2589,170.8929,0.219440,0.153391
0.2589,171.9643,0.237665,0.189439
0.2589,173.0357,0.263202,0.235012
0.2589,174.1071,0.299271,0.289830
0.2589,175.1786,0.348789,0.352001
0.2589,176.2500,0.416058,0.418884
0.2589,177.3214,0.508370,0.480477
0.2589,178.3929,0.614526,0.519659
0.2589,179.4643,0.676723,0.534719
0.2589,180.5357,0.671065,0.534594
0.2589,181.6071,0.596933,0.514898
0.2589,182.6786,0.488207,0.469745
0.2589,183.7500,0.401836,0.406252
0.2589,184.8214,0.337730,0.340760
0.2589,185.8929,0.290993,0.280635
0.2589,186.9643,0.256692,0.227517
0.2589,188.0357,0.232907,0.183380
0.2589,189.1071,0.215171,0.148708
0.2589,190.1786,0.199857,0.123620
0.2589,191.2500,0.181402,0.106632
0.2589,192.3214,0.157679,0.095392
0.2589,193.3929,0.134419,0.088097
0.2589,194.4643,0.121630,0.083413
0.2589,195.5357,0.117946,0.080391
0.2589,196.6071,0.120683,0.078702
0.2589,197.6786,0.129008,0.078229
0.2589,198.7500,0.121605,0.079007
0.2589,199.8214,0.116516,0.081157
0.2589,200.8929,0.114600,0.084727
0.2589,201.9643,0.110997,0.089188
0.2589,203.0357,0.108859,0.093741
0.2589,204.1071,0.106376,0.097423
0.2589,205.1786,0.104457,0.099565
0.2589,206.2500,0.102888,0.100475
0.2589,207.3214,0.101531,0.100886
0.2589,208.3929,0.100248,0.101278
0.2589,209.4643,0.099187,0.101205
0.2589,210.5357,0.097199,0.100958
0.2589,211.6071,0.094915,0.100286
0.2589,212.6786,0.096515,0.099424
0.2589,213.7500,0.098305,0.098220
0.2589,214.8214,0.099465,0.096788
0.2589,215.8929,0.100995,0.094039
0.2589,216.9643,0.102686,0.090044
0.2589,218.0357,0.105182,0.084935
0.2589,219.1071,0.107762,0.079990
0.2589,220.1786,0.110796,0.075852
0.2589,221.2500,0.113209,0.073156
0.2589,222.3214,0.122239,0.071834
0.2589,223.3929,0.116335,0.071716
0.2589,224.4643,0.110218,0.072570
0.2589,225.5357,0.115226,0.074472
0.2589,226.6071,0.125034,0.077583
0.2589,227.6786,0.143964,0.082526
0.2589,228.7500,0.159928,0.090333
0.2589,229.8214,0.175773,0.102454
0.2589,230.8929,0.188850,0.120769
0.2589,231.9643,0.202995,0.146369
0.2589,233.0357,0.220657,0.180629
0.2589,234.1071,0.242475,0.223327
0.2589,235.1786,0.273334,0.272125
0.2589,236.2500,0.315938,0.324691
0.2589,237.3214,0.374158,0.382509
0.2589,238.3929,0.449564,0.444093
0.2589,239.4643,0.552464,0.495481
0.2589,240.5357,0.643463,0.521941
0.2589,241.6071,0.671565,0.527225
0.2589,242.6786,0.635871,0.519115
0.2589,243.7500,0.542417,0.492526
0.2589,244.8214,0.441126,0.437992
0.2589,245.8929,0.370530,0.366296
0.2589,246.9643,0.317680,0.297848
0.2589,248.0357,0.277774,0.240063
0.2589,249.1071,0.252056,0.193751
0.2589,250.1786,0.239096,0.158527
0.2589,251.2500,0.214609,0.133668
0.2589,252.3214,0.182260,0.117145
0.2589,253.3929,0.150961,0.106033
0.2589,254.4643,0.133655,0.098635
0.2589,255.5357,0.130096,0.093704
0.2589,256.6071,0.130366,0.090648
0.2589,257.6786,0.139667,0.089132
0.2589,258.7500,0.133194,0.089104
0.2589,259.8214,0.126849,0.090701
0.2589,260.8929,0.124997,0.093737
0.2589,261.9643,0.121038,0.097879
0.2589,263.0357,0.118361,0.102038
0.2589,264.1071,0.115460,0.105282
0.2589,265.1786,0.113299,0.106874
0.2589,266.2500,0.111116,0.107389
0.2589,267.3214,0.109431,0.107246
0.2589,268.3929,0.107978,0.107567
0.2589,269.4643,0.106371,0.107622
0.2589,270.5357,0.104753,0.104991
0.2589,271.6071,0.102755,0.104515
0.2589,272.6786,0.099673,0.103700
0.2589,273.7500,0.099085,0.102058
0.2589,274.8214,0.101108,0.100366
0.2589,275.8929,0.102753,0.097579
0.2589,276.9643,0.103908,0.093594
0.2589,278.0357,0.105885,0.088229
0.2589,279.1071,0.107733,0.082945
0.2589,280.1786,0.111396,0.078275
0.2589,281.2500,0.111696,0.075258
0.2589,282.3214,0.121544,0.073548
0.2589,283.3929,0.117642,0.073237
0.2589,284.4643,0.109283,0.073849
0.2589,285.5357,0.114965,0.075490
0.2589,286.6071,0.124401,0.078364
0.2589,287.6786,0.143016,0.082888
0.2589,288.7500,0.157799,0.090230
0.2589,289.8214,0.173215,0.101576
0.2589,290.8929,0.185939,0.119018
0.2589,291.9643,0.199859,0.143713
0.2589,293.0357,0.217512,0.176867
0.2589,294.1071,0.239287,0.218355
0.2589,295.1786,0.269257,0.266187
0.2589,296.2500,0.311066,0.318171
0.2589,297.3214,0.368693,0.377736
0.2589,298.3929,0.445947,0.454277
0.2589,299.4643,0.567923,0.538199
0.2589,300.5357,0.707258,0.589058
0.2589,301.6071,0.769036,0.600282
0.2589,302.6786,0.725786,0.591809
0.2589,303.7500,0.596143,0.553584
0.2589,304.8214,0.459842,0.472865
0.2589,305.8929,0.382603,0.379129
0.2589,306.9643,0.325988,0.303809
0.2589,308.0357,0.285353,0.244615
0.2589,309.1071,0.258031,0.197245
0.2589,310.1786,0.242029,0.161371
0.2589,311.2500,0.217080,0.136140
0.2589,312.3214,0.183673,0.119484
0.2589,313.3929,0.152426,0.108386
0.2589,314.4643,0.134895,0.101043
0.2589,315.5357,0.130745,0.096222
0.2589,316.6071,0.131672,0.093184
0.2589,317.6786,0.140490,0.091735
0.2589,318.7500,0.132905,0.091811
0.2589,319.8214,0.126705,0.093445
0.2589,320.8929,0.125012,0.096584
0.2589,321.9643,0.120993,0.100731
0.2589,323.0357,0.118598,0.104866
0.2589,324.1071,0.116101,0.108001
0.2589,325.1786,0.114126,0.109492
0.2589,326.2500,0.112471,0.110101
0.2589,327.3214,0.111344,0.110279
0.2589,328.3929,0.110061,0.110526
0.2589,329.4643,0.109020,0.110394
0.2589,330.5357,0.107155,0.110052
0.2589,331.6071,0.104548,0.109415
0.2589,332.6786,0.105553,0.108552
0.2589,333.7500,0.107482,0.107515
0.2589,334.8214,0.108630,0.106308
0.2589,335.8929,0.109970,0.103999
0.2589,336.9643,0.111566,0.100131
0.2589,338.0357,0.113692,0.095046
0.2589,339.1071,0.116441,0.089933
0.2589,340.1786,0.118940,0.085692
0.2589,341.2500,0.122657,0.083023
0.2589,342.3214,0.132397,0.081794
0.2589,343.3929,0.125065,0.082018
0.2589,344.4643,0.119418,0.083455
0.2589,345.5357,0.124064,0.086183
0.2589,346.6071,0.136266,0.090545
0.2589,347.6786,0.159230,0.097395
0.2589,348.7500,0.181653,0.108178
0.2589,349.8214,0.199224,0.124581
0.2589,350.8929,0.214054,0.149229
0.2589,351.9643,0.232285,0.183546
0.2589,353.0357,0.256679,0.227507
0.2589,354.1071,0.290775,0.280043
0.2589,355.1786,0.337948,0.339889
0.2589,356.2500,0.403498,0.410999
0.2589,357.3214,0.495847,0.495117
0.2589,358.3929,0.636262,0.564047
0.2589,359.4643,0.741038,0.593825
0.2599,0.5357,0.759980,0.600619
0.2599,1.6071,0.670230,0.578461
0.2599,2.6786,0.526114,0.516510
0.2599,3.7500,0.421326,0.429605
0.2599,4.8214,0.351441,0.353501
0.2599,5.8929,0.300661,0.290659
0.2599,6.9643,0.264254,0.236174
0.2599,8.0357,0.238136,0.190473
0.2599,9.1071,0.219049,0.154524
0.2599,10.1786,0.204135,0.128573
0.2599,11.2500,0.185424,0.111197
0.2599,12.3214,0.161881,0.099854
0.2599,13.3929,0.137988,0.092579
0.2599,14.4643,0.125406,0.087902
0.2599,15.5357,0.120833,0.084989
0.2599,16.6071,0.126075,0.083383
0.2599,17.6786,0.133713,0.083075
0.2599,18.7500,0.124189,0.084207
0.2599,19.8214,0.120111,0.086850
0.2599,20.8929,0.117731,0.091027
0.2599,21.9643,0.114909,0.096120
0.2599,23.0357,0.112762,0.101193
0.2599,24.1071,0.111116,0.105031
0.2599,25.1786,0.109834,0.107329
0.2599,26.2500,0.108845,0.108514
0.2599,27.3214,0.106993,0.109457
0.2599,28.3929,0.105294,0.110309
0.2599,29.4643,0.107780,0.110908
0.2599,30.5357,0.109799,0.111198
0.2599,31.6071,0.110770,0.111286
0.2599,32.6786,0.111991,0.110916
0.2599,33.7500,0.113003,0.110670
0.2599,34.8214,0.114556,0.109995
0.2599,35.8929,0.116451,0.108382
0.2599,36.9643,0.118926,0.105155
0.2599,38.0357,0.121225,0.100888
0.2599,39.1071,0.125107,0.096577
0.2599,40.1786,0.126873,0.093316
0.2599,41.2500,0.132778,0.091536
0.2599,42.3214,0.140552,0.091310
0.2599,43.3929,0.131646,0.092575
0.2599,44.4643,0.130273,0.095418
0.2599,45.5357,0.134286,0.099997
0.2599,46.6071,0.151314,0.106971
0.2599,47.6786,0.182009,0.117692
0.2599,48.7500,0.213954,0.133740
0.2599,49.8214,0.238092,0.158241
0.2599,50.8929,0.254625,0.193245
0.2599,51.9643,0.280979,0.239618
0.2599,53.0357,0.319641,0.297200
0.2599,54.1071,0.374274,0.369872
0.2599,55.1786,0.447936,0.461738
0.2599,56.2500,0.578336,0.547567
0.2599,57.3214,0.716163,0.592450
0.2599,58.3929,0.773342,0.603728
0.2599,59.4643,0.725109,0.595672
0.2599,60.5357,0.589342,0.549564
0.2599,61.6071,0.457414,0.466422
0.2599,62.6786,0.377944,0.386477
0.2599,63.7500,0.318189,0.325082
0.2599,64.8214,0.274567,0.271988
0.2599,65.8929,0.243307,0.223405
0.2599,66.9643,0.220905,0.180972
0.2599,68.0357,0.202573,0.146900
0.2599,69.1071,0.188479,0.121637
0.2599,70.1786,0.175617,0.103640
0.2599,71.2500,0.160067,0.091979
0.2599,72.3214,0.144744,0.084438
0.2599,73.3929,0.125823,0.079819
0.2599,74.4643,0.116346,0.076896
0.2599,75.5357,0.110680,0.075217
0.2599,76.6071,0.119077,0.074571
0.2599,77.6786,0.123412,0.074876
0.2599,78.7500,0.113444,0.076612
0.2599,79.8214,0.112990,0.079656
0.2599,80.8929,0.109443,0.084371
0.2599,81.9643,0.107548,0.089721
0.2599,83.0357,0.105580,0.095125
0.2599,84.1071,0.104444,0.099158
0.2599,85.1786,0.102817,0.101959
0.2599,86.2500,0.100755,0.103634
0.2599,87.3214,0.101298,0.105272
0.2599,88.3929,0.104386,0.106072
0.2599,89.4643,0.106373,0.106517
0.2599,90.5357,0.107988,0.109148
0.2599,91.6071,0.109561,0.109042
0.2599,92.6786,0.110954,0.108664
0.2599,93.7500,0.112617,0.108771
0.2599,94.8214,0.114739,0.108213
0.2599,95.8929,0.116839,0.106614
0.2599,96.9643,0.119688,0.103341
0.2599,98.0357,0.122272,0.099145
0.2599,99.1071,0.126181,0.094983
0.2599,100.1786,0.127974,0.091904
0.2599,101.2500,0.134327,0.090342
0.2599,102.3214,0.140853,0.090382
0.2599,103.3929,0.131455,0.091903
0.2599,104.4643,0.131221,0.095045
0.2599,105.5357,0.134757,0.100058
0.2599,106.6071,0.152478,0.107621
0.2599,107.6786,0.183985,0.118965
0.2599,108.7500,0.217587,0.135867
0.2599,109.8214,0.242443,0.161253
0.2599,110.8929,0.255322,0.197112
0.2599,111.9643,0.282140,0.244261
0.2599,113.0357,0.323134,0.303318
0.2599,114.1071,0.377849,0.374007
0.2599,115.1786,0.451560,0.447884
0.2599,116.2500,0.557257,0.502455
0.2599,117.3214,0.650794,0.527557
0.2599,118.3929,0.681390,0.534333
0.2599,119.4643,0.643852,0.527033
0.2599,120.5357,0.545307,0.496319
0.2599,121.6071,0.442141,0.440514
0.2599,122.6786,0.367904,0.377473
0.2599,123.7500,0.311050,0.319914
0.2599,124.8214,0.269555,0.267982
0.2599,125.8929,0.239901,0.219720
0.2599,126.9643,0.218473,0.177919
0.2599,128.0357,0.200965,0.144269
0.2599,129.1071,0.187386,0.119287
0.2599,130.1786,0.174620,0.101354
0.2599,131.2500,0.159119,0.089611
0.2599,132.3214,0.143462,0.082057
0.2599,133.3929,0.125008,0.077255
0.2599,134.4643,0.115199,0.074278
0.2599,135.5357,0.110230,0.072502
0.2599,136.6071,0.116629,0.071721
0.2599,137.6786,0.122393,0.071905
0.2599,138.7500,0.113329,0.073308
0.2599,139.8214,0.111073,0.075976
0.2599,140.8929,0.107996,0.080285
0.2599,141.9643,0.105352,0.085251
0.2599,143.0357,0.102968,0.090481
0.2599,144.1071,0.101330,0.094492
0.2599,145.1786,0.099816,0.097300
0.2599,146.2500,0.098689,0.098787
0.2599,147.3214,0.096839,0.099993
0.2599,148.3929,0.095634,0.100941
0.2599,149.4643,0.098262,0.101573
0.2599,150.5357,0.100124,0.101927
0.2599,151.6071,0.101257,0.102003
0.2599,152.6786,0.102595,0.101644
0.2599,153.7500,0.103863,0.101291
0.2599,154.8214,0.105528,0.100399
0.2599,155.8929,0.107465,0.098289
0.2599,156.9643,0.109875,0.094631
0.2599,158.0357,0.112128,0.090130
0.2599,159.1071,0.115716,0.085630
0.2599,160.1786,0.117571,0.082132
0.2599,161.2500,0.122793,0.080033
0.2599,162.3214,0.130011,0.079305
0.2599,163.3929,0.121520,0.079876
0.2599,164.4643,0.119131,0.081695
0.2599,165.5357,0.122772,0.084898
0.2599,166.6071,0.135957,0.089863
0.2599,167.6786,0.160051,0.097557
0.2599,168.7500,0.184717,0.109276
0.2599,169.8214,0.204090,0.127127
0.2599,170.8929,0.219434,0.153342
0.2599,171.9643,0.237833,0.189378
0.2599,173.0357,0.263347,0.234967
0.2599,174.1071,0.299619,0.289815
0.2599,175.1786,0.349240,0.352376
0.2599,176.2500,0.416788,0.420351
0.2599,177.3214,0.510410,0.483904
0.2599,178.3929,0.619549,0.524631
0.2599,179.4643,0.683950,0.540158
0.2599,180.5357,0.678029,0.540023
0.2599,181.6071,0.601360,0.519686
0.2599,182.6786,0.489823,0.472794
0.2599,183.7500,0.402484,0.407430
0.2599,184.8214,0.338146,0.341037
0.2599,185.8929,0.291249,0.280615
0.2599,186.9643,0.256897,0.227473
0.2599,188.0357,0.233100,0.183319
0.2599,189.1071,0.215175,0.148652
0.2599,190.1786,0.199854,0.123563
0.2599,191.2500,0.181407,0.106564
0.2599,192.3214,0.157716,0.095333
0.2599,193.3929,0.134435,0.088046
0.2599,194.4643,0.121636,0.083364
0.2599,195.5357,0.117952,0.080364
0.2599,196.6071,0.120696,0.078635
0.2599,197.6786,0.129052,0.078169
0.2599,198.7500,0.121605,0.078979
0.2599,199.8214,0.116533,0.081105
0.2599,200.8929,0.114600,0.084683
0.2599,201.9643,0.111028,0.089152
0.2599,203.0357,0.108826,0.093713
0.2599,204.1071,0.106368,0.097395
0.2599,205.1786,0.104457,0.099512
0.2599,206.2500,0.102880,0.100487
0.2599,207.3214,0.101531,0.100872
0.2599,208.3929,0.100241,0.101222
0.2599,209.4643,0.099179,0.101191
0.2599,210.5357,0.097191,0.100900
0.2599,211.6071,0.094907,0.100273
0.2599,212.6786,0.096467,0.099405
0.2599,213.7500,0.098347,0.098207
0.2599,214.8214,0.099399,0.096724
0.2599,215.8929,0.100988,0.094021
0.2599,216.9643,0.102739,0.090026
0.2599,218.0357,0.105134,0.084868
0.2599,219.1071,0.107762,0.079978
0.2599,220.1786,0.110739,0.075738
0.2599,221.2500,0.113241,0.073144
0.2599,222.3214,0.122211,0.071722
0.2599,223.3929,0.116309,0.071667
0.2599,224.4643,0.110268,0.072521
0.2599,225.5357,0.115221,0.074371
0.2599,226.6071,0.125049,0.077481
0.2599,227.6786,0.144049,0.082438
0.2599,228.7500,0.159969,0.090242
0.2599,229.8214,0.175812,0.102324
0.2599,230.8929,0.188903,0.120647
0.2599,231.9643,0.203043,0.146215
0.2599,233.0357,0.220710,0.180554
0.2599,234.1071,0.242626,0.223160
0.2599,235.1786,0.273374,0.271989
0.2599,236.2500,0.316036,0.324577
0.2599,237.3214,0.374195,0.382420
0.2599,238.3929,0.449554,0.444018
0.2599,239.4643,0.552416,0.495418
0.2599,240.5357,0.643437,0.521887
0.2599,241.6071,0.671485,0.527169
0.2599,242.6786,0.635801,0.519100
0.2599,243.7500,0.542337,0.492505
0.2599,244.8214,0.441041,0.437969
0.2599,245.8929,0.370457,0.366320
0.2599,246.9643,0.317583,0.297877
0.2599,248.0357,0.277687,0.240132
0.2599,249.1071,0.251964,0.193741
0.2599,250.1786,0.239000,0.158514
0.2599,251.2500,0.214612,0.133613
0.2599,252.3214,0.182272,0.117086
0.2599,253.3929,0.150989,0.105921
0.2599,254.4643,0.133735,0.098472
0.2599,255.5357,0.130147,0.093539
0.2599,256.6071,0.130466,0.090416
0.2599,257.6786,0.139813,0.088917
0.2599,258.7500,0.133438,0.088848
0.2599,259.8214,0.127037,0.090444
0.2599,260.8929,0.125147,0.093521
0.2599,261.9643,0.121147,0.097699
0.2599,263.0357,0.118451,0.101869
0.2599,264.1071,0.115518,0.105162
0.2599,265.1786,0.113340,0.106773
0.2599,266.2500,0.111144,0.107314
0.2599,267.3214,0.109438,0.107176
0.2599,268.3929,0.107963,0.107515
0.2599,269.4643,0.106363,0.107589
0.2599,270.5357,0.104732,0.104936
0.2599,271.6071,0.102702,0.104482
0.2599,272.6786,0.099627,0.103676
0.2599,273.7500,0.099033,0.102038
0.2599,274.8214,0.101012,0.100360
0.2599,275.8929,0.102672,0.097580
0.2599,276.9643,0.103822,0.093603
0.2599,278.0357,0.105781,0.088256
0.2599,279.1071,0.107609,0.082994
0.2599,280.1786,0.111279,0.078313
0.2599,281.2500,0.111546,0.075309
0.2599,282.3214,0.121399,0.073609
0.2599,283.3929,0.117480,0.073302
0.2599,284.4643,0.109139,0.073894
0.2599,285.5357,0.114858,0.075512
0.2599,286.6071,0.124326,0.078351
0.2599,287.6786,0.142906,0.082883
0.2599,288.7500,0.157726,0.090174
0.2599,289.8214,0.173181,0.101486
0.2599,290.8929,0.185881,0.118934
0.2599,291.9643,0.199830,0.143543
0.2599,293.0357,0.217568,0.176717
0.2599,294.1071,0.239594,0.218160
0.2599,295.1786,0.269745,0.265970
0.2599,296.2500,0.311477,0.318035
0.2599,297.3214,0.369358,0.377630
0.2599,298.3929,0.447026,0.455880
0.2599,299.4643,0.571977,0.545824
0.2599,300.5357,0.719612,0.601745
0.2599,301.6071,0.786654,0.613926
0.2599,302.6786,0.740090,0.604625
0.2599,303.7500,0.602603,0.562859
0.2599,304.8214,0.460469,0.476214
0.2599,305.8929,0.383093,0.379074
0.2599,306.9643,0.326169,0.303740
0.2599,308.0357,0.285453,0.244525
0.2599,309.1071,0.258056,0.197150
0.2599,310.1786,0.241995,0.161296
0.2599,311.2500,0.217087,0.136064
0.2599,312.3214,0.183675,0.119395
0.2599,313.3929,0.152359,0.108294
0.2599,314.4643,0.134930,0.100948
0.2599,315.5357,0.130781,0.096172
0.2599,316.6071,0.131646,0.093076
0.2599,317.6786,0.140427,0.091729
0.2599,318.7500,0.132905,0.091690
0.2599,319.8214,0.126705,0.093382
0.2599,320.8929,0.124937,0.096510
0.2599,321.9643,0.120980,0.100707
0.2599,323.0357,0.118524,0.104842
0.2599,324.1071,0.116080,0.107936
0.2599,325.1786,0.114048,0.109462
0.2599,326.2500,0.112442,0.110039
0.2599,327.3214,0.111322,0.110254
0.2599,328.3929,0.110031,0.110473
0.2599,329.4643,0.108938,0.110368
0.2599,330.5357,0.107139,0.110039
0.2599,331.6071,0.104582,0.109395
0.2599,332.6786,0.105505,0.108497
0.2599,333.7500,0.107474,0.107495
0.2599,334.8214,0.108622,0.106281
0.2599,335.8929,0.109970,0.103948
0.2599,336.9643,0.111558,0.100102
0.2599,338.0357,0.113692,0.095010
0.2599,339.1071,0.116441,0.089890
0.2599,340.1786,0.118948,0.085666
0.2599,341.2500,0.122674,0.082972
0.2599,342.3214,0.132420,0.081726
0.2599,343.3929,0.125078,0.081972
0.2599,344.4643,0.119440,0.083387
0.2599,345.5357,0.124087,0.086119
0.2599,346.6071,0.136321,0.090488
0.2599,347.6786,0.159276,0.097321
0.2599,348.7500,0.181653,0.108110
0.2599,349.8214,0.199256,0.124503
0.2599,350.8929,0.214125,0.149134
0.2599,351.9643,0.232317,0.183459
0.2599,353.0357,0.256872,0.227436
0.2599,354.1071,0.291005,0.279983
0.2599,355.1786,0.338178,0.339827
0.2599,356.2500,0.403906,0.411262
0.2599,357.3214,0.496678,0.497503
0.2599,358.3929,0.640413,0.569140
0.2599,359.4643,0.748518,0.600136
0.2624,0.5357,0.780963,0.617501
0.2624,1.6071,0.683083,0.593011
0.2624,2.6786,0.529041,0.524034
0.2624,3.7500,0.422391,0.430466
0.2624,4.8214,0.352194,0.353361
0.2624,5.8929,0.301245,0.290490
0.2624,6.9643,0.264746,0.235956
0.2624,8.0357,0.238302,0.190244
0.2624,9.1071,0.219195,0.154301
0.2624,10.1786,0.204165,0.128362
0.2624,11.2500,0.185539,0.111008
0.2624,12.3214,0.161965,0.099677
0.2624,13.3929,0.138075,0.092411
0.2624,14.4643,0.125465,0.087756
0.2624,15.5357,0.120862,0.084821
0.2624,16.6071,0.126117,0.083254
0.2624,17.6786,0.133819,0.082942
0.2624,18.7500,0.124230,0.084083
0.2624,19.8214,0.120155,0.086725
0.2624,20.8929,0.117731,0.090910
0.2624,21.9643,0.114909,0.095999
0.2624,23.0357,0.112754,0.101107
0.2624,24.1071,0.111065,0.104931
0.2624,25.1786,0.109847,0.107266
0.2624,26.2500,0.108783,0.108426
0.2624,27.3214,0.106899,0.109403
0.2624,28.3929,0.105274,0.110219
0.2624,29.4643,0.107617,0.110824
0.2624,30.5357,0.109687,0.111100
0.2624,31.6071,0.110696,0.111195
0.2624,32.6786,0.111878,0.110811
0.2624,33.7500,0.112931,0.110564
0.2624,34.8214,0.114442,0.109889
0.2624,35.8929,0.116351,0.108217
0.2624,36.9643,0.118772,0.105042
0.2624,38.0357,0.121191,0.100726
0.2624,39.1071,0.125032,0.096418
0.2624,40.1786,0.126867,0.093072
0.2624,41.2500,0.132674,0.091351
0.2624,42.3214,0.140583,0.091092
0.2624,43.3929,0.131576,0.092430
0.2624,44.4643,0.130206,0.095182
0.2624,45.5357,0.134297,0.099777
0.2624,46.6071,0.151221,0.106817
0.2624,47.6786,0.181992,0.117492
0.2624,48.7500,0.213880,0.133507
0.2624,49.8214,0.238036,0.157980
0.2624,50.8929,0.254589,0.192998
0.2624,51.9643,0.281026,0.239358
0.2624,53.0357,0.319917,0.296965
0.2624,54.1071,0.374928,0.369523
0.2624,55.1786,0.449390,0.466893
0.2624,56.2500,0.591115,0.568813
0.2624,57.3214,0.750039,0.625496
0.2624,58.3929,0.819939,0.639475
0.2624,59.4643,0.758977,0.629837
0.2624,60.5357,0.602035,0.570664
0.2624,61.6071,0.459868,0.470793
0.2624,62.6786,0.379434,0.386087
0.2624,63.7500,0.319310,0.324677
0.2624,64.8214,0.275638,0.271498
0.2624,65.8929,0.244163,0.222863
0.2624,66.9643,0.220960,0.180498
0.2624,68.0357,0.202528,0.146553
0.2624,69.1071,0.188390,0.121316
0.2624,70.1786,0.175483,0.103488
0.2624,71.2500,0.159914,0.091837
0.2624,72.3214,0.144526,0.084403
0.2624,73.3929,0.125555,0.079835
0.2624,74.4643,0.116095,0.076957
0.2624,75.5357,0.110365,0.075299
0.2624,76.6071,0.118636,0.074724
0.2624,77.6786,0.123012,0.075031
0.2624,78.7500,0.113114,0.076738
0.2624,79.8214,0.112669,0.079771
0.2624,80.8929,0.109112,0.084475
0.2624,81.9643,0.107284,0.089768
0.2624,83.0357,0.105362,0.095151
0.2624,84.1071,0.104230,0.099160
0.2624,85.1786,0.102618,0.101926
0.2624,86.2500,0.100620,0.103589
0.2624,87.3214,0.101173,0.105208
0.2624,88.3929,0.104236,0.105987
0.2624,89.4643,0.106317,0.106382
0.2624,90.5357,0.107948,0.109073
0.2624,91.6071,0.109500,0.108911
0.2624,92.6786,0.110979,0.108494
0.2624,93.7500,0.112678,0.108566
0.2624,94.8214,0.114822,0.107947
0.2624,95.8929,0.117015,0.106284
0.2624,96.9643,0.119912,0.102939
0.2624,98.0357,0.122557,0.098644
0.2624,99.1071,0.126568,0.094418
0.2624,100.1786,0.128490,0.091294
0.2624,101.2500,0.134921,0.089709
0.2624,102.3214,0.141210,0.089783
0.2624,103.3929,0.131665,0.091368
0.2624,104.4643,0.131426,0.094580
0.2624,105.5357,0.134887,0.099703
0.2624,106.6071,0.152541,0.107343
0.2624,107.6786,0.184002,0.118784
0.2624,108.7500,0.217546,0.135773
0.2624,109.8214,0.242213,0.161223
0.2624,110.8929,0.255068,0.197120
0.2624,111.9643,0.281944,0.244305
0.2624,113.0357,0.322961,0.303457
0.2624,114.1071,0.377776,0.374084
0.2624,115.1786,0.451469,0.448077
0.2624,116.2500,0.557309,0.502764
0.2624,117.3214,0.651124,0.527937
0.2624,118.3929,0.681868,0.534684
0.2624,119.4643,0.644230,0.527332
0.2624,120.5357,0.545514,0.496510
0.2624,121.6071,0.442208,0.440523
0.2624,122.6786,0.367963,0.377306
0.2624,123.7500,0.311238,0.319650
0.2624,124.8214,0.269708,0.267629
0.2624,125.8929,0.240382,0.219431
0.2624,126.9643,0.218833,0.177541
0.2624,128.0357,0.201093,0.143944
0.2624,129.1071,0.187495,0.118901
0.2624,130.1786,0.174726,0.101109
0.2624,131.2500,0.159272,0.089335
0.2624,132.3214,0.143568,0.081823
0.2624,133.3929,0.125075,0.077061
0.2624,134.4643,0.115279,0.074071
0.2624,135.5357,0.110294,0.072348
0.2624,136.6071,0.116596,0.071552
0.2624,137.6786,0.122420,0.071680
0.2624,138.7500,0.113316,0.073174
0.2624,139.8214,0.111017,0.075889
0.2624,140.8929,0.107989,0.080099
0.2624,141.9643,0.105352,0.085154
0.2624,143.0357,0.102961,0.090385
0.2624,144.1071,0.101256,0.094396
0.2624,145.1786,0.099729,0.097205
0.2624,146.2500,0.098652,0.098693
0.2624,147.3214,0.096746,0.099948
0.2624,148.3929,0.095589,0.100821
0.2624,149.4643,0.098164,0.101565
0.2624,150.5357,0.100070,0.101850
0.2624,151.6071,0.101177,0.101913
0.2624,152.6786,0.102571,0.101603
0.2624,153.7500,0.103885,0.101203
0.2624,154.8214,0.105468,0.100312
0.2624,155.8929,0.107457,0.098218
0.2624,156.9643,0.109899,0.094546
0.2624,158.0357,0.112089,0.090008
0.2624,159.1071,0.115733,0.085540
0.2624,160.1786,0.117588,0.082024
0.2624,161.2500,0.122826,0.079884
0.2624,162.3214,0.130098,0.079171
0.2624,163.3929,0.121589,0.079739
0.2624,164.4643,0.119151,0.081562
0.2624,165.5357,0.122805,0.084762
0.2624,166.6071,0.136011,0.089744
0.2624,167.6786,0.160118,0.097409
0.2624,168.7500,0.184758,0.109123
0.2624,169.8214,0.204093,0.126966
0.2624,170.8929,0.219481,0.153178
0.2624,171.9643,0.238281,0.189222
0.2624,173.0357,0.263879,0.234847
0.2624,174.1071,0.300278,0.289735
0.2624,175.1786,0.350307,0.353037
0.2624,176.2500,0.418489,0.423743
0.2624,177.3214,0.515348,0.492661
0.2624,178.3929,0.632503,0.537695
0.2624,179.4643,0.702875,0.554526
0.2624,180.5357,0.696208,0.554380
0.2624,181.6071,0.612710,0.532238
0.2624,182.6786,0.493645,0.480487
0.2624,183.7500,0.404013,0.410094
0.2624,184.8214,0.339166,0.341491
0.2624,185.8929,0.291912,0.280524
0.2624,186.9643,0.257506,0.227329
0.2624,188.0357,0.233413,0.183165
0.2624,189.1071,0.215214,0.148482
0.2624,190.1786,0.199884,0.123391
0.2624,191.2500,0.181456,0.106419
0.2624,192.3214,0.157815,0.095193
0.2624,193.3929,0.134521,0.087902
0.2624,194.4643,0.121656,0.083213
0.2624,195.5357,0.118012,0.080203
0.2624,196.6071,0.120748,0.078505
0.2624,197.6786,0.129151,0.078035
0.2624,198.7500,0.121689,0.078823
0.2624,199.8214,0.116549,0.080997
0.2624,200.8929,0.114600,0.084558
0.2624,201.9643,0.111028,0.089030
0.2624,203.0357,0.108818,0.093627
0.2624,204.1071,0.106344,0.097287
0.2624,205.1786,0.104417,0.099449
0.2624,206.2500,0.102787,0.100399
0.2624,207.3214,0.101453,0.100776
0.2624,208.3929,0.100114,0.101139
0.2624,209.4643,0.099060,0.101131
0.2624,210.5357,0.097070,0.100808
0.2624,211.6071,0.094786,0.100221
0.2624,212.6786,0.096393,0.099263
0.2624,213.7500,0.098239,0.098107
0.2624,214.8214,0.099363,0.096662
0.2624,215.8929,0.100901,0.093873
0.2624,216.9643,0.102665,0.089923
0.2624,218.0357,0.105065,0.084715
0.2624,219.1071,0.107762,0.079830
0.2624,220.1786,0.110741,0.075588
0.2624,221.2500,0.113247,0.072963
0.2624,222.3214,0.122178,0.071592
0.2624,223.3929,0.116344,0.071445
0.2624,224.4643,0.110270,0.072306
0.2624,225.5357,0.115259,0.074164
0.2624,226.6071,0.125181,0.077291
0.2624,227.6786,0.144096,0.082141
0.2624,228.7500,0.160140,0.089977
0.2624,229.8214,0.175930,0.102021
0.2624,230.8929,0.188964,0.120329
0.2624,231.9643,0.203187,0.145893
0.2624,233.0357,0.221059,0.180127
0.2624,234.1071,0.243037,0.222825
0.2624,235.1786,0.273555,0.271637
0.2624,236.2500,0.316158,0.324292
0.2624,237.3214,0.374175,0.382190
0.2624,238.3929,0.449533,0.443828
0.2624,239.4643,0.552353,0.495255
0.2624,240.5357,0.643324,0.521747
0.2624,241.6071,0.671343,0.527051
0.2624,242.6786,0.635600,0.519015
0.2624,243.7500,0.542125,0.492485
0.2624,244.8214,0.440863,0.437951
0.2624,245.8929,0.370252,0.366352
0.2624,246.9643,0.317369,0.297941
0.2624,248.0357,0.277432,0.240210
0.2624,249.1071,0.251747,0.193738
0.2624,250.1786,0.238778,0.158496
0.2624,251.2500,0.214576,0.133531
0.2624,252.3214,0.182309,0.116915
0.2624,253.3929,0.151057,0.105658
0.2624,254.4643,0.133840,0.098131
0.2624,255.5357,0.130345,0.093102
0.2624,256.6071,0.130668,0.089893
0.2624,257.6786,0.140190,0.088317
0.2624,258.7500,0.134014,0.088224
0.2624,259.8214,0.127588,0.089819
0.2624,260.8929,0.125568,0.092927
0.2624,261.9643,0.121449,0.097175
0.2624,263.0357,0.118708,0.101438
0.2624,264.1071,0.115725,0.104825
0.2624,265.1786,0.113414,0.106481
0.2624,266.2500,0.111221,0.107095
0.2624,267.3214,0.109470,0.107000
0.2624,268.3929,0.107914,0.107372
0.2624,269.4643,0.106311,0.107508
0.2624,270.5357,0.104673,0.104792
0.2624,271.6071,0.102581,0.104391
0.2624,272.6786,0.099476,0.103603
0.2624,273.7500,0.098904,0.101982
0.2624,274.8214,0.100853,0.100330
0.2624,275.8929,0.102411,0.097566
0.2624,276.9643,0.103598,0.093634
0.2624,278.0357,0.105534,0.088314
0.2624,279.1071,0.107268,0.083099
0.2624,280.1786,0.110914,0.078463
0.2624,281.2500,0.111212,0.075475
0.2624,282.3214,0.120961,0.073771
0.2624,283.3929,0.116987,0.073458
0.2624,284.4643,0.108834,0.074010
0.2624,285.5357,0.114575,0.075600
0.2624,286.6071,0.124051,0.078390
0.2624,287.6786,0.142688,0.082842
0.2624,288.7500,0.157552,0.090065
0.2624,289.8214,0.173071,0.101285
0.2624,290.8929,0.185817,0.118641
0.2624,291.9643,0.199809,0.143152
0.2624,293.0357,0.217626,0.176206
0.2624,294.1071,0.240495,0.217610
0.2624,295.1786,0.270522,0.265433
0.2624,296.2500,0.312515,0.317560
0.2624,297.3214,0.370859,0.377268
0.2624,298.3929,0.449307,0.457523
0.2624,299.4643,0.580931,0.564285
0.2624,300.5357,0.751562,0.636464
0.2624,301.6071,0.834468,0.651324
0.2624,302.6786,0.777925,0.639513
0.2624,303.7500,0.619140,0.586548
0.2624,304.8214,0.460906,0.482574
0.2624,305.8929,0.383580,0.378636
0.2624,306.9643,0.326462,0.303481
0.2624,308.0357,0.285511,0.244270
0.2624,309.1071,0.257971,0.196888
0.2624,310.1786,0.242026,0.161032
0.2624,311.2500,0.217030,0.135769
0.2624,312.3214,0.183613,0.119195
0.2624,313.3929,0.152388,0.108085
0.2624,314.4643,0.134875,0.100767
0.2624,315.5357,0.130659,0.095931
0.2624,316.6071,0.131631,0.092925
0.2624,317.6786,0.140434,0.091506
0.2624,318.7500,0.132865,0.091511
0.2624,319.8214,0.126642,0.093183
0.2624,320.8929,0.124869,0.096351
0.2624,321.9643,0.120892,0.100495
0.2624,323.0357,0.118483,0.104675
0.2624,324.1071,0.115921,0.107817
0.2624,325.1786,0.113998,0.109355
0.2624,326.2500,0.112321,0.109927
0.2624,327.3214,0.111201,0.110106
0.2624,328.3929,0.109904,0.110408
0.2624,329.4643,0.108818,0.110270
0.2624,330.5357,0.107005,0.109942
0.2624,331.6071,0.104455,0.109299
0.2624,332.6786,0.105427,0.108401
0.2624,333.7500,0.107366,0.107406
0.2624,334.8214,0.108566,0.106218
0.2624,335.8929,0.109912,0.103833
0.2624,336.9643,0.111542,0.100024
0.2624,338.0357,0.113723,0.094881
0.2624,339.1071,0.116441,0.089780
0.2624,340.1786,0.118953,0.085526
0.2624,341.2500,0.122806,0.082823
0.2624,342.3214,0.132495,0.081609
0.2624,343.3929,0.125120,0.081792
0.2624,344.4643,0.119469,0.083253
0.2624,345.5357,0.124193,0.085954
0.2624,346.6071,0.136416,0.090322
0.2624,347.6786,0.159383,0.097145
0.2624,348.7500,0.181763,0.107906
0.2624,349.8214,0.199313,0.124293
0.2624,350.8929,0.214253,0.148909
0.2624,351.9643,0.232445,0.183240
0.2624,353.0357,0.257310,0.227213
0.2624,354.1071,0.291360,0.279801
0.2624,355.1786,0.338854,0.339704
0.2624,356.2500,0.404776,0.411443
0.2624,357.3214,0.498477,0.503276
0.2624,358.3929,0.651108,0.582377
0.2624,359.4643,0.768081,0.616807
0.2644,0.5357,0.797320,0.630805
0.2644,1.6071,0.692799,0.604365
0.2644,2.6786,0.530915,0.529454
0.2644,3.7500,0.423201,0.430631
0.2644,4.8214,0.352663,0.353255
0.2644,5.8929,0.301595,0.290344
0.2644,6.9643,0.265099,0.235787
0.2644,8.0357,0.238405,0.190064
0.2644,9.1071,0.219294,0.154123
0.2644,10.1786,0.204264,0.128191
0.2644,11.2500,0.185598,0.110842
0.2644,12.3214,0.162066,0.099537
0.2644,13.3929,0.138162,0.092265
0.2644,14.4643,0.125548,0.087616
0.2644,15.5357,0.120908,0.084712
0.2644,16.6071,0.126147,0.083119
0.2644,17.6786,0.133864,0.082831
0.2644,18.7500,0.124346,0.083965
0.2644,19.8214,0.120188,0.086622
0.2644,20.8929,0.117718,0.090823
0.2644,21.9643,0.114892,0.095892
0.2644,23.0357,0.112714,0.101021
0.2644,24.1071,0.111002,0.104875
0.2644,25.1786,0.109739,0.107179
0.2644,26.2500,0.108667,0.108378
0.2644,27.3214,0.106829,0.109279
0.2644,28.3929,0.105163,0.110172
0.2644,29.4643,0.107549,0.110771
0.2644,30.5357,0.109575,0.111016
0.2644,31.6071,0.110584,0.111049
0.2644,32.6786,0.111786,0.110767
0.2644,33.7500,0.112832,0.110458
0.2644,34.8214,0.114400,0.109788
0.2644,35.8929,0.116220,0.108116
0.2644,36.9643,0.118738,0.104887
0.2644,38.0357,0.121117,0.100581
0.2644,39.1071,0.125019,0.096272
0.2644,40.1786,0.126810,0.092991
0.2644,41.2500,0.132693,0.091120
0.2644,42.3214,0.140501,0.090981
0.2644,43.3929,0.131597,0.092225
0.2644,44.4643,0.130188,0.095045
0.2644,45.5357,0.134218,0.099592
0.2644,46.6071,0.151220,0.106649
0.2644,47.6786,0.181946,0.117273
0.2644,48.7500,0.213845,0.133360
0.2644,49.8214,0.238007,0.157738
0.2644,50.8929,0.254557,0.192770
0.2644,51.9643,0.281084,0.239129
0.2644,53.0357,0.319993,0.296747
0.2644,54.1071,0.375173,0.369184
0.2644,55.1786,0.449959,0.468757
0.2644,56.2500,0.600111,0.584514
0.2644,57.3214,0.776857,0.653177
0.2644,58.3929,0.858764,0.669986
0.2644,59.4643,0.785618,0.658469
0.2644,60.5357,0.610871,0.586021
0.2644,61.6071,0.461355,0.471833
0.2644,62.6786,0.380506,0.385709
0.2644,63.7500,0.320050,0.324296
0.2644,64.8214,0.276258,0.271051
0.2644,65.8929,0.244739,0.222403
0.2644,66.9643,0.221062,0.180124
0.2644,68.0357,0.202510,0.146195
0.2644,69.1071,0.188331,0.121110
0.2644,70.1786,0.175412,0.103312
0.2644,71.2500,0.159763,0.091757
0.2644,72.3214,0.144371,0.084358
0.2644,73.3929,0.125344,0.079866
0.2644,74.4643,0.115859,0.077005
0.2644,75.5357,0.110109,0.075422
0.2644,76.6071,0.118275,0.074838
0.2644,77.6786,0.122662,0.075160
0.2644,78.7500,0.112818,0.076868
0.2644,79.8214,0.112366,0.079883
0.2644,80.8929,0.108874,0.084548
0.2644,81.9643,0.107078,0.089822
0.2644,83.0357,0.105174,0.095173
0.2644,84.1071,0.104033,0.099152
0.2644,85.1786,0.102484,0.101899
0.2644,86.2500,0.100510,0.103543
0.2644,87.3214,0.101046,0.105144
0.2644,88.3929,0.104172,0.105909
0.2644,89.4643,0.106271,0.106260
0.2644,90.5357,0.107892,0.108998
0.2644,91.6071,0.109490,0.108781
0.2644,92.6786,0.111010,0.108343
0.2644,93.7500,0.112725,0.108378
0.2644,94.8214,0.114915,0.107720
0.2644,95.8929,0.117162,0.105995
0.2644,96.9643,0.120116,0.102580
0.2644,98.0357,0.122818,0.098233
0.2644,99.1071,0.126891,0.093939
0.2644,100.1786,0.128890,0.090806
0.2644,101.2500,0.135327,0.089231
0.2644,102.3214,0.141441,0.089324
0.2644,103.3929,0.131851,0.090976
0.2644,104.4643,0.131518,0.094275
0.2644,105.5357,0.134969,0.099444
0.2644,106.6071,0.152589,0.107143
0.2644,107.6786,0.184007,0.118668
0.2644,108.7500,0.217493,0.135710
0.2644,109.8214,0.242021,0.161212
0.2644,110.8929,0.254916,0.197093
0.2644,111.9643,0.281776,0.244369
0.2644,113.0357,0.322773,0.303468
0.2644,114.1071,0.377558,0.374098
0.2644,115.1786,0.451320,0.448041
0.2644,116.2500,0.557165,0.502729
0.2644,117.3214,0.650966,0.527871
0.2644,118.3929,0.681734,0.534570
0.2644,119.4643,0.644102,0.527218
0.2644,120.5357,0.545475,0.496373
0.2644,121.6071,0.442145,0.440363
0.2644,122.6786,0.367964,0.377124
0.2644,123.7500,0.311354,0.319402
0.2644,124.8214,0.269920,0.267390
0.2644,125.8929,0.240544,0.219132
0.2644,126.9643,0.219113,0.177231
0.2644,128.0357,0.201231,0.143626
0.2644,129.1071,0.187606,0.118657
0.2644,130.1786,0.174793,0.100834
0.2644,131.2500,0.159367,0.089155
0.2644,132.3214,0.143620,0.081572
0.2644,133.3929,0.125152,0.076912
0.2644,134.4643,0.115274,0.073914
0.2644,135.5357,0.110314,0.072177
0.2644,136.6071,0.116613,0.071384
0.2644,137.6786,0.122416,0.071550
0.2644,138.7500,0.113296,0.073046
0.2644,139.8214,0.111000,0.075757
0.2644,140.8929,0.107940,0.080013
0.2644,141.9643,0.105345,0.085056
0.2644,143.0357,0.102880,0.090247
0.2644,144.1071,0.101228,0.094307
0.2644,145.1786,0.099657,0.097110
0.2644,146.2500,0.098559,0.098606
0.2644,147.3214,0.096694,0.099855
0.2644,148.3929,0.095497,0.100769
0.2644,149.4643,0.098059,0.101441
0.2644,150.5357,0.099966,0.101803
0.2644,151.6071,0.101099,0.101830
0.2644,152.6786,0.102437,0.101514
0.2644,153.7500,0.103752,0.101155
0.2644,154.8214,0.105396,0.100256
0.2644,155.8929,0.107367,0.098132
0.2644,156.9643,0.109826,0.094445
0.2644,158.0357,0.112072,0.089928
0.2644,159.1071,0.115762,0.085418
0.2644,160.1786,0.117604,0.081921
0.2644,161.2500,0.122933,0.079790
0.2644,162.3214,0.130192,0.079036
0.2644,163.3929,0.121636,0.079626
0.2644,164.4643,0.119188,0.081460
0.2644,165.5357,0.122863,0.084649
0.2644,166.6071,0.136090,0.089603
0.2644,167.6786,0.160179,0.097307
0.2644,168.7500,0.184822,0.108993
0.2644,169.8214,0.204106,0.126831
0.2644,170.8929,0.219541,0.153038
0.2644,171.9643,0.238603,0.189094
0.2644,173.0357,0.264265,0.234743
0.2644,174.1071,0.300744,0.289656
0.2644,175.1786,0.351068,0.353282
0.2644,176.2500,0.419650,0.425960
0.2644,177.3214,0.518790,0.499266
0.2644,178.3929,0.642463,0.547946
0.2644,179.4643,0.717663,0.565869
0.2644,180.5357,0.710356,0.565732
0.2644,181.6071,0.621332,0.542046
0.2644,182.6786,0.496192,0.486189
0.2644,183.7500,0.405070,0.411742
0.2644,184.8214,0.339872,0.341597
0.2644,185.8929,0.292454,0.280441
0.2644,186.9643,0.257925,0.227226
0.2644,188.0357,0.233571,0.183031
0.2644,189.1071,0.215306,0.148335
0.2644,190.1786,0.199905,0.123249
0.2644,191.2500,0.181536,0.106289
0.2644,192.3214,0.157907,0.095052
0.2644,193.3929,0.134584,0.087796
0.2644,194.4643,0.121731,0.083092
0.2644,195.5357,0.118057,0.080073
0.2644,196.6071,0.120778,0.078392
0.2644,197.6786,0.129226,0.077924
0.2644,198.7500,0.121771,0.078704
0.2644,199.8214,0.116590,0.080894
0.2644,200.8929,0.114608,0.084436
0.2644,201.9643,0.110965,0.088950
0.2644,203.0357,0.108762,0.093526
0.2644,204.1071,0.106272,0.097200
0.2644,205.1786,0.104257,0.099362
0.2644,206.2500,0.102707,0.100310
0.2644,207.3214,0.101350,0.100694
0.2644,208.3929,0.100010,0.101091
0.2644,209.4643,0.098990,0.101047
0.2644,210.5357,0.096980,0.100723
0.2644,211.6071,0.094687,0.100088
0.2644,212.6786,0.096308,0.099225
0.2644,213.7500,0.098153,0.098013
0.2644,214.8214,0.099284,0.096579
0.2644,215.8929,0.100879,0.093783
0.2644,216.9643,0.102583,0.089785
0.2644,218.0357,0.105065,0.084624
0.2644,219.1071,0.107706,0.079694
0.2644,220.1786,0.110730,0.075513
0.2644,221.2500,0.113227,0.072777
0.2644,222.3214,0.122180,0.071473
0.2644,223.3929,0.116361,0.071325
0.2644,224.4643,0.110242,0.072146
0.2644,225.5357,0.115309,0.073951
0.2644,226.6071,0.125198,0.077148
0.2644,227.6786,0.144213,0.081953
0.2644,228.7500,0.160240,0.089738
0.2644,229.8214,0.175991,0.101751
0.2644,230.8929,0.189023,0.120031
0.2644,231.9643,0.203314,0.145580
0.2644,233.0357,0.221343,0.179877
0.2644,234.1071,0.243314,0.222474
0.2644,235.1786,0.273725,0.271398
0.2644,236.2500,0.316173,0.324060
0.2644,237.3214,0.374202,0.382005
0.2644,238.3929,0.449475,0.443673
0.2644,239.4643,0.552315,0.495112
0.2644,240.5357,0.643197,0.521623
0.2644,241.6071,0.671203,0.526960
0.2644,242.6786,0.635452,0.518918
0.2644,243.7500,0.541985,0.492412
0.2644,244.8214,0.440685,0.437932
0.2644,245.8929,0.370088,0.366315
0.2644,246.9643,0.317161,0.297964
0.2644,248.0357,0.277336,0.240213
0.2644,249.1071,0.251558,0.193734
0.2644,250.1786,0.238615,0.158472
0.2644,251.2500,0.214521,0.133458
0.2644,252.3214,0.182279,0.116784
0.2644,253.3929,0.151077,0.105504
0.2644,254.4643,0.133927,0.097931
0.2644,255.5357,0.130415,0.092833
0.2644,256.6071,0.130797,0.089595
0.2644,257.6786,0.140341,0.087934
0.2644,258.7500,0.134258,0.087805
0.2644,259.8214,0.127890,0.089361
0.2644,260.8929,0.125954,0.092479
0.2644,261.9643,0.121765,0.096734
0.2644,263.0357,0.118918,0.101050
0.2644,264.1071,0.115909,0.104483
0.2644,265.1786,0.113572,0.106208
0.2644,266.2500,0.111276,0.106878
0.2644,267.3214,0.109530,0.106814
0.2644,268.3929,0.107944,0.107232
0.2644,269.4643,0.106254,0.107421
0.2644,270.5357,0.104627,0.104664
0.2644,271.6071,0.102522,0.104307
0.2644,272.6786,0.099356,0.103537
0.2644,273.7500,0.098773,0.101924
0.2644,274.8214,0.100734,0.100294
0.2644,275.8929,0.102268,0.097557
0.2644,276.9643,0.103384,0.093638
0.2644,278.0357,0.105345,0.088353
0.2644,279.1071,0.107035,0.083172
0.2644,280.1786,0.110618,0.078564
0.2644,281.2500,0.110900,0.075610
0.2644,282.3214,0.120599,0.073908
0.2644,283.3929,0.116618,0.073579
0.2644,284.4643,0.108566,0.074122
0.2644,285.5357,0.114347,0.075676
0.2644,286.6071,0.123841,0.078387
0.2644,287.6786,0.142532,0.082825
0.2644,288.7500,0.157417,0.089968
0.2644,289.8214,0.172971,0.101131
0.2644,290.8929,0.185774,0.118411
0.2644,291.9643,0.199770,0.142837
0.2644,293.0357,0.217836,0.175807
0.2644,294.1071,0.240698,0.217176
0.2644,295.1786,0.271242,0.264974
0.2644,296.2500,0.313373,0.317148
0.2644,297.3214,0.371851,0.376937
0.2644,298.3929,0.450712,0.457325
0.2644,299.4643,0.586147,0.576043
0.2644,300.5357,0.775733,0.665075
0.2644,301.6071,0.874029,0.682907
0.2644,302.6786,0.808197,0.668051
0.2644,303.7500,0.631243,0.604848
0.2644,304.8214,0.460550,0.485039
0.2644,305.8929,0.383626,0.378247
0.2644,306.9643,0.326492,0.303276
0.2644,308.0357,0.285544,0.244052
0.2644,309.1071,0.258039,0.196681
0.2644,310.1786,0.241937,0.160793
0.2644,311.2500,0.216940,0.135626
0.2644,312.3214,0.183623,0.118986
0.2644,313.3929,0.152329,0.107916
0.2644,314.4643,0.134808,0.100598
0.2644,315.5357,0.130702,0.095744
0.2644,316.6071,0.131536,0.092786
0.2644,317.6786,0.140412,0.091299
0.2644,318.7500,0.132839,0.091401
0.2644,319.8214,0.126585,0.093001
0.2644,320.8929,0.124819,0.096222
0.2644,321.9643,0.120824,0.100356
0.2644,323.0357,0.118410,0.104586
0.2644,324.1071,0.115855,0.107682
0.2644,325.1786,0.113906,0.109210
0.2644,326.2500,0.112237,0.109840
0.2644,327.3214,0.111117,0.110020
0.2644,328.3929,0.109806,0.110276
0.2644,329.4643,0.108714,0.110185
0.2644,330.5357,0.106909,0.109858
0.2644,331.6071,0.104344,0.109216
0.2644,332.6786,0.105317,0.108319
0.2644,333.7500,0.107303,0.107318
0.2644,334.8214,0.108474,0.106131
0.2644,335.8929,0.109813,0.103747
0.2644,336.9643,0.111494,0.099917
0.2644,338.0357,0.113676,0.094774
0.2644,339.1071,0.116436,0.089678
0.2644,340.1786,0.119038,0.085390
0.2644,341.2500,0.122849,0.082707
0.2644,342.3214,0.132542,0.081467
0.2644,343.3929,0.125170,0.081679
0.2644,344.4643,0.119515,0.083088
0.2644,345.5357,0.124271,0.085846
0.2644,346.6071,0.136512,0.090169
0.2644,347.6786,0.159507,0.096989
0.2644,348.7500,0.181835,0.107770
0.2644,349.8214,0.199398,0.124150
0.2644,350.8929,0.214289,0.148745
0.2644,351.9643,0.232500,0.183072
0.2644,353.0357,0.257586,0.227059
0.2644,354.1071,0.291616,0.279660
0.2644,355.1786,0.339192,0.339581
0.2644,356.2500,0.405349,0.411328
0.2644,357.3214,0.499453,0.507154
0.2644,358.3929,0.659210,0.592479
0.2644,359.4643,0.783334,0.629916
0.2645,0.5357,0.797850,0.631240
0.2645,1.6071,0.693109,0.604748
0.2645,2.6786,0.530991,0.529624
0.2645,3.7500,0.423247,0.430642
0.2645,4.8214,0.352690,0.353250
0.2645,5.8929,0.301615,0.290341
0.2645,6.9643,0.265128,0.235767
0.2645,8.0357,0.238429,0.190057
0.2645,9.1071,0.219294,0.154116
0.2645,10.1786,0.204244,0.128189
0.2645,11.2500,0.185627,0.110835
0.2645,12.3214,0.162074,0.099530
0.2645,13.3929,0.138194,0.092275
0.2645,14.4643,0.125526,0.087609
0.2645,15.5357,0.120916,0.084704
0.2645,16.6071,0.126168,0.083112
0.2645,17.6786,0.133864,0.082831
0.2645,18.7500,0.124320,0.083957
0.2645,19.8214,0.120196,0.086589
0.2645,20.8929,0.117747,0.090823
0.2645,21.9643,0.114892,0.095920
0.2645,23.0357,0.112714,0.101014
0.2645,24.1071,0.110967,0.104868
0.2645,25.1786,0.109731,0.107179
0.2645,26.2500,0.108697,0.108338
0.2645,27.3214,0.106829,0.109320
0.2645,28.3929,0.105113,0.110130
0.2645,29.4643,0.107549,0.110771
0.2645,30.5357,0.109612,0.111009
0.2645,31.6071,0.110538,0.111090
0.2645,32.6786,0.111779,0.110760
0.2645,33.7500,0.112832,0.110415
0.2645,34.8214,0.114400,0.109788
0.2645,35.8929,0.116265,0.108110
0.2645,36.9643,0.118745,0.104887
0.2645,38.0357,0.121056,0.100575
0.2645,39.1071,0.125025,0.096272
0.2645,40.1786,0.126810,0.092935
0.2645,41.2500,0.132693,0.091172
0.2645,42.3214,0.140507,0.090933
0.2645,43.3929,0.131542,0.092225
0.2645,44.4643,0.130194,0.095045
0.2645,45.5357,0.134224,0.099597
0.2645,46.6071,0.151226,0.106649
0.2645,47.6786,0.181952,0.117278
0.2645,48.7500,0.213850,0.133246
0.2645,49.8214,0.238018,0.157804
0.2645,50.8929,0.254552,0.192733
0.2645,51.9643,0.281138,0.239115
0.2645,53.0357,0.319945,0.296736
0.2645,54.1071,0.375190,0.369168
0.2645,55.1786,0.449987,0.468828
0.2645,56.2500,0.600576,0.585331
0.2645,57.3214,0.778304,0.654707
0.2645,58.3929,0.860930,0.671717
0.2645,59.4643,0.787070,0.660058
0.2645,60.5357,0.611302,0.586802
0.2645,61.6071,0.461426,0.471881
0.2645,62.6786,0.380590,0.385692
0.2645,63.7500,0.320096,0.324274
0.2645,64.8214,0.276303,0.271021
0.2645,65.8929,0.244758,0.222393
0.2645,66.9643,0.221053,0.180075
0.2645,68.0357,0.202510,0.146209
0.2645,69.1071,0.188324,0.121091
0.2645,70.1786,0.175406,0.103284
0.2645,71.2500,0.159771,0.091771
0.2645,72.3214,0.144359,0.084354
0.2645,73.3929,0.125331,0.079866
0.2645,74.4643,0.115843,0.077007
0.2645,75.5357,0.110092,0.075428
0.2645,76.6071,0.118266,0.074847
0.2645,77.6786,0.122635,0.075170
0.2645,78.7500,0.112806,0.076863
0.2645,79.8214,0.112352,0.079893
0.2645,80.8929,0.108855,0.084557
0.2645,81.9643,0.107070,0.089829
0.2645,83.0357,0.105164,0.095168
0.2645,84.1071,0.104023,0.099147
0.2645,85.1786,0.102485,0.101900
0.2645,86.2500,0.100499,0.103538
0.2645,87.3214,0.101039,0.105142
0.2645,88.3929,0.104168,0.105906
0.2645,89.4643,0.106269,0.106254
0.2645,90.5357,0.107889,0.108994
0.2645,91.6071,0.109493,0.108774
0.2645,92.6786,0.111008,0.108339
0.2645,93.7500,0.112733,0.108362
0.2645,94.8214,0.114925,0.107706
0.2645,95.8929,0.117173,0.105968
0.2645,96.9643,0.120121,0.102561
0.2645,98.0357,0.122833,0.098221
0.2645,99.1071,0.126923,0.093915
0.2645,100.1786,0.128906,0.090783
0.2645,101.2500,0.135338,0.089193
0.2645,102.3214,0.141472,0.089311
0.2645,103.3929,0.131819,0.090965
0.2645,104.4643,0.131532,0.094245
0.2645,105.5357,0.134984,0.099429
0.2645,106.6071,0.152581,0.107152
0.2645,107.6786,0.184019,0.118672
0.2645,108.7500,0.217486,0.135689
0.2645,109.8214,0.242027,0.161199
0.2645,110.8929,0.254872,0.197108
0.2645,111.9643,0.281795,0.244380
0.2645,113.0357,0.322753,0.303475
0.2645,114.1071,0.377557,0.374078
0.2645,115.1786,0.451315,0.448043
0.2645,116.2500,0.557140,0.502727
0.2645,117.3214,0.650959,0.527872
0.2645,118.3929,0.681724,0.534567
0.2645,119.4643,0.644129,0.527205
0.2645,120.5357,0.545447,0.496368
0.2645,121.6071,0.442155,0.440354
0.2645,122.6786,0.367947,0.377118
0.2645,123.7500,0.311341,0.319387
0.2645,124.8214,0.269967,0.267353
0.2645,125.8929,0.240574,0.219144
0.2645,126.9643,0.219097,0.177186
0.2645,128.0357,0.201289,0.143635
0.2645,129.1071,0.187565,0.118662
0.2645,130.1786,0.174799,0.100781
0.2645,131.2500,0.159379,0.089160
0.2645,132.3214,0.143632,0.081572
0.2645,133.3929,0.125158,0.076912
0.2645,134.4643,0.115281,0.073858
0.2645,135.5357,0.110320,0.072177
0.2645,136.6071,0.116619,0.071384
0.2645,137.6786,0.122416,0.071609
0.2645,138.7500,0.113245,0.072988
0.2645,139.8214,0.111057,0.075757
0.2645,140.8929,0.107940,0.080007
0.2645,141.9643,0.105284,0.085014
0.2645,143.0357,0.102887,0.090241
0.2645,144.1071,0.101228,0.094347
0.2645,145.1786,0.099650,0.097066
0.2645,146.2500,0.098559,0.098649
0.2645,147.3214,0.096694,0.099813
0.2645,148.3929,0.095490,0.100762
0.2645,149.4643,0.098104,0.101480
0.2645,150.5357,0.099966,0.101759
0.2645,151.6071,0.101058,0.101830
0.2645,152.6786,0.102430,0.101548
0.2645,153.7500,0.103752,0.101155
0.2645,154.8214,0.105388,0.100217
0.2645,155.8929,0.107367,0.098132
0.2645,156.9643,0.109859,0.094438
0.2645,158.0357,0.112064,0.089928
0.2645,159.1071,0.115733,0.085411
0.2645,160.1786,0.117612,0.081913
0.2645,161.2500,0.122933,0.079782
0.2645,162.3214,0.130192,0.079059
0.2645,163.3929,0.121657,0.079618
0.2645,164.4643,0.119188,0.081424
0.2645,165.5357,0.122841,0.084642
0.2645,166.6071,0.136090,0.089613
0.2645,167.6786,0.160202,0.097299
0.2645,168.7500,0.184822,0.108986
0.2645,169.8214,0.204126,0.126824
0.2645,170.8929,0.219523,0.153031
0.2645,171.9643,0.238583,0.189095
0.2645,173.0357,0.264338,0.234730
0.2645,174.1071,0.300778,0.289656
0.2645,175.1786,0.351112,0.353295
0.2645,176.2500,0.419715,0.426062
0.2645,177.3214,0.518960,0.499585
0.2645,178.3929,0.642949,0.548453
0.2645,179.4643,0.718388,0.566425
0.2645,180.5357,0.711034,0.566285
0.2645,181.6071,0.621733,0.542511
0.2645,182.6786,0.496299,0.486451
0.2645,183.7500,0.405123,0.411813
0.2645,184.8214,0.339896,0.341604
0.2645,185.8929,0.292461,0.280437
0.2645,186.9643,0.257939,0.227219
0.2645,188.0357,0.233588,0.183024
0.2645,189.1071,0.215306,0.148321
0.2645,190.1786,0.199905,0.123254
0.2645,191.2500,0.181558,0.106267
0.2645,192.3214,0.157885,0.095053
0.2645,193.3929,0.134616,0.087771
0.2645,194.4643,0.121709,0.083085
0.2645,195.5357,0.118057,0.080078
0.2645,196.6071,0.120816,0.078384
0.2645,197.6786,0.129226,0.077909
0.2645,198.7500,0.121753,0.078696
0.2645,199.8214,0.116618,0.080854
0.2645,200.8929,0.114579,0.084436
0.2645,201.9643,0.110996,0.088943
0.2645,203.0357,0.108729,0.093490
0.2645,204.1071,0.106237,0.097223
0.2645,205.1786,0.104285,0.099330
0.2645,206.2500,0.102669,0.100310
0.2645,207.3214,0.101350,0.100694
0.2645,208.3929,0.100002,0.101049
0.2645,209.4643,0.098998,0.101053
0.2645,210.5357,0.096980,0.100723
0.2645,211.6071,0.094687,0.100095
0.2645,212.6786,0.096308,0.099218
0.2645,213.7500,0.098104,0.098026
0.2645,214.8214,0.099291,0.096535
0.2645,215.8929,0.100879,0.093783
0.2645,216.9643,0.102537,0.089791
0.2645,218.0357,0.105072,0.084630
0.2645,219.1071,0.107706,0.079650
0.2645,220.1786,0.110672,0.075513
0.2645,221.2500,0.113240,0.072783
0.2645,222.3214,0.122180,0.071426
0.2645,223.3929,0.116367,0.071330
0.2645,224.4643,0.110248,0.072146
0.2645,225.5357,0.115321,0.073956
0.2645,226.6071,0.125204,0.077096
0.2645,227.6786,0.144173,0.081953
0.2645,228.7500,0.160246,0.089691
0.2645,229.8214,0.176008,0.101761
0.2645,230.8929,0.189034,0.120041
0.2645,231.9643,0.203378,0.145531
0.2645,233.0357,0.221327,0.179833
0.2645,234.1071,0.243276,0.222493
0.2645,235.1786,0.273772,0.271381
0.2645,236.2500,0.316160,0.324043
0.2645,237.3214,0.374175,0.381992
0.2645,238.3929,0.449475,0.443660
0.2645,239.4643,0.552306,0.495100
0.2645,240.5357,0.643211,0.521608
0.2645,241.6071,0.671212,0.526944
0.2645,242.6786,0.635436,0.518933
0.2645,243.7500,0.541954,0.492401
0.2645,244.8214,0.440693,0.437923
0.2645,245.8929,0.370051,0.366313
0.2645,246.9643,0.317152,0.297960
0.2645,248.0357,0.277331,0.240218
0.2645,249.1071,0.251544,0.193743
0.2645,250.1786,0.238613,0.158445
0.2645,251.2500,0.214498,0.133464
0.2645,252.3214,0.182291,0.116795
0.2645,253.3929,0.151081,0.105483
0.2645,254.4643,0.133888,0.097923
0.2645,255.5357,0.130430,0.092824
0.2645,256.6071,0.130804,0.089557
0.2645,257.6786,0.140356,0.087922
0.2645,258.7500,0.134249,0.087784
0.2645,259.8214,0.127916,0.089315
0.2645,260.8929,0.125979,0.092448
0.2645,261.9643,0.121786,0.096715
0.2645,263.0357,0.118923,0.101036
0.2645,264.1071,0.115932,0.104445
0.2645,265.1786,0.113573,0.106188
0.2645,266.2500,0.111282,0.106855
0.2645,267.3214,0.109536,0.106816
0.2645,268.3929,0.107938,0.107213
0.2645,269.4643,0.106248,0.107415
0.2645,270.5357,0.104621,0.104653
0.2645,271.6071,0.102518,0.104299
0.2645,272.6786,0.099353,0.103527
0.2645,273.7500,0.098759,0.101922
0.2645,274.8214,0.100727,0.100288
0.2645,275.8929,0.102257,0.097552
0.2645,276.9643,0.103372,0.093644
0.2645,278.0357,0.105323,0.088361
0.2645,279.1071,0.107017,0.083170
0.2645,280.1786,0.110603,0.078562
0.2645,281.2500,0.110865,0.075621
0.2645,282.3214,0.120588,0.073902
0.2645,283.3929,0.116621,0.073589
0.2645,284.4643,0.108530,0.074129
0.2645,285.5357,0.114333,0.075661
0.2645,286.6071,0.123828,0.078412
0.2645,287.6786,0.142500,0.082803
0.2645,288.7500,0.157425,0.089965
0.2645,289.8214,0.172966,0.101153
0.2645,290.8929,0.185745,0.118380
0.2645,291.9643,0.199793,0.142830
0.2645,293.0357,0.217834,0.175786
0.2645,294.1071,0.240680,0.217144
0.2645,295.1786,0.271275,0.264968
0.2645,296.2500,0.313394,0.317096
0.2645,297.3214,0.371915,0.376895
0.2645,298.3929,0.450790,0.457326
0.2645,299.4643,0.586445,0.576766
0.2645,300.5357,0.777398,0.667076
0.2645,301.6071,0.876866,0.685230
0.2645,302.6786,0.810364,0.670091
0.2645,303.7500,0.632065,0.606105
0.2645,304.8214,0.460540,0.485151
0.2645,305.8929,0.383627,0.378223
0.2645,306.9643,0.326490,0.303259
0.2645,308.0357,0.285588,0.244027
0.2645,309.1071,0.257979,0.196673
0.2645,310.1786,0.241959,0.160802
0.2645,311.2500,0.216951,0.135588
0.2645,312.3214,0.183578,0.118996
0.2645,313.3929,0.152347,0.107875
0.2645,314.4643,0.134826,0.100614
0.2645,315.5357,0.130653,0.095760
0.2645,316.6071,0.131554,0.092754
0.2645,317.6786,0.140418,0.091316
0.2645,318.7500,0.132793,0.091367
0.2645,319.8214,0.126598,0.093024
0.2645,320.8929,0.124790,0.096190
0.2645,321.9643,0.120837,0.100380
0.2645,323.0357,0.118363,0.104562
0.2645,324.1071,0.115883,0.107695
0.2645,325.1786,0.113869,0.109190
0.2645,326.2500,0.112251,0.109815
0.2645,327.3214,0.111037,0.110033
0.2645,328.3929,0.109821,0.110295
0.2645,329.4643,0.108729,0.110159
0.2645,330.5357,0.106916,0.109833
0.2645,331.6071,0.104326,0.109229
0.2645,332.6786,0.105333,0.108298
0.2645,333.7500,0.107272,0.107325
0.2645,334.8214,0.108454,0.106074
0.2645,335.8929,0.109821,0.103754
0.2645,336.9643,0.111468,0.099888
0.2645,338.0357,0.113692,0.094767
0.2645,339.1071,0.116452,0.089651
0.2645,340.1786,0.119018,0.085375
0.2645,341.2500,0.122865,0.082682
0.2645,342.3214,0.132536,0.081452
0.2645,343.3929,0.125179,0.081649
0.2645,344.4643,0.119515,0.083093
0.2645,345.5357,0.124288,0.085811
0.2645,346.6071,0.136512,0.090161
0.2645,347.6786,0.159514,0.096998
0.2645,348.7500,0.181835,0.107748
0.2645,349.8214,0.199398,0.124136
0.2645,350.8929,0.214289,0.148745
0.2645,351.9643,0.232485,0.183073
0.2645,353.0357,0.257586,0.227046
0.2645,354.1071,0.291609,0.279653
0.2645,355.1786,0.339209,0.339575
0.2645,356.2500,0.405355,0.411320
0.2645,357.3214,0.499464,0.507261
0.2645,358.3929,0.659453,0.592793
0.2645,359.4643,0.783816,0.630335
0.2651,0.5357,0.800027,0.633072
0.2651,1.6071,0.694411,0.606353
0.2651,2.6786,0.531313,0.530384
0.2651,3.7500,0.423437,0.430650
0.2651,4.8214,0.352843,0.353229
0.2651,5.8929,0.301738,0.290303
0.2651,6.9643,0.265282,0.235737
0.2651,8.0357,0.238446,0.190017
0.2651,9.1071,0.219346,0.154061
0.2651,10.1786,0.204272,0.128150
0.2651,11.2500,0.185672,0.110811
0.2651,12.3214,0.162120,0.099477
0.2651,13.3929,0.138242,0.092222
0.2651,14.4643,0.125573,0.087583
0.2651,15.5357,0.120925,0.084667
0.2651,16.6071,0.126184,0.083089
0.2651,17.6786,0.133912,0.082777
0.2651,18.7500,0.124328,0.083927
0.2651,19.8214,0.120212,0.086593
0.2651,20.8929,0.117747,0.090767
0.2651,21.9643,0.114853,0.095905
0.2651,23.0357,0.112698,0.100971
0.2651,24.1071,0.110951,0.104861
0.2651,25.1786,0.109707,0.107165
0.2651,26.2500,0.108635,0.108324
0.2651,27.3214,0.106806,0.109265
0.2651,28.3929,0.105090,0.110123
0.2651,29.4643,0.107534,0.110751
0.2651,30.5357,0.109552,0.110996
0.2651,31.6071,0.110523,0.111036
0.2651,32.6786,0.111765,0.110699
0.2651,33.7500,0.112825,0.110446
0.2651,34.8214,0.114335,0.109680
0.2651,35.8929,0.116206,0.108098
0.2651,36.9643,0.118738,0.104875
0.2651,38.0357,0.121104,0.100514
0.2651,39.1071,0.124969,0.096210
0.2651,40.1786,0.126753,0.092929
0.2651,41.2500,0.132706,0.091120
0.2651,42.3214,0.140554,0.090875
0.2651,43.3929,0.131505,0.092183
0.2651,44.4643,0.130224,0.095001
0.2651,45.5357,0.134193,0.099552
0.2651,46.6071,0.151205,0.106552
0.2651,47.6786,0.181930,0.117241
0.2651,48.7500,0.213823,0.133217
0.2651,49.8214,0.237996,0.157717
0.2651,50.8929,0.254545,0.192681
0.2651,51.9643,0.281152,0.239038
0.2651,53.0357,0.319961,0.296676
0.2651,54.1071,0.375240,0.369077
0.2651,55.1786,0.450117,0.469131
0.2651,56.2500,0.602950,0.589618
0.2651,57.3214,0.786089,0.662920
0.2651,58.3929,0.872657,0.681144
0.2651,59.4643,0.794750,0.668530
0.2651,60.5357,0.613637,0.590944
0.2651,61.6071,0.461829,0.471964
0.2651,62.6786,0.380864,0.385589
0.2651,63.7500,0.320346,0.324164
0.2651,64.8214,0.276502,0.270891
0.2651,65.8929,0.244810,0.222251
0.2651,66.9643,0.221142,0.179980
0.2651,68.0357,0.202515,0.146081
0.2651,69.1071,0.188297,0.121030
0.2651,70.1786,0.175391,0.103255
0.2651,71.2500,0.159730,0.091716
0.2651,72.3214,0.144299,0.084362
0.2651,73.3929,0.125277,0.079869
0.2651,74.4643,0.115787,0.077049
0.2651,75.5357,0.110008,0.075428
0.2651,76.6071,0.118144,0.074898
0.2651,77.6786,0.122544,0.075214
0.2651,78.7500,0.112706,0.076909
0.2651,79.8214,0.112279,0.079924
0.2651,80.8929,0.108768,0.084583
0.2651,81.9643,0.107015,0.089836
0.2651,83.0357,0.105105,0.095177
0.2651,84.1071,0.103987,0.099141
0.2651,85.1786,0.102449,0.101889
0.2651,86.2500,0.100463,0.103523
0.2651,87.3214,0.100997,0.105125
0.2651,88.3929,0.104151,0.105882
0.2651,89.4643,0.106257,0.106218
0.2651,90.5357,0.107874,0.108968
0.2651,91.6071,0.109503,0.108732
0.2651,92.6786,0.111027,0.108284
0.2651,93.7500,0.112743,0.108305
0.2651,94.8214,0.114973,0.107616
0.2651,95.8929,0.117234,0.105884
0.2651,96.9643,0.120181,0.102435
0.2651,98.0357,0.122939,0.098090
0.2651,99.1071,0.127030,0.093797
0.2651,100.1786,0.129001,0.090648
0.2651,101.2500,0.135397,0.089078
0.2651,102.3214,0.141509,0.089218
0.2651,103.3929,0.131857,0.090861
0.2651,104.4643,0.131567,0.094173
0.2651,105.5357,0.134988,0.099378
0.2651,106.6071,0.152593,0.107090
0.2651,107.6786,0.184011,0.118636
0.2651,108.7500,0.217476,0.135677
0.2651,109.8214,0.241973,0.161193
0.2651,110.8929,0.254839,0.197097
0.2651,111.9643,0.281732,0.244400
0.2651,113.0357,0.322712,0.303481
0.2651,114.1071,0.377506,0.374092
0.2651,115.1786,0.451269,0.448010
0.2651,116.2500,0.557100,0.502720
0.2651,117.3214,0.650931,0.527842
0.2651,118.3929,0.681681,0.534527
0.2651,119.4643,0.644106,0.527180
0.2651,120.5357,0.545414,0.496332
0.2651,121.6071,0.442153,0.440311
0.2651,122.6786,0.367955,0.377062
0.2651,123.7500,0.311359,0.319367
0.2651,124.8214,0.270044,0.267230
0.2651,125.8929,0.240597,0.219054
0.2651,126.9643,0.219189,0.177132
0.2651,128.0357,0.201300,0.143565
0.2651,129.1071,0.187631,0.118521
0.2651,130.1786,0.174792,0.100742
0.2651,131.2500,0.159449,0.089060
0.2651,132.3214,0.143622,0.081526
0.2651,133.3929,0.125201,0.076866
0.2651,134.4643,0.115311,0.073807
0.2651,135.5357,0.110290,0.072122
0.2651,136.6071,0.116637,0.071384
0.2651,137.6786,0.122375,0.071497
0.2651,138.7500,0.113316,0.072988
0.2651,139.8214,0.111013,0.075745
0.2651,140.8929,0.107891,0.079951
0.2651,141.9643,0.105331,0.085001
0.2651,143.0357,0.102827,0.090235
0.2651,144.1071,0.101221,0.094288
0.2651,145.1786,0.099650,0.097060
0.2651,146.2500,0.098552,0.098587
0.2651,147.3214,0.096632,0.099842
0.2651,148.3929,0.095482,0.100716
0.2651,149.4643,0.098044,0.101428
0.2651,150.5357,0.099943,0.101783
0.2651,151.6071,0.101042,0.101817
0.2651,152.6786,0.102414,0.101500
0.2651,153.7500,0.103721,0.101108
0.2651,154.8214,0.105364,0.100210
0.2651,155.8929,0.107308,0.098111
0.2651,156.9643,0.109843,0.094424
0.2651,158.0357,0.112048,0.089914
0.2651,159.1071,0.115733,0.085389
0.2651,160.1786,0.117629,0.081866
0.2651,161.2500,0.122950,0.079752
0.2651,162.3214,0.130238,0.079021
0.2651,163.3929,0.121644,0.079588
0.2651,164.4643,0.119235,0.081407
0.2651,165.5357,0.122863,0.084604
0.2651,166.6071,0.136146,0.089585
0.2651,167.6786,0.160248,0.097254
0.2651,168.7500,0.184846,0.108955
0.2651,169.8214,0.204138,0.126792
0.2651,170.8929,0.219564,0.152994
0.2651,171.9643,0.238692,0.189061
0.2651,173.0357,0.264542,0.234700
0.2651,174.1071,0.300969,0.289626
0.2651,175.1786,0.351328,0.353313
0.2651,176.2500,0.419979,0.426399
0.2651,177.3214,0.519538,0.500585
0.2651,178.3929,0.644377,0.549957
0.2651,179.4643,0.720429,0.568026
0.2651,180.5357,0.712936,0.567792
0.2651,181.6071,0.622820,0.543728
0.2651,182.6786,0.496664,0.487072
0.2651,183.7500,0.405137,0.411950
0.2651,184.8214,0.339886,0.341585
0.2651,185.8929,0.292440,0.280431
0.2651,186.9643,0.257903,0.227187
0.2651,188.0357,0.233534,0.183003
0.2651,189.1071,0.215165,0.148281
0.2651,190.1786,0.199831,0.123204
0.2651,191.2500,0.181505,0.106230
0.2651,192.3214,0.157854,0.094991
0.2651,193.3929,0.134584,0.087700
0.2651,194.4643,0.121717,0.082997
0.2651,195.5357,0.118043,0.079984
0.2651,196.6071,0.120811,0.078287
0.2651,197.6786,0.129226,0.077779
0.2651,198.7500,0.121817,0.078564
0.2651,199.8214,0.116650,0.080758
0.2651,200.8929,0.114629,0.084308
0.2651,201.9643,0.110961,0.088832
0.2651,203.0357,0.108760,0.093426
0.2651,204.1071,0.106227,0.097146
0.2651,205.1786,0.104272,0.099261
0.2651,206.2500,0.102642,0.100255
0.2651,207.3214,0.101325,0.100639
0.2651,208.3929,0.099922,0.101000
0.2651,209.4643,0.098954,0.101005
0.2651,210.5357,0.096937,0.100680
0.2651,211.6071,0.094652,0.100045
0.2651,212.6786,0.096253,0.099180
0.2651,213.7500,0.098059,0.097980
0.2651,214.8214,0.099232,0.096533
0.2651,215.8929,0.100822,0.093781
0.2651,216.9643,0.102474,0.089736
0.2651,218.0357,0.104983,0.084623
0.2651,219.1071,0.107652,0.079676
0.2651,220.1786,0.110604,0.075484
0.2651,221.2500,0.113142,0.072796
0.2651,222.3214,0.122141,0.071371
0.2651,223.3929,0.116328,0.071319
0.2651,224.4643,0.110213,0.072071
0.2651,225.5357,0.115292,0.073933
0.2651,226.6071,0.125190,0.077064
0.2651,227.6786,0.144158,0.081865
0.2651,228.7500,0.160252,0.089594
0.2651,229.8214,0.176017,0.101665
0.2651,230.8929,0.189062,0.119903
0.2651,231.9643,0.203399,0.145413
0.2651,233.0357,0.221500,0.179683
0.2651,234.1071,0.243369,0.222325
0.2651,235.1786,0.273777,0.271216
0.2651,236.2500,0.316296,0.323923
0.2651,237.3214,0.374185,0.381889
0.2651,238.3929,0.449431,0.443575
0.2651,239.4643,0.552305,0.495028
0.2651,240.5357,0.643159,0.521542
0.2651,241.6071,0.671121,0.526893
0.2651,242.6786,0.635362,0.518882
0.2651,243.7500,0.541878,0.492377
0.2651,244.8214,0.440614,0.437894
0.2651,245.8929,0.369953,0.366344
0.2651,246.9643,0.317064,0.297935
0.2651,248.0357,0.277239,0.240269
0.2651,249.1071,0.251411,0.193733
0.2651,250.1786,0.238490,0.158481
0.2651,251.2500,0.214438,0.133447
0.2651,252.3214,0.182249,0.116768
0.2651,253.3929,0.151040,0.105440
0.2651,254.4643,0.133878,0.097864
0.2651,255.5357,0.130427,0.092749
0.2651,256.6071,0.130800,0.089451
0.2651,257.6786,0.140391,0.087785
0.2651,258.7500,0.134301,0.087635
0.2651,259.8214,0.127992,0.089174
0.2651,260.8929,0.126088,0.092253
0.2651,261.9643,0.121929,0.096524
0.2651,263.0357,0.119036,0.100855
0.2651,264.1071,0.115999,0.104287
0.2651,265.1786,0.113644,0.106051
0.2651,266.2500,0.111315,0.106730
0.2651,267.3214,0.109554,0.106710
0.2651,268.3929,0.107960,0.107135
0.2651,269.4643,0.106251,0.107362
0.2651,270.5357,0.104596,0.104577
0.2651,271.6071,0.102497,0.104251
0.2651,272.6786,0.099321,0.103491
0.2651,273.7500,0.098694,0.101898
0.2651,274.8214,0.100663,0.100267
0.2651,275.8929,0.102183,0.097548
0.2651,276.9643,0.103268,0.093650
0.2651,278.0357,0.105214,0.088374
0.2651,279.1071,0.106925,0.083202
0.2651,280.1786,0.110472,0.078612
0.2651,281.2500,0.110728,0.075671
0.2651,282.3214,0.120421,0.073962
0.2651,283.3929,0.116473,0.073637
0.2651,284.4643,0.108424,0.074159
0.2651,285.5357,0.114210,0.075689
0.2651,286.6071,0.123712,0.078419
0.2651,287.6786,0.142413,0.082812
0.2651,288.7500,0.157330,0.089931
0.2651,289.8214,0.172894,0.101098
0.2651,290.8929,0.185704,0.118332
0.2651,291.9643,0.199751,0.142738
0.2651,293.0357,0.217789,0.175667
0.2651,294.1071,0.240723,0.216989
0.2651,295.1786,0.271458,0.264763
0.2651,296.2500,0.313664,0.316948
0.2651,297.3214,0.372237,0.376744
0.2651,298.3929,0.451244,0.457167
0.2651,299.4643,0.588239,0.580808
0.2651,300.5357,0.787730,0.679993
0.2651,301.6071,0.895294,0.700347
0.2651,302.6786,0.824238,0.683199
0.2651,303.7500,0.637076,0.614199
0.2651,304.8214,0.460414,0.485609
0.2651,305.8929,0.383685,0.378077
0.2651,306.9643,0.326534,0.303164
0.2651,308.0357,0.285597,0.243911
0.2651,309.1071,0.257974,0.196567
0.2651,310.1786,0.241931,0.160664
0.2651,311.2500,0.216877,0.135560
0.2651,312.3214,0.183553,0.118910
0.2651,313.3929,0.152252,0.107855
0.2651,314.4643,0.134789,0.100542
0.2651,315.5357,0.130617,0.095760
0.2651,316.6071,0.131515,0.092752
0.2651,317.6786,0.140301,0.091282
0.2651,318.7500,0.132713,0.091337
0.2651,319.8214,0.126523,0.093005
0.2651,320.8929,0.124718,0.096182
0.2651,321.9643,0.120720,0.100377
0.2651,323.0357,0.118359,0.104510
0.2651,324.1071,0.115769,0.107650
0.2651,325.1786,0.113824,0.109185
0.2651,326.2500,0.112197,0.109767
0.2651,327.3214,0.111047,0.110027
0.2651,328.3929,0.109740,0.110215
0.2651,329.4643,0.108685,0.110113
0.2651,330.5357,0.106870,0.109826
0.2651,331.6071,0.104306,0.109142
0.2651,332.6786,0.105258,0.108289
0.2651,333.7500,0.107252,0.107234
0.2651,334.8214,0.108478,0.106049
0.2651,335.8929,0.109777,0.103645
0.2651,336.9643,0.111465,0.099808
0.2651,338.0357,0.113704,0.094690
0.2651,339.1071,0.116469,0.089515
0.2651,340.1786,0.119085,0.085268
0.2651,341.2500,0.122870,0.082549
0.2651,342.3214,0.132593,0.081345
0.2651,343.3929,0.125182,0.081529
0.2651,344.4643,0.119501,0.083012
0.2651,345.5357,0.124265,0.085731
0.2651,346.6071,0.136480,0.090090
0.2651,347.6786,0.159468,0.096920
0.2651,348.7500,0.181804,0.107703
0.2651,349.8214,0.199304,0.124093
0.2651,350.8929,0.214194,0.148706
0.2651,351.9643,0.232285,0.183035
0.2651,353.0357,0.257519,0.227026
0.2651,354.1071,0.291580,0.279641
0.2651,355.1786,0.339178,0.339561
0.2651,356.2500,0.405362,0.411296
0.2651,357.3214,0.499733,0.507657
0.2651,358.3929,0.660499,0.594008
0.2651,359.4643,0.785868,0.632030
0.2653,0.5357,0.800503,0.633472
0.2653,1.6071,0.694688,0.606711
0.2653,2.6786,0.531377,0.530538
0.2653,3.7500,0.423485,0.430653
0.2653,4.8214,0.352880,0.353223
0.2653,5.8929,0.301759,0.290293
0.2653,6.9643,0.265312,0.235723
0.2653,8.0357,0.238463,0.189996
0.2653,9.1071,0.219353,0.154057
0.2653,10.1786,0.204300,0.128123
0.2653,11.2500,0.185658,0.110781
0.2653,12.3214,0.162136,0.099478
0.2653,13.3929,0.138258,0.092207
0.2653,14.4643,0.125590,0.087560
0.2653,15.5357,0.120956,0.084616
0.2653,16.6071,0.126201,0.083074
0.2653,17.6786,0.133897,0.082755
0.2653,18.7500,0.124361,0.083913
0.2653,19.8214,0.120201,0.086527
0.2653,20.8929,0.117726,0.090760
0.2653,21.9643,0.114869,0.095870
0.2653,23.0357,0.112673,0.100964
0.2653,24.1071,0.110959,0.104800
0.2653,25.1786,0.109686,0.107141
0.2653,26.2500,0.108643,0.108298
0.2653,27.3214,0.106774,0.109279
0.2653,28.3929,0.105106,0.110130
0.2653,29.4643,0.107463,0.110689
0.2653,30.5357,0.109567,0.110970
0.2653,31.6071,0.110484,0.111015
0.2653,32.6786,0.111746,0.110725
0.2653,33.7500,0.112832,0.110421
0.2653,34.8214,0.114299,0.109699
0.2653,35.8929,0.116240,0.108076
0.2653,36.9643,0.118691,0.104804
0.2653,38.0357,0.121076,0.100538
0.2653,39.1071,0.124940,0.096234
0.2653,40.1786,0.126766,0.092895
0.2653,41.2500,0.132660,0.091091
0.2653,42.3214,0.140517,0.090844
0.2653,43.3929,0.131528,0.092205
0.2653,44.4643,0.130182,0.094968
0.2653,45.5357,0.134157,0.099518
0.2653,46.6071,0.151229,0.106573
0.2653,47.6786,0.181954,0.117204
0.2653,48.7500,0.213791,0.133179
0.2653,49.8214,0.237968,0.157683
0.2653,50.8929,0.254579,0.192654
0.2653,51.9643,0.281103,0.239001
0.2653,53.0357,0.320046,0.296639
0.2653,54.1071,0.375289,0.369032
0.2653,55.1786,0.450154,0.469239
0.2653,56.2500,0.604080,0.591645
0.2653,57.3214,0.789864,0.666917
0.2653,58.3929,0.878385,0.685762
0.2653,59.4643,0.798468,0.672686
0.2653,60.5357,0.614718,0.592875
0.2653,61.6071,0.461967,0.471997
0.2653,62.6786,0.380990,0.385551
0.2653,63.7500,0.320446,0.324100
0.2653,64.8214,0.276614,0.270803
0.2653,65.8929,0.244818,0.222208
0.2653,66.9643,0.221151,0.179922
0.2653,68.0357,0.202507,0.146054
0.2653,69.1071,0.188314,0.121006
0.2653,70.1786,0.175379,0.103223
0.2653,71.2500,0.159704,0.091704
0.2653,72.3214,0.144276,0.084363
0.2653,73.3929,0.125229,0.079856
0.2653,74.4643,0.115757,0.077065
0.2653,75.5357,0.109975,0.075451
0.2653,76.6071,0.118071,0.074910
0.2653,77.6786,0.122495,0.075230
0.2653,78.7500,0.112680,0.076944
0.2653,79.8214,0.112233,0.079928
0.2653,80.8929,0.108751,0.084597
0.2653,81.9643,0.106986,0.089836
0.2653,83.0357,0.105075,0.095184
0.2653,84.1071,0.103959,0.099135
0.2653,85.1786,0.102441,0.101887
0.2653,86.2500,0.100445,0.103514
0.2653,87.3214,0.100983,0.105113
0.2653,88.3929,0.104142,0.105871
0.2653,89.4643,0.106249,0.106200
0.2653,90.5357,0.107866,0.108954
0.2653,91.6071,0.109502,0.108721
0.2653,92.6786,0.111030,0.108255
0.2653,93.7500,0.112765,0.108274
0.2653,94.8214,0.114985,0.107575
0.2653,95.8929,0.117257,0.105840
0.2653,96.9643,0.120211,0.102380
0.2653,98.0357,0.122966,0.098031
0.2653,99.1071,0.127113,0.093734
0.2653,100.1786,0.129016,0.090596
0.2653,101.2500,0.135432,0.089028
0.2653,102.3214,0.141524,0.089160
0.2653,103.3929,0.131888,0.090833
0.2653,104.4643,0.131565,0.094134
0.2653,105.5357,0.134986,0.099348
0.2653,106.6071,0.152588,0.107093
0.2653,107.6786,0.184000,0.118610
0.2653,108.7500,0.217458,0.135687
0.2653,109.8214,0.241956,0.161180
0.2653,110.8929,0.254811,0.197109
0.2653,111.9643,0.281716,0.244381
0.2653,113.0357,0.322670,0.303478
0.2653,114.1071,0.377511,0.374089
0.2653,115.1786,0.451242,0.448027
0.2653,116.2500,0.557070,0.502694
0.2653,117.3214,0.650898,0.527817
0.2653,118.3929,0.681672,0.534542
0.2653,119.4643,0.644078,0.527148
0.2653,120.5357,0.545432,0.496311
0.2653,121.6071,0.442152,0.440294
0.2653,122.6786,0.367980,0.377033
0.2653,123.7500,0.311390,0.319298
0.2653,124.8214,0.270000,0.267279
0.2653,125.8929,0.240609,0.218925
0.2653,126.9643,0.219288,0.177104
0.2653,128.0357,0.201311,0.143530
0.2653,129.1071,0.187607,0.118540
0.2653,130.1786,0.174821,0.100704
0.2653,131.2500,0.159420,0.089012
0.2653,132.3214,0.143711,0.081479
0.2653,133.3929,0.125166,0.076820
0.2653,134.4643,0.115269,0.073869
0.2653,135.5357,0.110303,0.072078
0.2653,136.6071,0.116650,0.071336
0.2653,137.6786,0.122394,0.071503
0.2653,138.7500,0.113264,0.072994
0.2653,139.8214,0.111019,0.075705
0.2653,140.8929,0.107904,0.079963
0.2653,141.9643,0.105290,0.084959
0.2653,143.0357,0.102880,0.090241
0.2653,144.1071,0.101176,0.094255
0.2653,145.1786,0.099657,0.097060
0.2653,146.2500,0.098503,0.098599
0.2653,147.3214,0.096639,0.099806
0.2653,148.3929,0.095482,0.100722
0.2653,149.4643,0.098051,0.101428
0.2653,150.5357,0.099900,0.101715
0.2653,151.6071,0.101042,0.101817
0.2653,152.6786,0.102374,0.101500
0.2653,153.7500,0.103721,0.101108
0.2653,154.8214,0.105328,0.100172
0.2653,155.8929,0.107308,0.098111
0.2653,156.9643,0.109802,0.094388
0.2653,158.0357,0.112048,0.089872
0.2653,159.1071,0.115741,0.085382
0.2653,160.1786,0.117637,0.081851
0.2653,161.2500,0.122932,0.079738
0.2653,162.3214,0.130268,0.079007
0.2653,163.3929,0.121661,0.079565
0.2653,164.4643,0.119244,0.081392
0.2653,165.5357,0.122880,0.084581
0.2653,166.6071,0.136154,0.089553
0.2653,167.6786,0.160264,0.097247
0.2653,168.7500,0.184883,0.108947
0.2653,169.8214,0.204146,0.126777
0.2653,170.8929,0.219564,0.152979
0.2653,171.9643,0.238739,0.189041
0.2653,173.0357,0.264615,0.234692
0.2653,174.1071,0.301023,0.289629
0.2653,175.1786,0.351408,0.353308
0.2653,176.2500,0.420064,0.426506
0.2653,177.3214,0.519707,0.500904
0.2653,178.3929,0.644825,0.550445
0.2653,179.4643,0.721080,0.568545
0.2653,180.5357,0.713552,0.568278
0.2653,181.6071,0.623178,0.544111
0.2653,182.6786,0.496846,0.487275
0.2653,183.7500,0.405142,0.411985
0.2653,184.8214,0.339889,0.341585
0.2653,185.8929,0.292433,0.280418
0.2653,186.9643,0.257873,0.227181
0.2653,188.0357,0.233475,0.182981
0.2653,189.1071,0.215121,0.148274
0.2653,190.1786,0.199808,0.123189
0.2653,191.2500,0.181460,0.106193
0.2653,192.3214,0.157861,0.094976
0.2653,193.3929,0.134560,0.087678
0.2653,194.4643,0.121717,0.082963
0.2653,195.5357,0.118028,0.079946
0.2653,196.6071,0.120811,0.078221
0.2653,197.6786,0.129226,0.077749
0.2653,198.7500,0.121866,0.078517
0.2653,199.8214,0.116644,0.080692
0.2653,200.8929,0.114628,0.084267
0.2653,201.9643,0.110970,0.088805
0.2653,203.0357,0.108768,0.093382
0.2653,204.1071,0.106214,0.097107
0.2653,205.1786,0.104239,0.099251
0.2653,206.2500,0.102682,0.100191
0.2653,207.3214,0.101300,0.100646
0.2653,208.3929,0.099920,0.101005
0.2653,209.4643,0.098906,0.100933
0.2653,210.5357,0.096930,0.100688
0.2653,211.6071,0.094619,0.100057
0.2653,212.6786,0.096250,0.099148
0.2653,213.7500,0.098046,0.097988
0.2653,214.8214,0.099196,0.096500
0.2653,215.8929,0.100805,0.093751
0.2653,216.9643,0.102462,0.089791
0.2653,218.0357,0.104921,0.084574
0.2653,219.1071,0.107600,0.079686
0.2653,220.1786,0.110624,0.075481
0.2653,221.2500,0.113116,0.072791
0.2653,222.3214,0.122112,0.071364
0.2653,223.3929,0.116303,0.071305
0.2653,224.4643,0.110189,0.072055
0.2653,225.5357,0.115268,0.073915
0.2653,226.6071,0.125174,0.077040
0.2653,227.6786,0.144148,0.081840
0.2653,228.7500,0.160299,0.089572
0.2653,229.8214,0.176011,0.101584
0.2653,230.8929,0.189006,0.119825
0.2653,231.9643,0.203468,0.145400
0.2653,233.0357,0.221551,0.179571
0.2653,234.1071,0.243430,0.222283
0.2653,235.1786,0.273803,0.271177
0.2653,236.2500,0.316301,0.323848
0.2653,237.3214,0.374173,0.381842
0.2653,238.3929,0.449450,0.443537
0.2653,239.4643,0.552269,0.494995
0.2653,240.5357,0.643131,0.521515
0.2653,241.6071,0.671101,0.526858
0.2653,242.6786,0.635341,0.518878
0.2653,243.7500,0.541839,0.492355
0.2653,244.8214,0.440542,0.437888
0.2653,245.8929,0.369914,0.366319
0.2653,246.9643,0.317049,0.297957
0.2653,248.0357,0.277207,0.240271
0.2653,249.1071,0.251348,0.193747
0.2653,250.1786,0.238437,0.158468
0.2653,251.2500,0.214421,0.133463
0.2653,252.3214,0.182206,0.116754
0.2653,253.3929,0.151024,0.105444
0.2653,254.4643,0.133874,0.097834
0.2653,255.5357,0.130432,0.092695
0.2653,256.6071,0.130798,0.089427
0.2653,257.6786,0.140412,0.087723
0.2653,258.7500,0.134324,0.087587
0.2653,259.8214,0.127986,0.089092
0.2653,260.8929,0.126138,0.092182
0.2653,261.9643,0.121997,0.096435
0.2653,263.0357,0.119092,0.100774
0.2653,264.1071,0.116036,0.104216
0.2653,265.1786,0.113674,0.105990
0.2653,266.2500,0.111345,0.106676
0.2653,267.3214,0.109557,0.106663
0.2653,268.3929,0.107963,0.107102
0.2653,269.4643,0.106255,0.107336
0.2653,270.5357,0.104582,0.104552
0.2653,271.6071,0.102485,0.104232
0.2653,272.6786,0.099303,0.103477
0.2653,273.7500,0.098661,0.101886
0.2653,274.8214,0.100631,0.100260
0.2653,275.8929,0.102158,0.097544
0.2653,276.9643,0.103231,0.093649
0.2653,278.0357,0.105179,0.088378
0.2653,279.1071,0.106865,0.083210
0.2653,280.1786,0.110429,0.078636
0.2653,281.2500,0.110647,0.075681
0.2653,282.3214,0.120368,0.073983
0.2653,283.3929,0.116397,0.073653
0.2653,284.4643,0.108354,0.074186
0.2653,285.5357,0.114186,0.075709
0.2653,286.6071,0.123668,0.078429
0.2653,287.6786,0.142375,0.082790
0.2653,288.7500,0.157292,0.089924
0.2653,289.8214,0.172848,0.101077
0.2653,290.8929,0.185698,0.118284
0.2653,291.9643,0.199727,0.142712
0.2653,293.0357,0.217777,0.175602
0.2653,294.1071,0.240713,0.216925
0.2653,295.1786,0.271549,0.264693
0.2653,296.2500,0.313613,0.316867
0.2653,297.3214,0.372337,0.376692
0.2653,298.3929,0.451551,0.457090
0.2653,299.4643,0.588914,0.582262
0.2653,300.5357,0.791953,0.685430
0.2653,301.6071,0.903111,0.706827
0.2653,302.6786,0.830060,0.688727
0.2653,303.7500,0.639098,0.617587
0.2653,304.8214,0.460395,0.485670
0.2653,305.8929,0.383656,0.378032
0.2653,306.9643,0.326563,0.303113
0.2653,308.0357,0.285665,0.243867
0.2653,309.1071,0.257927,0.196480
0.2653,310.1786,0.241914,0.160700
0.2653,311.2500,0.216851,0.135479
0.2653,312.3214,0.183532,0.118893
0.2653,313.3929,0.152294,0.107830
0.2653,314.4643,0.134698,0.100529
0.2653,315.5357,0.130587,0.095743
0.2653,316.6071,0.131489,0.092694
0.2653,317.6786,0.140264,0.091333
0.2653,318.7500,0.132693,0.091337
0.2653,319.8214,0.126448,0.093013
0.2653,320.8929,0.124728,0.096141
0.2653,321.9643,0.120712,0.100382
0.2653,323.0357,0.118294,0.104517
0.2653,324.1071,0.115780,0.107612
0.2653,325.1786,0.113816,0.109202
0.2653,326.2500,0.112142,0.109730
0.2653,327.3214,0.111017,0.110001
0.2653,328.3929,0.109731,0.110219
0.2653,329.4643,0.108678,0.110081
0.2653,330.5357,0.106830,0.109791
0.2653,331.6071,0.104269,0.109153
0.2653,332.6786,0.105257,0.108254
0.2653,333.7500,0.107252,0.107202
0.2653,334.8214,0.108461,0.106013
0.2653,335.8929,0.109782,0.103635
0.2653,336.9643,0.111472,0.099757
0.2653,338.0357,0.113698,0.094635
0.2653,339.1071,0.116488,0.089488
0.2653,340.1786,0.119070,0.085221
0.2653,341.2500,0.122913,0.082502
0.2653,342.3214,0.132572,0.081292
0.2653,343.3929,0.125191,0.081485
0.2653,344.4643,0.119509,0.082961
0.2653,345.5357,0.124265,0.085709
0.2653,346.6071,0.136456,0.090050
0.2653,347.6786,0.159437,0.096897
0.2653,348.7500,0.181788,0.107688
0.2653,349.8214,0.199281,0.124066
0.2653,350.8929,0.214164,0.148698
0.2653,351.9643,0.232193,0.183021
0.2653,353.0357,0.257497,0.227007
0.2653,354.1071,0.291573,0.279624
0.2653,355.1786,0.339172,0.339555
0.2653,356.2500,0.405355,0.411292
0.2653,357.3214,0.499837,0.507723
0.2653,358.3929,0.660734,0.594264
0.2653,359.4643,0.786323,0.632397
